appointment_id,created_date,scheduled_date,show_date,dealership_id,lead_id,customer_id,salesperson_id,bdc_employee_id,vehicle_model_id,sale_id,appointment_count,is_confirmed,is_cancelled_in_advance,is_shown,is_test_drive,is_write_up,is_sold,minutes_early_or_late,source_system
APT-00000001,2025-07-01,2025-07-01,,GSA-003,LED-000000001,CUS-00000593,EMP-00027,,,,1,false,true,false,false,false,false,,arpi_synthetic_generator
APT-00000002,2025-07-01,2025-07-01,,GSA-002,LED-000000005,CUS-00002397,EMP-00015,EMP-00019,VMD-00110,,1,false,false,false,false,false,false,,arpi_synthetic_generator
APT-00000003,2025-07-01,2025-07-01,,GSA-002,LED-000000005,CUS-00002397,EMP-00013,EMP-00019,VMD-00110,,1,false,false,false,false,false,false,,arpi_synthetic_generator
APT-00000004,2025-07-01,2025-07-02,2025-07-02,GSA-001,LED-000000006,CUS-00000027,EMP-00006,EMP-00011,VMD-00104,SLE-00000017,1,true,false,true,true,true,true,9,arpi_synthetic_generator
APT-00000005,2025-07-01,2025-07-01,,GSA-002,LED-000000022,CUS-00002013,EMP-00018,EMP-00019,VMD-00025,,1,true,true,false,false,false,false,,arpi_synthetic_generator
APT-00000006,2025-07-01,2025-07-05,,GSA-001,LED-000000023,CUS-00001117,EMP-00006,EMP-00011,VMD-00104,,1,true,false,false,false,false,false,,arpi_synthetic_generator
APT-00000007,2025-07-01,2025-07-01,2025-07-01,GSA-001,LED-000000039,CUS-00001966,EMP-00004,EMP-00011,,,1,true,false,true,true,true,false,22,arpi_synthetic_generator
APT-00000008,2025-07-01,2025-07-02,2025-07-02,GSA-003,LED-000000042,CUS-00000156,EMP-00026,,VMD-00053,SLE-00000044,1,true,false,true,true,true,true,13,arpi_synthetic_generator
APT-00000009,2025-07-02,2025-07-08,,GSA-001,LED-000000003,,EMP-00002,EMP-00011,VMD-00046,,1,true,false,false,false,false,false,,arpi_synthetic_generator
APT-00000010,2025-07-02,2025-07-03,,GSA-001,LED-000000007,CUS-00000138,EMP-00010,EMP-00011,VMD-00001,,1,false,false,false,false,false,false,,arpi_synthetic_generator
APT-00000011,2025-07-02,2025-07-06,2025-07-06,GSA-002,LED-000000009,CUS-00000833,EMP-00018,EMP-00019,VMD-00119,SLE-00000232,1,true,false,true,true,true,true,6,arpi_synthetic_generator
APT-00000012,2025-07-02,2025-07-08,,GSA-002,LED-000000016,CUS-00002397,EMP-00022,EMP-00019,VMD-00023,,1,false,false,false,false,false,false,,arpi_synthetic_generator
APT-00000013,2025-07-02,2025-07-02,2025-07-02,GSA-002,LED-000000052,CUS-00001496,EMP-00022,EMP-00019,VMD-00056,SLE-00000005,1,true,false,true,false,true,true,11,arpi_synthetic_generator
APT-00000014,2025-07-02,2025-07-04,2025-07-04,GSA-001,LED-000000058,CUS-00000076,EMP-00004,EMP-00011,VMD-00062,,1,true,false,true,true,true,false,16,arpi_synthetic_generator
APT-00000015,2025-07-02,2025-07-03,,GSA-001,LED-000000059,CUS-00002282,EMP-00006,EMP-00011,VMD-00103,,1,true,false,false,false,false,false,,arpi_synthetic_generator
APT-00000016,2025-07-02,2025-07-04,,GSA-003,LED-000000078,CUS-00002155,EMP-00030,,,,1,false,false,false,false,false,false,,arpi_synthetic_generator
APT-00000017,2025-07-02,2025-07-02,,GSA-001,LED-000000092,CUS-00000819,EMP-00010,EMP-00011,VMD-00050,,1,false,false,false,false,false,false,,arpi_synthetic_generator
APT-00000018,2025-07-03,2025-07-03,2025-07-03,GSA-002,LED-000000022,CUS-00002013,EMP-00016,EMP-00019,VMD-00025,,1,false,false,true,false,true,false,26,arpi_synthetic_generator
APT-00000019,2025-07-03,2025-07-03,,GSA-001,LED-000000096,CUS-00001006,EMP-00003,EMP-00011,VMD-00116,,1,false,false,false,false,false,false,,arpi_synthetic_generator
APT-00000020,2025-07-03,2025-07-03,2025-07-03,GSA-001,LED-000000096,CUS-00001006,EMP-00006,EMP-00011,VMD-00116,SLE-00000012,1,true,false,true,true,true,true,18,arpi_synthetic_generator
APT-00000021,2025-07-03,2025-07-03,2025-07-03,GSA-003,LED-000000099,CUS-00002217,EMP-00029,,VMD-00038,SLE-00000151,1,true,false,true,false,true,true,-13,arpi_synthetic_generator
APT-00000022,2025-07-03,2025-07-04,2025-07-04,GSA-001,LED-000000113,CUS-00000506,EMP-00001,EMP-00011,,,1,true,false,true,true,true,false,-23,arpi_synthetic_generator
APT-00000023,2025-07-03,2025-07-06,,GSA-001,LED-000000114,,EMP-00012,EMP-00011,VMD-00104,,1,false,false,false,false,false,false,,arpi_synthetic_generator
APT-00000024,2025-07-03,2025-07-05,2025-07-05,GSA-003,LED-000000120,CUS-00000781,EMP-00025,,VMD-00053,SLE-00000014,1,true,false,true,false,true,true,22,arpi_synthetic_generator
APT-00000025,2025-07-03,2025-07-04,2025-07-04,GSA-003,LED-000000122,CUS-00000331,EMP-00030,,VMD-00091,,1,true,false,true,false,false,false,24,arpi_synthetic_generator
APT-00000026,2025-07-03,2025-07-03,2025-07-03,GSA-002,LED-000000127,CUS-00000737,EMP-00022,EMP-00019,VMD-00118,SLE-00000011,1,true,false,true,false,true,true,-10,arpi_synthetic_generator
APT-00000027,2025-07-04,2025-07-04,2025-07-04,GSA-003,LED-000000019,CUS-00000703,EMP-00024,,VMD-00088,SLE-00000112,1,true,false,true,true,true,true,-26,arpi_synthetic_generator
APT-00000028,2025-07-04,2025-07-07,2025-07-07,GSA-002,LED-000000029,CUS-00000978,EMP-00022,EMP-00019,VMD-00032,SLE-00000020,1,true,false,true,true,true,true,2,arpi_synthetic_generator
APT-00000029,2025-07-04,2025-07-07,,GSA-002,LED-000000040,CUS-00001593,EMP-00013,EMP-00019,,,1,false,true,false,false,false,false,,arpi_synthetic_generator
APT-00000030,2025-07-04,2025-07-05,,GSA-002,LED-000000090,CUS-00000081,EMP-00013,EMP-00019,VMD-00047,,1,true,false,false,false,false,false,,arpi_synthetic_generator
APT-00000031,2025-07-04,2025-07-07,2025-07-07,GSA-002,LED-000000105,CUS-00001459,EMP-00018,EMP-00019,VMD-00070,,1,true,false,true,false,true,false,17,arpi_synthetic_generator
APT-00000032,2025-07-04,2025-07-04,2025-07-04,GSA-003,LED-000000109,CUS-00001443,EMP-00030,,VMD-00061,,1,false,false,true,true,true,false,10,arpi_synthetic_generator
APT-00000033,2025-07-04,2025-07-04,2025-07-04,GSA-001,LED-000000115,,EMP-00003,EMP-00011,VMD-00009,,1,true,false,true,false,true,false,25,arpi_synthetic_generator
APT-00000034,2025-07-04,2025-07-06,2025-07-06,GSA-001,LED-000000126,CUS-00002493,EMP-00004,EMP-00011,VMD-00112,SLE-00000270,1,true,false,true,true,true,true,16,arpi_synthetic_generator
APT-00000035,2025-07-04,2025-07-04,,GSA-003,LED-000000135,CUS-00002008,EMP-00026,,VMD-00041,,1,true,false,false,false,false,false,,arpi_synthetic_generator
APT-00000036,2025-07-04,2025-07-06,,GSA-002,LED-000000137,CUS-00001247,EMP-00014,EMP-00019,,,1,true,false,false,false,false,false,,arpi_synthetic_generator
APT-00000037,2025-07-04,2025-07-04,2025-07-04,GSA-001,LED-000000143,CUS-00000710,EMP-00010,EMP-00011,VMD-00005,SLE-00000029,1,true,false,true,true,true,true,20,arpi_synthetic_generator
APT-00000038,2025-07-04,2025-07-04,2025-07-04,GSA-003,LED-000000148,CUS-00000043,EMP-00024,,,,1,true,false,true,true,true,false,2,arpi_synthetic_generator
APT-00000039,2025-07-05,2025-07-05,,GSA-001,LED-000000066,CUS-00001944,EMP-00006,EMP-00011,VMD-00009,,1,true,false,false,false,false,false,,arpi_synthetic_generator
APT-00000040,2025-07-05,2025-07-05,,GSA-001,LED-000000066,CUS-00001944,EMP-00001,EMP-00011,VMD-00009,,1,true,false,false,false,false,false,,arpi_synthetic_generator
APT-00000041,2025-07-05,2025-07-05,,GSA-001,LED-000000066,CUS-00001944,EMP-00001,EMP-00011,VMD-00009,,1,true,true,false,false,false,false,,arpi_synthetic_generator
APT-00000042,2025-07-05,2025-07-06,2025-07-06,GSA-001,LED-000000068,CUS-00000637,EMP-00002,EMP-00011,VMD-00089,SLE-00000180,1,true,false,true,true,true,true,32,arpi_synthetic_generator
APT-00000043,2025-07-05,2025-07-06,,GSA-003,LED-000000078,CUS-00002155,EMP-00030,,,,1,true,false,false,false,false,false,,arpi_synthetic_generator
APT-00000044,2025-07-05,2025-07-05,2025-07-05,GSA-001,LED-000000084,CUS-00001607,EMP-00001,EMP-00011,VMD-00096,,1,true,false,true,true,false,false,27,arpi_synthetic_generator
APT-00000045,2025-07-05,2025-07-09,,GSA-002,LED-000000116,CUS-00002011,EMP-00015,EMP-00019,VMD-00096,,1,true,false,false,false,false,false,,arpi_synthetic_generator
APT-00000046,2025-07-05,2025-07-07,2025-07-07,GSA-002,LED-000000131,CUS-00002155,EMP-00022,EMP-00019,VMD-00048,,1,true,false,true,true,true,false,20,arpi_synthetic_generator
APT-00000047,2025-07-05,2025-07-05,2025-07-05,GSA-001,LED-000000162,CUS-00001703,EMP-00002,EMP-00011,VMD-00028,SLE-00000023,1,true,false,true,true,true,true,35,arpi_synthetic_generator
APT-00000048,2025-07-05,2025-07-06,2025-07-06,GSA-001,LED-000000164,CUS-00001016,EMP-00001,EMP-00011,VMD-00050,SLE-00000037,1,true,false,true,true,true,true,13,arpi_synthetic_generator
APT-00000049,2025-07-06,2025-07-06,,GSA-001,LED-000000023,CUS-00001117,EMP-00010,EMP-00011,VMD-00104,,1,false,false,false,false,false,false,,arpi_synthetic_generator
APT-00000050,2025-07-06,2025-07-06,,GSA-002,LED-000000090,CUS-00000081,EMP-00015,EMP-00019,VMD-00047,,1,true,false,false,false,false,false,,arpi_synthetic_generator
APT-00000051,2025-07-06,2025-07-08,2025-07-08,GSA-001,LED-000000117,CUS-00002443,EMP-00003,EMP-00011,VMD-00104,SLE-00000382,1,true,false,true,false,true,true,-34,arpi_synthetic_generator
APT-00000052,2025-07-06,2025-07-06,,GSA-001,LED-000000149,CUS-00001717,EMP-00012,EMP-00011,VMD-00009,,1,false,false,false,false,false,false,,arpi_synthetic_generator
APT-00000053,2025-07-06,2025-07-07,,GSA-001,LED-000000181,CUS-00001190,EMP-00002,EMP-00011,VMD-00079,,1,true,true,false,false,false,false,,arpi_synthetic_generator
APT-00000054,2025-07-07,2025-07-08,,GSA-001,LED-000000049,CUS-00001258,EMP-00010,EMP-00011,VMD-00036,,1,false,true,false,false,false,false,,arpi_synthetic_generator
APT-00000055,2025-07-07,2025-07-07,2025-07-07,GSA-001,LED-000000088,,EMP-00006,EMP-00011,VMD-00051,,1,true,false,true,true,true,false,-10,arpi_synthetic_generator
APT-00000056,2025-07-07,2025-07-09,,GSA-001,LED-000000136,,EMP-00006,EMP-00011,VMD-00108,,1,true,true,false,false,false,false,,arpi_synthetic_generator
APT-00000057,2025-07-07,2025-07-07,,GSA-001,LED-000000140,CUS-00002080,EMP-00001,EMP-00011,VMD-00072,,1,true,false,false,false,false,false,,arpi_synthetic_generator
APT-00000058,2025-07-07,2025-07-10,,GSA-001,LED-000000149,CUS-00001717,EMP-00006,EMP-00011,VMD-00009,,1,false,true,false,false,false,false,,arpi_synthetic_generator
APT-00000059,2025-07-07,2025-07-07,,GSA-001,LED-000000181,CUS-00001190,EMP-00006,EMP-00011,VMD-00079,,1,true,false,false,false,false,false,,arpi_synthetic_generator
APT-00000060,2025-07-07,2025-07-07,2025-07-07,GSA-001,LED-000000181,CUS-00001190,EMP-00001,EMP-00011,VMD-00079,SLE-00000018,1,true,false,true,true,true,true,-8,arpi_synthetic_generator
APT-00000061,2025-07-07,2025-07-16,2025-07-16,GSA-002,LED-000000184,CUS-00001070,EMP-00022,EMP-00019,,,1,true,false,true,true,true,false,3,arpi_synthetic_generator
APT-00000062,2025-07-07,2025-07-07,2025-07-07,GSA-003,LED-000000198,CUS-00000729,EMP-00026,,VMD-00041,SLE-00000170,1,true,false,true,true,true,true,11,arpi_synthetic_generator
APT-00000063,2025-07-07,2025-07-07,2025-07-07,GSA-002,LED-000000201,CUS-00001510,EMP-00015,EMP-00019,VMD-00120,SLE-00000079,1,true,false,true,false,true,true,25,arpi_synthetic_generator
APT-00000064,2025-07-07,2025-07-13,2025-07-13,GSA-003,LED-000000205,CUS-00002236,EMP-00025,,VMD-00064,SLE-00000041,1,true,false,true,true,true,true,4,arpi_synthetic_generator
APT-00000065,2025-07-07,2025-07-07,,GSA-001,LED-000000209,CUS-00002479,EMP-00003,EMP-00011,,,1,false,true,false,false,false,false,,arpi_synthetic_generator
APT-00000066,2025-07-07,2025-07-10,,GSA-001,LED-000000210,CUS-00002136,EMP-00006,EMP-00011,VMD-00098,,1,false,false,false,false,false,false,,arpi_synthetic_generator
APT-00000067,2025-07-07,2025-07-08,2025-07-08,GSA-001,LED-000000212,CUS-00000397,EMP-00001,EMP-00011,VMD-00103,,1,true,false,true,false,true,false,36,arpi_synthetic_generator
APT-00000068,2025-07-08,2025-07-12,2025-07-12,GSA-001,LED-000000023,CUS-00001117,EMP-00003,EMP-00011,VMD-00104,SLE-00000049,1,true,false,true,false,true,true,5,arpi_synthetic_generator
APT-00000069,2025-07-08,2025-07-08,2025-07-08,GSA-003,LED-000000102,CUS-00000506,EMP-00030,,VMD-00007,,1,true,false,true,false,false,false,4,arpi_synthetic_generator
APT-00000070,2025-07-08,2025-07-09,,GSA-001,LED-000000157,CUS-00001648,EMP-00001,EMP-00011,VMD-00044,,1,false,true,false,false,false,false,,arpi_synthetic_generator
APT-00000071,2025-07-08,2025-07-09,2025-07-09,GSA-002,LED-000000182,CUS-00001459,EMP-00020,EMP-00019,VMD-00118,SLE-00000171,1,true,false,true,true,true,true,-3,arpi_synthetic_generator
APT-00000072,2025-07-08,2025-07-12,,GSA-002,LED-000000190,CUS-00000026,EMP-00020,EMP-00019,VMD-00110,,1,false,true,false,false,false,false,,arpi_synthetic_generator
APT-00000073,2025-07-08,2025-07-08,,GSA-001,LED-000000192,CUS-00000070,EMP-00007,EMP-00011,VMD-00113,,1,true,true,false,false,false,false,,arpi_synthetic_generator
APT-00000074,2025-07-08,2025-07-10,,GSA-003,LED-000000221,CUS-00001889,EMP-00030,,,,1,false,true,false,false,false,false,,arpi_synthetic_generator
APT-00000075,2025-07-08,2025-07-08,2025-07-08,GSA-003,LED-000000239,CUS-00000446,EMP-00024,,VMD-00093,,1,true,false,true,false,true,false,5,arpi_synthetic_generator
APT-00000076,2025-07-08,2025-07-08,2025-07-08,GSA-001,LED-000000247,CUS-00000156,EMP-00003,EMP-00011,VMD-00090,SLE-00000039,1,true,false,true,true,true,true,29,arpi_synthetic_generator
APT-00000077,2025-07-08,2025-07-09,2025-07-09,GSA-003,LED-000000252,CUS-00000459,EMP-00030,,,,1,false,false,true,true,false,false,-8,arpi_synthetic_generator
APT-00000078,2025-07-09,2025-07-10,,GSA-002,LED-000000090,CUS-00000081,EMP-00018,EMP-00019,VMD-00047,,1,false,true,false,false,false,false,,arpi_synthetic_generator
APT-00000079,2025-07-09,2025-07-10,,GSA-001,LED-000000114,,EMP-00002,EMP-00011,VMD-00104,,1,true,true,false,false,false,false,,arpi_synthetic_generator
APT-00000080,2025-07-09,2025-07-12,,GSA-003,LED-000000215,,EMP-00025,,VMD-00066,,1,true,false,false,false,false,false,,arpi_synthetic_generator
APT-00000081,2025-07-09,2025-07-11,2025-07-11,GSA-002,LED-000000233,CUS-00002257,EMP-00018,EMP-00019,VMD-00074,SLE-00000031,1,true,false,true,true,true,true,4,arpi_synthetic_generator
APT-00000082,2025-07-09,2025-07-09,,GSA-002,LED-000000270,CUS-00000603,EMP-00020,EMP-00019,VMD-00021,,1,true,false,false,false,false,false,,arpi_synthetic_generator
APT-00000083,2025-07-09,2025-07-09,2025-07-09,GSA-002,LED-000000275,CUS-00000900,EMP-00020,EMP-00019,VMD-00046,SLE-00000133,1,true,false,true,true,true,true,2,arpi_synthetic_generator
APT-00000084,2025-07-09,2025-07-09,,GSA-001,LED-000000281,CUS-00000016,EMP-00003,EMP-00011,,,1,false,false,false,false,false,false,,arpi_synthetic_generator
APT-00000085,2025-07-10,2025-07-10,,GSA-002,LED-000000016,CUS-00002397,EMP-00022,EMP-00019,VMD-00023,,1,false,true,false,false,false,false,,arpi_synthetic_generator
APT-00000086,2025-07-10,2025-07-11,,GSA-001,LED-000000048,CUS-00002098,EMP-00004,EMP-00011,VMD-00062,,1,true,true,false,false,false,false,,arpi_synthetic_generator
APT-00000087,2025-07-10,2025-07-11,2025-07-11,GSA-001,LED-000000049,CUS-00001258,EMP-00007,EMP-00011,VMD-00036,SLE-00000056,1,true,false,true,true,true,true,18,arpi_synthetic_generator
APT-00000088,2025-07-10,2025-07-12,,GSA-002,LED-000000116,CUS-00002011,EMP-00018,EMP-00019,VMD-00096,,1,false,false,false,false,false,false,,arpi_synthetic_generator
APT-00000089,2025-07-10,2025-07-11,2025-07-11,GSA-002,LED-000000216,CUS-00002069,EMP-00016,EMP-00019,VMD-00098,SLE-00000034,1,true,false,true,true,true,true,-3,arpi_synthetic_generator
APT-00000090,2025-07-10,2025-07-11,2025-07-11,GSA-002,LED-000000232,CUS-00001385,EMP-00014,EMP-00019,VMD-00014,,1,true,false,true,true,true,false,13,arpi_synthetic_generator
APT-00000091,2025-07-10,2025-07-15,2025-07-15,GSA-001,LED-000000241,CUS-00000233,EMP-00012,EMP-00011,VMD-00090,SLE-00000047,1,false,false,true,true,true,true,28,arpi_synthetic_generator
APT-00000092,2025-07-10,2025-07-16,2025-07-16,GSA-002,LED-000000255,CUS-00000993,EMP-00014,EMP-00019,VMD-00110,SLE-00000161,1,false,false,true,true,true,true,18,arpi_synthetic_generator
APT-00000093,2025-07-10,2025-07-12,2025-07-12,GSA-003,LED-000000263,CUS-00000466,EMP-00030,,VMD-00111,SLE-00000070,1,true,false,true,false,true,true,8,arpi_synthetic_generator
APT-00000094,2025-07-10,2025-07-12,2025-07-12,GSA-002,LED-000000271,CUS-00002255,EMP-00013,EMP-00019,VMD-00047,,1,true,false,true,true,false,false,31,arpi_synthetic_generator
APT-00000095,2025-07-10,2025-07-11,,GSA-001,LED-000000278,CUS-00002051,EMP-00012,EMP-00011,VMD-00017,,1,true,false,false,false,false,false,,arpi_synthetic_generator
APT-00000096,2025-07-10,2025-07-12,2025-07-12,GSA-002,LED-000000292,CUS-00000863,EMP-00018,EMP-00019,VMD-00073,SLE-00000068,1,true,false,true,false,true,true,-13,arpi_synthetic_generator
APT-00000097,2025-07-10,2025-07-16,2025-07-16,GSA-002,LED-000000308,CUS-00000111,EMP-00022,EMP-00019,VMD-00110,SLE-00000052,1,true,false,true,true,true,true,18,arpi_synthetic_generator
APT-00000098,2025-07-11,2025-07-14,,GSA-001,LED-000000192,CUS-00000070,EMP-00012,EMP-00011,VMD-00113,,1,true,true,false,false,false,false,,arpi_synthetic_generator
APT-00000099,2025-07-11,2025-07-12,,GSA-001,LED-000000281,CUS-00000016,EMP-00006,EMP-00011,,,1,true,false,false,false,false,false,,arpi_synthetic_generator
APT-00000100,2025-07-11,2025-07-15,2025-07-15,GSA-002,LED-000000299,,EMP-00022,EMP-00019,,,1,true,false,true,false,false,false,15,arpi_synthetic_generator
APT-00000101,2025-07-11,2025-07-12,2025-07-12,GSA-001,LED-000000309,CUS-00000255,EMP-00002,EMP-00011,VMD-00115,,1,true,false,true,false,true,false,9,arpi_synthetic_generator
APT-00000102,2025-07-11,2025-07-14,,GSA-001,LED-000000318,CUS-00001730,EMP-00004,EMP-00011,VMD-00091,,1,true,false,false,false,false,false,,arpi_synthetic_generator
APT-00000103,2025-07-11,2025-07-17,,GSA-002,LED-000000326,CUS-00000271,EMP-00022,EMP-00019,VMD-00119,,1,false,false,false,false,false,false,,arpi_synthetic_generator
APT-00000104,2025-07-11,2025-07-11,,GSA-001,LED-000000332,CUS-00002283,EMP-00004,EMP-00011,VMD-00111,,1,true,true,false,false,false,false,,arpi_synthetic_generator
APT-00000105,2025-07-11,2025-07-15,2025-07-15,GSA-001,LED-000000333,CUS-00000670,EMP-00010,EMP-00011,VMD-00092,,1,true,false,true,true,false,false,7,arpi_synthetic_generator
APT-00000106,2025-07-11,2025-07-17,2025-07-17,GSA-001,LED-000000337,,EMP-00001,EMP-00011,VMD-00092,,1,true,false,true,true,true,false,14,arpi_synthetic_generator
APT-00000107,2025-07-12,2025-07-13,,GSA-001,LED-000000048,CUS-00002098,EMP-00003,EMP-00011,VMD-00062,,1,true,true,false,false,false,false,,arpi_synthetic_generator
APT-00000108,2025-07-12,2025-07-13,,GSA-003,LED-000000130,CUS-00001121,EMP-00025,,VMD-00057,,1,false,false,false,false,false,false,,arpi_synthetic_generator
APT-00000109,2025-07-12,2025-07-12,2025-07-12,GSA-003,LED-000000145,CUS-00002261,EMP-00027,,VMD-00091,SLE-00000035,1,true,false,true,false,true,true,-5,arpi_synthetic_generator
APT-00000110,2025-07-12,2025-07-18,2025-07-18,GSA-001,LED-000000210,CUS-00002136,EMP-00002,EMP-00011,VMD-00098,SLE-00000348,1,true,false,true,true,true,true,-9,arpi_synthetic_generator
APT-00000111,2025-07-12,2025-07-16,,GSA-003,LED-000000214,CUS-00000432,EMP-00029,,VMD-00042,,1,true,false,false,false,false,false,,arpi_synthetic_generator
APT-00000112,2025-07-12,2025-07-13,2025-07-13,GSA-003,LED-000000266,CUS-00002351,EMP-00026,,VMD-00002,SLE-00000285,1,true,false,true,false,true,true,-11,arpi_synthetic_generator
APT-00000113,2025-07-12,2025-07-13,,GSA-003,LED-000000315,CUS-00000621,EMP-00030,,VMD-00053,,1,true,true,false,false,false,false,,arpi_synthetic_generator
APT-00000114,2025-07-12,2025-07-13,,GSA-002,LED-000000316,CUS-00002397,EMP-00022,EMP-00019,VMD-00109,,1,false,false,false,false,false,false,,arpi_synthetic_generator
APT-00000115,2025-07-12,2025-07-13,2025-07-13,GSA-002,LED-000000345,CUS-00002116,EMP-00022,EMP-00019,VMD-00067,,1,true,false,true,false,true,false,13,arpi_synthetic_generator
APT-00000116,2025-07-12,2025-07-12,2025-07-12,GSA-002,LED-000000358,CUS-00001434,EMP-00013,EMP-00019,VMD-00042,,1,true,false,true,false,false,false,-6,arpi_synthetic_generator
APT-00000117,2025-07-13,2025-07-13,,GSA-002,LED-000000116,CUS-00002011,EMP-00014,EMP-00019,VMD-00096,,1,false,false,false,false,false,false,,arpi_synthetic_generator
APT-00000118,2025-07-13,2025-07-14,,GSA-003,LED-000000215,,EMP-00026,,VMD-00066,,1,false,false,false,false,false,false,,arpi_synthetic_generator
APT-00000119,2025-07-13,2025-07-14,,GSA-001,LED-000000380,CUS-00002256,EMP-00010,EMP-00011,VMD-00062,,1,true,false,false,false,false,false,,arpi_synthetic_generator
APT-00000120,2025-07-13,2025-07-16,2025-07-16,GSA-003,LED-000000381,,EMP-00027,,,,1,true,false,true,false,false,false,35,arpi_synthetic_generator
APT-00000121,2025-07-13,2025-07-13,2025-07-13,GSA-003,LED-000000384,CUS-00001801,EMP-00029,,VMD-00023,SLE-00000043,1,true,false,true,true,true,true,21,arpi_synthetic_generator
APT-00000122,2025-07-13,2025-07-14,,GSA-003,LED-000000385,CUS-00000466,EMP-00024,,VMD-00035,,1,true,true,false,false,false,false,,arpi_synthetic_generator
APT-00000123,2025-07-14,2025-07-14,,GSA-001,LED-000000048,CUS-00002098,EMP-00003,EMP-00011,VMD-00062,,1,false,true,false,false,false,false,,arpi_synthetic_generator
APT-00000124,2025-07-14,2025-07-14,2025-07-14,GSA-002,LED-000000190,CUS-00000026,EMP-00014,EMP-00019,VMD-00110,,1,true,false,true,true,false,false,11,arpi_synthetic_generator
APT-00000125,2025-07-14,2025-07-15,2025-07-15,GSA-002,LED-000000406,CUS-00001837,EMP-00013,EMP-00019,VMD-00109,SLE-00000060,1,true,false,true,true,true,true,9,arpi_synthetic_generator
APT-00000126,2025-07-14,2025-07-15,,GSA-002,LED-000000407,CUS-00001261,EMP-00013,EMP-00019,VMD-00109,,1,false,true,false,false,false,false,,arpi_synthetic_generator
APT-00000127,2025-07-14,2025-07-14,2025-07-14,GSA-001,LED-000000412,CUS-00001532,EMP-00006,EMP-00011,VMD-00089,SLE-00000251,1,true,false,true,true,true,true,-2,arpi_synthetic_generator
APT-00000128,2025-07-14,2025-07-16,,GSA-001,LED-000000415,CUS-00000216,EMP-00006,EMP-00011,VMD-00104,,1,false,true,false,false,false,false,,arpi_synthetic_generator
APT-00000129,2025-07-14,2025-07-14,,GSA-001,LED-000000423,CUS-00002426,EMP-00010,EMP-00011,VMD-00113,,1,true,true,false,false,false,false,,arpi_synthetic_generator
APT-00000130,2025-07-14,2025-07-16,,GSA-001,LED-000000424,CUS-00001117,EMP-00010,EMP-00011,VMD-00103,,1,true,false,false,false,false,false,,arpi_synthetic_generator
APT-00000131,2025-07-14,2025-07-14,2025-07-14,GSA-001,LED-000000426,CUS-00002008,EMP-00006,EMP-00011,VMD-00081,,1,true,false,true,false,false,false,-37,arpi_synthetic_generator
APT-00000132,2025-07-14,2025-07-14,,GSA-003,LED-000000434,CUS-00001109,EMP-00027,,VMD-00045,,1,false,true,false,false,false,false,,arpi_synthetic_generator
APT-00000133,2025-07-14,2025-07-14,2025-07-14,GSA-002,LED-000000435,CUS-00001180,EMP-00013,EMP-00019,VMD-00024,SLE-00000038,1,true,false,true,false,true,true,6,arpi_synthetic_generator
APT-00000134,2025-07-14,2025-07-15,2025-07-15,GSA-003,LED-000000437,CUS-00000719,EMP-00027,,VMD-00113,,1,true,false,true,false,true,false,23,arpi_synthetic_generator
APT-00000135,2025-07-15,2025-07-19,,GSA-001,LED-000000149,CUS-00001717,EMP-00001,EMP-00011,VMD-00009,,1,false,false,false,false,false,false,,arpi_synthetic_generator
APT-00000136,2025-07-15,2025-07-18,2025-07-18,GSA-001,LED-000000192,CUS-00000070,EMP-00003,EMP-00011,VMD-00113,,1,true,false,true,true,true,false,10,arpi_synthetic_generator
APT-00000137,2025-07-15,2025-07-15,,GSA-003,LED-000000222,CUS-00001750,EMP-00025,,VMD-00044,,1,false,true,false,false,false,false,,arpi_synthetic_generator
APT-00000138,2025-07-15,2025-07-16,2025-07-16,GSA-001,LED-000000281,CUS-00000016,EMP-00001,EMP-00011,,,1,true,false,true,false,true,false,-2,arpi_synthetic_generator
APT-00000139,2025-07-15,2025-07-15,2025-07-15,GSA-002,LED-000000344,CUS-00002075,EMP-00015,EMP-00019,,,1,true,false,true,true,true,false,-16,arpi_synthetic_generator
APT-00000140,2025-07-15,2025-07-17,,GSA-001,LED-000000350,CUS-00000668,EMP-00002,EMP-00011,VMD-00088,,1,false,false,false,false,false,false,,arpi_synthetic_generator
APT-00000141,2025-07-15,2025-07-15,,GSA-001,LED-000000380,CUS-00002256,EMP-00002,EMP-00011,VMD-00062,,1,true,false,false,false,false,false,,arpi_synthetic_generator
APT-00000142,2025-07-15,2025-07-15,2025-07-15,GSA-002,LED-000000390,CUS-00001057,EMP-00014,EMP-00019,VMD-00104,,1,true,false,true,false,true,false,11,arpi_synthetic_generator
APT-00000143,2025-07-15,2025-07-15,2025-07-15,GSA-002,LED-000000393,CUS-00000532,EMP-00016,EMP-00019,VMD-00032,SLE-00000051,1,true,false,true,true,true,true,21,arpi_synthetic_generator
APT-00000144,2025-07-15,2025-07-15,,GSA-003,LED-000000405,CUS-00001981,EMP-00030,,,,1,true,true,false,false,false,false,,arpi_synthetic_generator
APT-00000145,2025-07-15,2025-07-16,,GSA-002,LED-000000413,CUS-00000831,EMP-00018,EMP-00019,VMD-00022,,1,false,false,false,false,false,false,,arpi_synthetic_generator
APT-00000146,2025-07-15,2025-07-16,2025-07-16,GSA-002,LED-000000421,CUS-00001995,EMP-00013,EMP-00019,VMD-00032,SLE-00000198,1,false,false,true,true,true,true,21,arpi_synthetic_generator
APT-00000147,2025-07-15,2025-07-15,2025-07-15,GSA-003,LED-000000434,CUS-00001109,EMP-00025,,VMD-00045,SLE-00000158,1,true,false,true,true,true,true,10,arpi_synthetic_generator
APT-00000148,2025-07-15,2025-07-19,,GSA-003,LED-000000438,CUS-00000441,EMP-00026,,VMD-00090,,1,true,false,false,false,false,false,,arpi_synthetic_generator
APT-00000149,2025-07-15,2025-07-16,,GSA-001,LED-000000463,CUS-00001572,EMP-00006,EMP-00011,VMD-00058,,1,true,false,false,false,false,false,,arpi_synthetic_generator
APT-00000150,2025-07-15,2025-07-16,2025-07-16,GSA-003,LED-000000467,CUS-00000155,EMP-00029,,VMD-00083,SLE-00000213,1,true,false,true,false,true,true,-16,arpi_synthetic_generator
APT-00000151,2025-07-16,2025-07-16,2025-07-16,GSA-003,LED-000000315,CUS-00000621,EMP-00025,,VMD-00053,,1,true,false,true,false,true,false,11,arpi_synthetic_generator
APT-00000152,2025-07-16,2025-07-22,,GSA-001,LED-000000380,CUS-00002256,EMP-00007,EMP-00011,VMD-00062,,1,false,false,false,false,false,false,,arpi_synthetic_generator
APT-00000153,2025-07-16,2025-07-16,,GSA-001,LED-000000423,CUS-00002426,EMP-00002,EMP-00011,VMD-00113,,1,true,false,false,false,false,false,,arpi_synthetic_generator
APT-00000154,2025-07-16,2025-07-16,,GSA-003,LED-000000428,CUS-00000753,EMP-00027,,VMD-00007,,1,false,true,false,false,false,false,,arpi_synthetic_generator
APT-00000155,2025-07-16,2025-07-16,,GSA-003,LED-000000428,CUS-00000753,EMP-00030,,VMD-00007,,1,true,false,false,false,false,false,,arpi_synthetic_generator
APT-00000156,2025-07-16,2025-07-16,2025-07-16,GSA-003,LED-000000428,CUS-00000753,EMP-00030,,VMD-00007,SLE-00000055,1,true,false,true,true,true,true,29,arpi_synthetic_generator
APT-00000157,2025-07-16,2025-07-17,,GSA-003,LED-000000453,CUS-00001116,EMP-00024,,VMD-00092,,1,false,true,false,false,false,false,,arpi_synthetic_generator
APT-00000158,2025-07-16,2025-07-19,,GSA-002,LED-000000456,CUS-00002381,EMP-00022,EMP-00019,VMD-00076,,1,true,false,false,false,false,false,,arpi_synthetic_generator
APT-00000159,2025-07-16,2025-07-17,2025-07-17,GSA-003,LED-000000461,,EMP-00024,,VMD-00086,,1,true,false,true,true,false,false,19,arpi_synthetic_generator
APT-00000160,2025-07-16,2025-07-19,2025-07-19,GSA-002,LED-000000466,CUS-00001039,EMP-00013,EMP-00019,VMD-00109,SLE-00000469,1,true,false,true,true,true,true,17,arpi_synthetic_generator
APT-00000161,2025-07-16,2025-07-17,2025-07-17,GSA-001,LED-000000479,CUS-00000867,EMP-00003,EMP-00011,VMD-00105,SLE-00000199,1,true,false,true,false,true,true,9,arpi_synthetic_generator
APT-00000162,2025-07-16,2025-07-17,,GSA-001,LED-000000485,CUS-00001758,EMP-00010,EMP-00011,VMD-00117,,1,false,false,false,false,false,false,,arpi_synthetic_generator
APT-00000163,2025-07-17,2025-07-18,,GSA-003,LED-000000222,CUS-00001750,EMP-00024,,VMD-00044,,1,true,true,false,false,false,false,,arpi_synthetic_generator
APT-00000164,2025-07-17,2025-07-19,2025-07-19,GSA-002,LED-000000357,CUS-00001811,EMP-00015,EMP-00019,VMD-00075,,1,true,false,true,false,false,false,-3,arpi_synthetic_generator
APT-00000165,2025-07-17,2025-07-17,,GSA-001,LED-000000419,CUS-00000949,EMP-00004,EMP-00011,VMD-00087,,1,false,false,false,false,false,false,,arpi_synthetic_generator
APT-00000166,2025-07-17,2025-07-17,,GSA-002,LED-000000425,,EMP-00022,EMP-00019,,,1,false,false,false,false,false,false,,arpi_synthetic_generator
APT-00000167,2025-07-17,2025-07-17,,GSA-002,LED-000000440,CUS-00000663,EMP-00015,EMP-00019,VMD-00003,,1,false,true,false,false,false,false,,arpi_synthetic_generator
APT-00000168,2025-07-17,2025-07-20,2025-07-20,GSA-002,LED-000000457,CUS-00000263,EMP-00016,EMP-00019,VMD-00069,,1,true,false,true,true,false,false,-11,arpi_synthetic_generator
APT-00000169,2025-07-17,2025-07-18,,GSA-001,LED-000000511,CUS-00002302,EMP-00012,EMP-00011,VMD-00111,,1,false,true,false,false,false,false,,arpi_synthetic_generator
APT-00000170,2025-07-17,2025-07-18,,GSA-003,LED-000000538,CUS-00001631,EMP-00026,,VMD-00034,,1,false,false,false,false,false,false,,arpi_synthetic_generator
APT-00000171,2025-07-18,2025-07-20,,GSA-002,LED-000000291,CUS-00000151,EMP-00015,EMP-00019,VMD-00055,,1,false,true,false,false,false,false,,arpi_synthetic_generator
APT-00000172,2025-07-18,2025-07-19,,GSA-002,LED-000000306,CUS-00000033,EMP-00022,EMP-00019,VMD-00091,,1,true,false,false,false,false,false,,arpi_synthetic_generator
APT-00000173,2025-07-18,2025-07-19,2025-07-19,GSA-003,LED-000000307,CUS-00001181,EMP-00025,,VMD-00103,SLE-00000225,1,true,false,true,false,true,true,16,arpi_synthetic_generator
APT-00000174,2025-07-18,2025-07-20,2025-07-20,GSA-001,LED-000000398,CUS-00000998,EMP-00006,EMP-00011,,,1,true,false,true,false,false,false,-6,arpi_synthetic_generator
APT-00000175,2025-07-18,2025-07-18,2025-07-18,GSA-001,LED-000000424,CUS-00001117,EMP-00003,EMP-00011,VMD-00103,SLE-00000377,1,true,false,true,true,true,true,33,arpi_synthetic_generator
APT-00000176,2025-07-18,2025-07-18,2025-07-18,GSA-002,LED-000000440,CUS-00000663,EMP-00016,EMP-00019,VMD-00003,,1,true,false,true,true,true,false,-10,arpi_synthetic_generator
APT-00000177,2025-07-18,2025-07-20,,GSA-002,LED-000000458,CUS-00000278,EMP-00016,EMP-00019,VMD-00023,,1,false,true,false,false,false,false,,arpi_synthetic_generator
APT-00000178,2025-07-18,2025-07-19,2025-07-19,GSA-001,LED-000000512,CUS-00000049,EMP-00006,EMP-00011,VMD-00103,SLE-00000139,1,true,false,true,true,true,true,7,arpi_synthetic_generator
APT-00000179,2025-07-18,2025-07-18,,GSA-002,LED-000000516,CUS-00000249,EMP-00013,EMP-00019,VMD-00038,,1,true,true,false,false,false,false,,arpi_synthetic_generator
APT-00000180,2025-07-18,2025-07-18,2025-07-18,GSA-002,LED-000000527,CUS-00000508,EMP-00016,EMP-00019,VMD-00110,SLE-00000062,1,true,false,true,true,true,true,-3,arpi_synthetic_generator
APT-00000181,2025-07-18,2025-07-18,,GSA-003,LED-000000534,CUS-00001016,EMP-00025,,VMD-00106,,1,true,false,false,false,false,false,,arpi_synthetic_generator
APT-00000182,2025-07-18,2025-07-21,,GSA-003,LED-000000536,CUS-00001450,EMP-00030,,VMD-00019,,1,true,true,false,false,false,false,,arpi_synthetic_generator
APT-00000183,2025-07-18,2025-07-20,,GSA-002,LED-000000550,,EMP-00013,EMP-00019,VMD-00033,,1,true,false,false,false,false,false,,arpi_synthetic_generator
APT-00000184,2025-07-18,2025-07-19,2025-07-19,GSA-002,LED-000000563,CUS-00000838,EMP-00013,EMP-00019,VMD-00056,SLE-00000121,1,true,false,true,true,true,true,19,arpi_synthetic_generator
APT-00000185,2025-07-18,2025-07-20,,GSA-002,LED-000000569,CUS-00002287,EMP-00013,EMP-00019,VMD-00024,,1,true,false,false,false,false,false,,arpi_synthetic_generator
APT-00000186,2025-07-19,2025-07-19,2025-07-19,GSA-001,LED-000000415,CUS-00000216,EMP-00006,EMP-00011,VMD-00104,SLE-00000119,1,true,false,true,true,true,true,0,arpi_synthetic_generator
APT-00000187,2025-07-19,2025-07-19,2025-07-19,GSA-001,LED-000000419,CUS-00000949,EMP-00010,EMP-00011,VMD-00087,SLE-00000069,1,true,false,true,true,true,true,16,arpi_synthetic_generator
APT-00000188,2025-07-19,2025-07-25,2025-07-25,GSA-001,LED-000000511,CUS-00002302,EMP-00006,EMP-00011,VMD-00111,SLE-00000108,1,true,false,true,false,true,true,20,arpi_synthetic_generator
APT-00000189,2025-07-19,2025-07-21,,GSA-003,LED-000000534,CUS-00001016,EMP-00026,,VMD-00106,,1,false,true,false,false,false,false,,arpi_synthetic_generator
APT-00000190,2025-07-19,2025-07-20,,GSA-002,LED-000000562,CUS-00000278,EMP-00018,EMP-00019,VMD-00107,,1,true,false,false,false,false,false,,arpi_synthetic_generator
APT-00000191,2025-07-19,2025-07-21,2025-07-21,GSA-001,LED-000000568,CUS-00001844,EMP-00012,EMP-00011,VMD-00081,SLE-00000124,1,true,false,true,false,true,true,21,arpi_synthetic_generator
APT-00000192,2025-07-19,2025-07-20,,GSA-001,LED-000000571,CUS-00001649,EMP-00006,EMP-00011,VMD-00024,,1,true,false,false,false,false,false,,arpi_synthetic_generator
APT-00000193,2025-07-19,2025-07-22,,GSA-002,LED-000000586,CUS-00002457,EMP-00022,EMP-00019,VMD-00118,,1,false,false,false,false,false,false,,arpi_synthetic_generator
APT-00000194,2025-07-19,2025-07-19,,GSA-002,LED-000000599,CUS-00002333,EMP-00013,EMP-00019,VMD-00073,,1,false,true,false,false,false,false,,arpi_synthetic_generator
APT-00000195,2025-07-19,2025-07-21,2025-07-21,GSA-001,LED-000000603,CUS-00000590,EMP-00006,EMP-00011,VMD-00090,SLE-00000279,1,true,false,true,false,true,true,-2,arpi_synthetic_generator
APT-00000196,2025-07-19,2025-07-20,,GSA-003,LED-000000604,CUS-00000507,EMP-00025,,VMD-00040,,1,false,false,false,false,false,false,,arpi_synthetic_generator
APT-00000197,2025-07-19,2025-07-20,,GSA-002,LED-000000608,CUS-00000951,EMP-00016,EMP-00019,,,1,true,false,false,false,false,false,,arpi_synthetic_generator
APT-00000198,2025-07-20,2025-07-21,,GSA-002,LED-000000326,CUS-00000271,EMP-00016,EMP-00019,VMD-00119,,1,false,false,false,false,false,false,,arpi_synthetic_generator
APT-00000199,2025-07-20,2025-07-29,2025-07-29,GSA-001,LED-000000369,CUS-00001149,EMP-00012,EMP-00011,VMD-00024,,1,true,false,true,true,true,false,2,arpi_synthetic_generator
APT-00000200,2025-07-20,2025-07-20,,GSA-003,LED-000000577,CUS-00000426,EMP-00030,,,,1,true,true,false,false,false,false,,arpi_synthetic_generator
APT-00000201,2025-07-20,2025-07-23,,GSA-002,LED-000000599,CUS-00002333,EMP-00014,EMP-00019,VMD-00073,,1,true,false,false,false,false,false,,arpi_synthetic_generator
APT-00000202,2025-07-20,2025-07-21,,GSA-002,LED-000000600,CUS-00001591,EMP-00013,EMP-00019,VMD-00007,,1,true,true,false,false,false,false,,arpi_synthetic_generator
APT-00000203,2025-07-20,2025-07-26,,GSA-002,LED-000000619,,EMP-00013,EMP-00019,VMD-00059,,1,false,false,false,false,false,false,,arpi_synthetic_generator
APT-00000204,2025-07-20,2025-07-21,,GSA-001,LED-000000629,CUS-00001661,EMP-00001,EMP-00011,VMD-00022,,1,true,false,false,false,false,false,,arpi_synthetic_generator
APT-00000205,2025-07-20,2025-07-21,,GSA-001,LED-000000649,CUS-00002216,EMP-00002,EMP-00011,VMD-00111,,1,false,true,false,false,false,false,,arpi_synthetic_generator
APT-00000206,2025-07-20,2025-07-21,,GSA-003,LED-000000650,CUS-00002395,EMP-00029,,VMD-00015,,1,true,true,false,false,false,false,,arpi_synthetic_generator
APT-00000207,2025-07-21,2025-07-22,2025-07-22,GSA-002,LED-000000291,CUS-00000151,EMP-00013,EMP-00019,VMD-00055,SLE-00000083,1,true,false,true,false,true,true,-1,arpi_synthetic_generator
APT-00000208,2025-07-21,2025-07-23,2025-07-23,GSA-003,LED-000000395,CUS-00000871,EMP-00027,,,,1,true,false,true,false,false,false,10,arpi_synthetic_generator
APT-00000209,2025-07-21,2025-07-21,,GSA-002,LED-000000413,CUS-00000831,EMP-00014,EMP-00019,VMD-00022,,1,false,false,false,false,false,false,,arpi_synthetic_generator
APT-00000210,2025-07-21,2025-07-22,2025-07-22,GSA-002,LED-000000456,CUS-00002381,EMP-00016,EMP-00019,VMD-00076,,1,true,false,true,true,true,false,5,arpi_synthetic_generator
APT-00000211,2025-07-21,2025-07-22,2025-07-22,GSA-002,LED-000000550,,EMP-00018,EMP-00019,VMD-00033,,1,true,false,true,true,true,false,-10,arpi_synthetic_generator
APT-00000212,2025-07-21,2025-07-21,2025-07-21,GSA-001,LED-000000601,CUS-00001674,EMP-00006,EMP-00011,VMD-00094,,1,true,false,true,false,true,false,4,arpi_synthetic_generator
APT-00000213,2025-07-21,2025-07-23,2025-07-23,GSA-003,LED-000000604,CUS-00000507,EMP-00029,,VMD-00040,SLE-00000088,1,true,false,true,true,true,true,10,arpi_synthetic_generator
APT-00000214,2025-07-21,2025-07-21,,GSA-001,LED-000000649,CUS-00002216,EMP-00001,EMP-00011,VMD-00111,,1,false,true,false,false,false,false,,arpi_synthetic_generator
APT-00000215,2025-07-21,2025-07-21,,GSA-002,LED-000000651,CUS-00001640,EMP-00014,EMP-00019,VMD-00029,,1,true,false,false,false,false,false,,arpi_synthetic_generator
APT-00000216,2025-07-21,2025-07-21,2025-07-21,GSA-003,LED-000000652,CUS-00001997,EMP-00029,,VMD-00006,,1,true,false,true,true,false,false,3,arpi_synthetic_generator
APT-00000217,2025-07-21,2025-07-22,,GSA-003,LED-000000679,CUS-00001460,EMP-00030,,VMD-00050,,1,true,false,false,false,false,false,,arpi_synthetic_generator
APT-00000218,2025-07-22,2025-07-22,2025-07-22,GSA-002,LED-000000404,CUS-00002498,EMP-00018,EMP-00019,VMD-00046,SLE-00000239,1,true,false,true,true,true,true,-23,arpi_synthetic_generator
APT-00000219,2025-07-22,2025-07-24,2025-07-24,GSA-002,LED-000000425,,EMP-00015,EMP-00019,,,1,true,false,true,false,true,false,17,arpi_synthetic_generator
APT-00000220,2025-07-22,2025-07-23,2025-07-23,GSA-001,LED-000000585,,EMP-00004,EMP-00011,VMD-00090,,1,true,false,true,true,true,false,5,arpi_synthetic_generator
APT-00000221,2025-07-22,2025-07-22,,GSA-002,LED-000000600,CUS-00001591,EMP-00015,EMP-00019,VMD-00007,,1,false,false,false,false,false,false,,arpi_synthetic_generator
APT-00000222,2025-07-22,2025-07-24,2025-07-24,GSA-002,LED-000000608,CUS-00000951,EMP-00014,EMP-00019,,,1,true,false,true,true,true,false,-15,arpi_synthetic_generator
APT-00000223,2025-07-22,2025-07-22,2025-07-22,GSA-002,LED-000000616,CUS-00000856,EMP-00014,EMP-00019,VMD-00047,SLE-00000077,1,false,false,true,true,true,true,5,arpi_synthetic_generator
APT-00000224,2025-07-22,2025-07-23,,GSA-001,LED-000000629,CUS-00001661,EMP-00012,EMP-00011,VMD-00022,,1,true,true,false,false,false,false,,arpi_synthetic_generator
APT-00000225,2025-07-22,2025-07-23,,GSA-003,LED-000000655,CUS-00001391,EMP-00026,,VMD-00028,,1,true,false,false,false,false,false,,arpi_synthetic_generator
APT-00000226,2025-07-22,2025-07-23,2025-07-23,GSA-003,LED-000000663,CUS-00002368,EMP-00030,,VMD-00047,SLE-00000132,1,true,false,true,false,true,true,31,arpi_synthetic_generator
APT-00000227,2025-07-22,2025-07-23,,GSA-002,LED-000000683,CUS-00000918,EMP-00016,EMP-00019,,,1,true,true,false,false,false,false,,arpi_synthetic_generator
APT-00000228,2025-07-22,2025-07-23,2025-07-23,GSA-002,LED-000000685,CUS-00002238,EMP-00013,EMP-00019,,,1,true,false,true,true,false,false,10,arpi_synthetic_generator
APT-00000229,2025-07-22,2025-07-23,2025-07-23,GSA-001,LED-000000714,CUS-00002381,EMP-00012,EMP-00011,VMD-00031,SLE-00000260,1,true,false,true,true,true,true,8,arpi_synthetic_generator
APT-00000230,2025-07-23,2025-07-24,,GSA-003,LED-000000560,,EMP-00030,,VMD-00065,,1,true,false,false,false,false,false,,arpi_synthetic_generator
APT-00000231,2025-07-23,2025-07-23,2025-07-23,GSA-002,LED-000000561,CUS-00001148,EMP-00022,EMP-00019,VMD-00057,,1,true,false,true,true,true,false,13,arpi_synthetic_generator
APT-00000232,2025-07-23,2025-07-25,,GSA-002,LED-000000600,CUS-00001591,EMP-00018,EMP-00019,VMD-00007,,1,false,true,false,false,false,false,,arpi_synthetic_generator
APT-00000233,2025-07-23,2025-07-26,,GSA-003,LED-000000650,CUS-00002395,EMP-00025,,VMD-00015,,1,true,false,false,false,false,false,,arpi_synthetic_generator
APT-00000234,2025-07-23,2025-07-27,2025-07-27,GSA-001,LED-000000659,CUS-00001339,EMP-00003,EMP-00011,VMD-00105,SLE-00000134,1,true,false,true,true,true,true,0,arpi_synthetic_generator
APT-00000235,2025-07-23,2025-07-24,,GSA-001,LED-000000687,CUS-00000043,EMP-00002,EMP-00011,VMD-00092,,1,true,true,false,false,false,false,,arpi_synthetic_generator
APT-00000236,2025-07-23,2025-07-27,,GSA-002,LED-000000690,CUS-00002217,EMP-00015,EMP-00019,VMD-00024,,1,false,false,false,false,false,false,,arpi_synthetic_generator
APT-00000237,2025-07-23,2025-07-26,2025-07-26,GSA-003,LED-000000696,CUS-00002303,EMP-00029,,VMD-00006,,1,false,false,true,true,false,false,-18,arpi_synthetic_generator
APT-00000238,2025-07-23,2025-07-23,2025-07-23,GSA-003,LED-000000703,CUS-00002017,EMP-00027,,VMD-00010,SLE-00000178,1,false,false,true,true,true,true,22,arpi_synthetic_generator
APT-00000239,2025-07-23,2025-07-23,2025-07-23,GSA-001,LED-000000723,CUS-00001997,EMP-00010,EMP-00011,,,1,true,false,true,true,true,false,12,arpi_synthetic_generator
APT-00000240,2025-07-23,2025-07-25,2025-07-25,GSA-002,LED-000000734,CUS-00001990,EMP-00014,EMP-00019,VMD-00023,SLE-00000231,1,false,false,true,true,true,true,11,arpi_synthetic_generator
APT-00000241,2025-07-23,2025-07-24,,GSA-002,LED-000000737,,EMP-00013,EMP-00019,VMD-00041,,1,false,true,false,false,false,false,,arpi_synthetic_generator
APT-00000242,2025-07-23,2025-07-24,2025-07-24,GSA-001,LED-000000741,CUS-00000159,EMP-00006,EMP-00011,VMD-00089,SLE-00000116,1,true,false,true,false,true,true,-31,arpi_synthetic_generator
APT-00000243,2025-07-23,2025-07-24,2025-07-24,GSA-002,LED-000000748,CUS-00002266,EMP-00016,EMP-00019,VMD-00011,,1,true,false,true,true,false,false,3,arpi_synthetic_generator
APT-00000244,2025-07-23,2025-07-27,,GSA-001,LED-000000753,CUS-00000649,EMP-00006,EMP-00011,,,1,true,true,false,false,false,false,,arpi_synthetic_generator
APT-00000245,2025-07-23,2025-07-23,2025-07-23,GSA-002,LED-000000759,CUS-00002196,EMP-00022,EMP-00019,VMD-00075,,1,true,false,true,true,true,false,26,arpi_synthetic_generator
APT-00000246,2025-07-24,2025-07-26,,GSA-001,LED-000000662,CUS-00000940,EMP-00003,EMP-00011,VMD-00116,,1,true,false,false,false,false,false,,arpi_synthetic_generator
APT-00000247,2025-07-24,2025-07-24,2025-07-24,GSA-001,LED-000000677,CUS-00000027,EMP-00010,EMP-00011,VMD-00103,,1,true,false,true,true,true,false,-37,arpi_synthetic_generator
APT-00000248,2025-07-24,2025-07-24,2025-07-24,GSA-001,LED-000000709,CUS-00000929,EMP-00002,EMP-00011,VMD-00050,SLE-00000187,1,true,false,true,true,true,true,22,arpi_synthetic_generator
APT-00000249,2025-07-24,2025-07-25,,GSA-001,LED-000000730,,EMP-00010,EMP-00011,VMD-00038,,1,false,false,false,false,false,false,,arpi_synthetic_generator
APT-00000250,2025-07-24,2025-07-26,2025-07-26,GSA-002,LED-000000760,CUS-00002086,EMP-00022,EMP-00019,VMD-00034,,1,true,false,true,true,true,false,31,arpi_synthetic_generator
APT-00000251,2025-07-24,2025-07-24,,GSA-002,LED-000000761,CUS-00001328,EMP-00015,EMP-00019,VMD-00024,,1,true,true,false,false,false,false,,arpi_synthetic_generator
APT-00000252,2025-07-24,2025-07-26,2025-07-26,GSA-002,LED-000000768,CUS-00001028,EMP-00018,EMP-00019,VMD-00024,,1,true,false,true,true,false,false,14,arpi_synthetic_generator
APT-00000253,2025-07-24,2025-07-25,,GSA-002,LED-000000771,CUS-00000302,EMP-00015,EMP-00019,,,1,true,false,false,false,false,false,,arpi_synthetic_generator
APT-00000254,2025-07-24,2025-07-24,2025-07-24,GSA-002,LED-000000780,CUS-00000169,EMP-00015,EMP-00019,VMD-00073,,1,true,false,true,true,true,false,43,arpi_synthetic_generator
APT-00000255,2025-07-24,2025-07-26,,GSA-003,LED-000000787,,EMP-00026,,,,1,true,false,false,false,false,false,,arpi_synthetic_generator
APT-00000256,2025-07-24,2025-07-27,2025-07-27,GSA-003,LED-000000791,CUS-00001761,EMP-00026,,VMD-00059,SLE-00000482,1,true,false,true,true,true,true,0,arpi_synthetic_generator
APT-00000257,2025-07-25,2025-07-29,,GSA-003,LED-000000517,CUS-00002374,EMP-00027,,VMD-00072,,1,true,true,false,false,false,false,,arpi_synthetic_generator
APT-00000258,2025-07-25,2025-07-25,2025-07-25,GSA-001,LED-000000687,CUS-00000043,EMP-00010,EMP-00011,VMD-00092,SLE-00000183,1,true,false,true,false,true,true,16,arpi_synthetic_generator
APT-00000259,2025-07-25,2025-07-27,,GSA-001,LED-000000692,CUS-00000090,EMP-00004,EMP-00011,VMD-00021,,1,false,false,false,false,false,false,,arpi_synthetic_generator
APT-00000260,2025-07-25,2025-07-26,,GSA-002,LED-000000701,CUS-00001916,EMP-00022,EMP-00019,VMD-00120,,1,false,true,false,false,false,false,,arpi_synthetic_generator
APT-00000261,2025-07-25,2025-07-26,,GSA-002,LED-000000737,,EMP-00016,EMP-00019,VMD-00041,,1,false,false,false,false,false,false,,arpi_synthetic_generator
APT-00000262,2025-07-25,2025-07-26,2025-07-26,GSA-002,LED-000000761,CUS-00001328,EMP-00016,EMP-00019,VMD-00024,,1,true,false,true,true,true,false,23,arpi_synthetic_generator
APT-00000263,2025-07-25,2025-07-27,,GSA-001,LED-000000786,CUS-00001670,EMP-00003,EMP-00011,VMD-00096,,1,false,false,false,false,false,false,,arpi_synthetic_generator
APT-00000264,2025-07-25,2025-07-25,,GSA-001,LED-000000795,CUS-00002386,EMP-00003,EMP-00011,VMD-00016,,1,true,true,false,false,false,false,,arpi_synthetic_generator
APT-00000265,2025-07-25,2025-07-25,2025-07-25,GSA-001,LED-000000810,CUS-00001465,EMP-00007,EMP-00011,VMD-00115,SLE-00000435,1,false,false,true,true,true,true,3,arpi_synthetic_generator
APT-00000266,2025-07-25,2025-07-26,,GSA-003,LED-000000816,CUS-00002243,EMP-00030,,VMD-00087,,1,true,true,false,false,false,false,,arpi_synthetic_generator
APT-00000267,2025-07-25,2025-07-25,2025-07-25,GSA-003,LED-000000824,,EMP-00026,,VMD-00070,,1,true,false,true,false,true,false,39,arpi_synthetic_generator
APT-00000268,2025-07-26,2025-07-26,2025-07-26,GSA-003,LED-000000536,CUS-00001450,EMP-00029,,VMD-00019,SLE-00000101,1,true,false,true,false,true,true,-5,arpi_synthetic_generator
APT-00000269,2025-07-26,2025-07-26,,GSA-002,LED-000000701,CUS-00001916,EMP-00018,EMP-00019,VMD-00120,,1,false,false,false,false,false,false,,arpi_synthetic_generator
APT-00000270,2025-07-26,2025-07-26,2025-07-26,GSA-002,LED-000000701,CUS-00001916,EMP-00022,EMP-00019,VMD-00120,SLE-00000103,1,false,false,true,true,true,true,1,arpi_synthetic_generator
APT-00000271,2025-07-26,2025-07-30,,GSA-002,LED-000000752,,EMP-00018,EMP-00019,,,1,false,true,false,false,false,false,,arpi_synthetic_generator
APT-00000272,2025-07-26,2025-07-28,2025-07-28,GSA-002,LED-000000792,CUS-00001866,EMP-00015,EMP-00019,VMD-00013,,1,true,false,true,false,true,false,8,arpi_synthetic_generator
APT-00000273,2025-07-26,2025-07-27,2025-07-27,GSA-002,LED-000000803,CUS-00000639,EMP-00013,EMP-00019,VMD-00101,,1,true,false,true,true,true,false,-2,arpi_synthetic_generator
APT-00000274,2025-07-26,2025-07-27,,GSA-002,LED-000000818,CUS-00000363,EMP-00018,EMP-00019,VMD-00025,,1,false,true,false,false,false,false,,arpi_synthetic_generator
APT-00000275,2025-07-26,2025-08-01,2025-08-01,GSA-003,LED-000000826,CUS-00001197,EMP-00027,,VMD-00097,SLE-00000290,1,true,false,true,true,true,true,17,arpi_synthetic_generator
APT-00000276,2025-07-26,2025-07-28,2025-07-28,GSA-001,LED-000000845,CUS-00000871,EMP-00002,EMP-00011,VMD-00117,SLE-00000304,1,true,false,true,true,true,true,3,arpi_synthetic_generator
APT-00000277,2025-07-27,2025-07-27,,GSA-001,LED-000000613,CUS-00001041,EMP-00012,EMP-00011,VMD-00048,,1,true,false,false,false,false,false,,arpi_synthetic_generator
APT-00000278,2025-07-27,2025-07-27,2025-07-27,GSA-002,LED-000000619,,EMP-00022,EMP-00019,VMD-00059,,1,false,false,true,false,true,false,-19,arpi_synthetic_generator
APT-00000279,2025-07-27,2025-07-27,2025-07-27,GSA-002,LED-000000737,,EMP-00022,EMP-00019,VMD-00041,,1,true,false,true,false,false,false,25,arpi_synthetic_generator
APT-00000280,2025-07-27,2025-07-27,2025-07-27,GSA-003,LED-000000849,CUS-00002196,EMP-00029,,VMD-00077,SLE-00000519,1,true,false,true,false,true,true,10,arpi_synthetic_generator
APT-00000281,2025-07-27,2025-07-30,,GSA-002,LED-000000854,,EMP-00022,EMP-00019,,,1,true,false,false,false,false,false,,arpi_synthetic_generator
APT-00000282,2025-07-27,2025-07-28,2025-07-28,GSA-002,LED-000000861,CUS-00000703,EMP-00016,EMP-00019,VMD-00097,,1,true,false,true,true,true,false,19,arpi_synthetic_generator
APT-00000283,2025-07-27,2025-07-27,,GSA-001,LED-000000863,CUS-00000954,EMP-00003,EMP-00011,VMD-00006,,1,true,false,false,false,false,false,,arpi_synthetic_generator
APT-00000284,2025-07-27,2025-07-29,,GSA-001,LED-000000878,CUS-00002058,EMP-00010,EMP-00011,VMD-00086,,1,false,true,false,false,false,false,,arpi_synthetic_generator
APT-00000285,2025-07-27,2025-07-27,,GSA-003,LED-000000890,CUS-00000845,EMP-00025,,VMD-00088,,1,false,true,false,false,false,false,,arpi_synthetic_generator
APT-00000286,2025-07-28,2025-07-29,,GSA-001,LED-000000613,CUS-00001041,EMP-00010,EMP-00011,VMD-00048,,1,true,false,false,false,false,false,,arpi_synthetic_generator
APT-00000287,2025-07-28,2025-07-29,,GSA-002,LED-000000622,CUS-00000831,EMP-00022,EMP-00019,VMD-00022,,1,true,true,false,false,false,false,,arpi_synthetic_generator
APT-00000288,2025-07-28,2025-07-30,2025-07-30,GSA-003,LED-000000650,CUS-00002395,EMP-00027,,VMD-00015,,1,true,false,true,false,true,false,10,arpi_synthetic_generator
APT-00000289,2025-07-28,2025-07-31,2025-07-31,GSA-002,LED-000000683,CUS-00000918,EMP-00016,EMP-00019,,,1,true,false,true,true,false,false,37,arpi_synthetic_generator
APT-00000290,2025-07-28,2025-07-28,2025-07-28,GSA-002,LED-000000744,CUS-00002477,EMP-00018,EMP-00019,VMD-00109,SLE-00000293,1,false,false,true,false,true,true,-8,arpi_synthetic_generator
APT-00000291,2025-07-28,2025-07-29,,GSA-001,LED-000000786,CUS-00001670,EMP-00010,EMP-00011,VMD-00096,,1,true,true,false,false,false,false,,arpi_synthetic_generator
APT-00000292,2025-07-28,2025-07-28,2025-07-28,GSA-001,LED-000000795,CUS-00002386,EMP-00002,EMP-00011,VMD-00016,,1,true,false,true,true,true,false,0,arpi_synthetic_generator
APT-00000293,2025-07-28,2025-07-31,,GSA-001,LED-000000863,CUS-00000954,EMP-00010,EMP-00011,VMD-00006,,1,true,true,false,false,false,false,,arpi_synthetic_generator
APT-00000294,2025-07-28,2025-07-29,2025-07-29,GSA-002,LED-000000875,CUS-00000833,EMP-00022,EMP-00019,,,1,true,false,true,true,true,false,-14,arpi_synthetic_generator
APT-00000295,2025-07-28,2025-07-29,2025-07-29,GSA-002,LED-000000880,CUS-00001651,EMP-00014,EMP-00019,VMD-00118,SLE-00000168,1,false,false,true,true,true,true,32,arpi_synthetic_generator
APT-00000296,2025-07-28,2025-08-01,,GSA-001,LED-000000891,CUS-00000233,EMP-00006,EMP-00011,VMD-00041,,1,false,false,false,false,false,false,,arpi_synthetic_generator
APT-00000297,2025-07-28,2025-07-30,2025-07-30,GSA-001,LED-000000905,CUS-00000062,EMP-00007,EMP-00011,,,1,true,false,true,true,true,false,26,arpi_synthetic_generator
APT-00000298,2025-07-28,2025-07-28,2025-07-28,GSA-001,LED-000000906,CUS-00000747,EMP-00001,EMP-00011,VMD-00090,SLE-00000391,1,true,false,true,false,true,true,22,arpi_synthetic_generator
APT-00000299,2025-07-28,2025-07-31,2025-07-31,GSA-002,LED-000000913,CUS-00001033,EMP-00015,EMP-00019,,,1,true,false,true,true,false,false,11,arpi_synthetic_generator
APT-00000300,2025-07-28,2025-07-30,2025-07-30,GSA-002,LED-000000927,CUS-00001455,EMP-00015,EMP-00019,VMD-00073,,1,false,false,true,false,false,false,9,arpi_synthetic_generator
APT-00000301,2025-07-29,2025-07-29,2025-07-29,GSA-001,LED-000000682,CUS-00001739,EMP-00012,EMP-00011,VMD-00087,,1,true,false,true,true,false,false,4,arpi_synthetic_generator
APT-00000302,2025-07-29,2025-07-30,2025-07-30,GSA-003,LED-000000770,CUS-00000352,EMP-00024,,VMD-00081,,1,true,false,true,true,false,false,4,arpi_synthetic_generator
APT-00000303,2025-07-29,2025-08-01,2025-08-01,GSA-003,LED-000000816,CUS-00002243,EMP-00025,,VMD-00087,SLE-00000360,1,true,false,true,true,true,true,20,arpi_synthetic_generator
APT-00000304,2025-07-29,2025-08-02,2025-08-02,GSA-002,LED-000000818,CUS-00000363,EMP-00018,EMP-00019,VMD-00025,,1,true,false,true,true,false,false,-4,arpi_synthetic_generator
APT-00000305,2025-07-29,2025-07-29,,GSA-001,LED-000000900,CUS-00002158,EMP-00003,EMP-00011,VMD-00103,,1,true,true,false,false,false,false,,arpi_synthetic_generator
APT-00000306,2025-07-29,2025-07-31,2025-07-31,GSA-002,LED-000000901,CUS-00000926,EMP-00013,EMP-00019,VMD-00101,SLE-00000197,1,true,false,true,true,true,true,19,arpi_synthetic_generator
APT-00000307,2025-07-29,2025-07-29,,GSA-002,LED-000000914,CUS-00002147,EMP-00014,EMP-00019,VMD-00046,,1,true,false,false,false,false,false,,arpi_synthetic_generator
APT-00000308,2025-07-29,2025-07-29,,GSA-002,LED-000000921,CUS-00002466,EMP-00013,EMP-00019,VMD-00107,,1,true,true,false,false,false,false,,arpi_synthetic_generator
APT-00000309,2025-07-29,2025-07-29,,GSA-002,LED-000000940,CUS-00002185,EMP-00014,EMP-00019,VMD-00045,,1,true,false,false,false,false,false,,arpi_synthetic_generator
APT-00000310,2025-07-29,2025-07-30,2025-07-30,GSA-001,LED-000000946,CUS-00001238,EMP-00001,EMP-00011,VMD-00113,SLE-00000310,1,true,false,true,true,true,true,-14,arpi_synthetic_generator
APT-00000311,2025-07-29,2025-08-07,2025-08-07,GSA-002,LED-000000948,CUS-00000484,EMP-00013,EMP-00019,VMD-00110,,1,true,false,true,true,false,false,2,arpi_synthetic_generator
APT-00000312,2025-07-29,2025-07-29,2025-07-29,GSA-002,LED-000000955,CUS-00000506,EMP-00015,EMP-00019,VMD-00053,,1,true,false,true,false,true,false,-16,arpi_synthetic_generator
APT-00000313,2025-07-29,2025-08-02,,GSA-002,LED-000000957,CUS-00000474,EMP-00014,EMP-00019,VMD-00028,,1,true,false,false,false,false,false,,arpi_synthetic_generator
APT-00000314,2025-07-30,2025-08-02,,GSA-002,LED-000000690,CUS-00002217,EMP-00018,EMP-00019,VMD-00024,,1,true,false,false,false,false,false,,arpi_synthetic_generator
APT-00000315,2025-07-30,2025-07-31,2025-07-31,GSA-001,LED-000000692,CUS-00000090,EMP-00002,EMP-00011,VMD-00021,,1,true,false,true,true,false,false,15,arpi_synthetic_generator
APT-00000316,2025-07-30,2025-07-31,2025-07-31,GSA-002,LED-000000771,CUS-00000302,EMP-00022,EMP-00019,,,1,true,false,true,true,false,false,40,arpi_synthetic_generator
APT-00000317,2025-07-30,2025-07-31,2025-07-31,GSA-001,LED-000000786,CUS-00001670,EMP-00003,EMP-00011,VMD-00096,,1,true,false,true,false,false,false,12,arpi_synthetic_generator
APT-00000318,2025-07-30,2025-08-01,2025-08-01,GSA-003,LED-000000800,,EMP-00030,,VMD-00102,,1,false,false,true,true,true,false,10,arpi_synthetic_generator
APT-00000319,2025-07-30,2025-07-30,2025-07-30,GSA-002,LED-000000822,CUS-00001280,EMP-00016,EMP-00019,VMD-00039,,1,true,false,true,false,false,false,-5,arpi_synthetic_generator
APT-00000320,2025-07-30,2025-07-30,2025-07-30,GSA-001,LED-000000882,CUS-00000287,EMP-00001,EMP-00011,VMD-00113,,1,true,false,true,true,false,false,11,arpi_synthetic_generator
APT-00000321,2025-07-30,2025-08-08,2025-08-08,GSA-002,LED-000000921,CUS-00002466,EMP-00022,EMP-00019,VMD-00107,SLE-00000264,1,true,false,true,false,true,true,-24,arpi_synthetic_generator
APT-00000322,2025-07-30,2025-07-31,2025-07-31,GSA-001,LED-000000932,CUS-00002175,EMP-00010,EMP-00011,VMD-00029,SLE-00000203,1,true,false,true,false,true,true,14,arpi_synthetic_generator
APT-00000323,2025-07-30,2025-07-30,,GSA-003,LED-000000959,CUS-00000509,EMP-00026,,VMD-00086,,1,true,true,false,false,false,false,,arpi_synthetic_generator
APT-00000324,2025-07-30,2025-07-30,2025-07-30,GSA-001,LED-000000965,CUS-00002067,EMP-00006,EMP-00011,VMD-00087,SLE-00000153,1,true,false,true,true,true,true,4,arpi_synthetic_generator
APT-00000325,2025-07-30,2025-08-01,2025-08-01,GSA-001,LED-000000972,CUS-00001571,EMP-00001,EMP-00011,VMD-00088,SLE-00000492,1,false,false,true,true,true,true,23,arpi_synthetic_generator
APT-00000326,2025-07-30,2025-07-30,2025-07-30,GSA-002,LED-000000974,CUS-00000149,EMP-00015,EMP-00019,VMD-00060,,1,true,false,true,true,false,false,12,arpi_synthetic_generator
APT-00000327,2025-07-30,2025-07-31,,GSA-002,LED-000000982,CUS-00001096,EMP-00018,EMP-00019,VMD-00003,,1,true,true,false,false,false,false,,arpi_synthetic_generator
APT-00000328,2025-07-30,2025-08-02,2025-08-02,GSA-002,LED-000000988,CUS-00001233,EMP-00013,EMP-00019,VMD-00012,,1,false,false,true,false,false,false,18,arpi_synthetic_generator
APT-00000329,2025-07-30,2025-07-30,,GSA-003,LED-000000990,CUS-00002112,EMP-00029,,,,1,true,false,false,false,false,false,,arpi_synthetic_generator
APT-00000330,2025-07-30,2025-08-02,2025-08-02,GSA-001,LED-000000999,CUS-00000674,EMP-00010,EMP-00011,VMD-00062,,1,true,false,true,true,true,false,15,arpi_synthetic_generator
APT-00000331,2025-07-31,2025-08-01,2025-08-01,GSA-001,LED-000000613,CUS-00001041,EMP-00002,EMP-00011,VMD-00048,,1,false,false,true,false,false,false,-21,arpi_synthetic_generator
APT-00000332,2025-07-31,2025-08-02,,GSA-002,LED-000000622,CUS-00000831,EMP-00015,EMP-00019,VMD-00022,,1,false,false,false,false,false,false,,arpi_synthetic_generator
APT-00000333,2025-07-31,2025-08-04,,GSA-002,LED-000000903,CUS-00000323,EMP-00015,EMP-00019,VMD-00041,,1,false,true,false,false,false,false,,arpi_synthetic_generator
APT-00000334,2025-07-31,2025-08-03,,GSA-001,LED-000000924,,EMP-00010,EMP-00011,VMD-00084,,1,false,false,false,false,false,false,,arpi_synthetic_generator
APT-00000335,2025-07-31,2025-08-01,2025-08-01,GSA-003,LED-000000990,CUS-00002112,EMP-00027,,,,1,true,false,true,false,true,false,6,arpi_synthetic_generator
APT-00000336,2025-07-31,2025-08-01,2025-08-01,GSA-002,LED-000001001,,EMP-00022,EMP-00019,VMD-00073,,1,true,false,true,false,true,false,39,arpi_synthetic_generator
APT-00000337,2025-07-31,2025-08-01,2025-08-01,GSA-002,LED-000001016,CUS-00000249,EMP-00013,EMP-00019,VMD-00020,,1,true,false,true,false,false,false,37,arpi_synthetic_generator
APT-00000338,2025-07-31,2025-08-02,,GSA-002,LED-000001021,CUS-00002116,EMP-00016,EMP-00019,VMD-00090,,1,true,true,false,false,false,false,,arpi_synthetic_generator
APT-00000339,2025-07-31,2025-07-31,,GSA-001,LED-000001025,CUS-00002460,EMP-00012,EMP-00011,VMD-00062,,1,true,false,false,false,false,false,,arpi_synthetic_generator
APT-00000340,2025-07-31,2025-08-01,,GSA-002,LED-000001036,CUS-00001381,EMP-00014,EMP-00019,VMD-00077,,1,true,false,false,false,false,false,,arpi_synthetic_generator
APT-00000341,2025-07-31,2025-07-31,2025-07-31,GSA-002,LED-000001037,CUS-00000673,EMP-00022,EMP-00019,VMD-00015,,1,true,false,true,true,false,false,-8,arpi_synthetic_generator
APT-00000342,2025-08-01,2025-08-01,,GSA-003,LED-000000517,CUS-00002374,EMP-00027,,VMD-00072,,1,true,true,false,false,false,false,,arpi_synthetic_generator
APT-00000343,2025-08-01,2025-08-02,,GSA-002,LED-000000783,CUS-00002330,EMP-00014,EMP-00019,,,1,true,true,false,false,false,false,,arpi_synthetic_generator
APT-00000344,2025-08-01,2025-08-01,2025-08-01,GSA-001,LED-000000794,CUS-00001346,EMP-00001,EMP-00011,VMD-00061,,1,true,false,true,false,true,false,1,arpi_synthetic_generator
APT-00000345,2025-08-01,2025-08-01,,GSA-001,LED-000000863,CUS-00000954,EMP-00006,EMP-00011,VMD-00006,,1,true,true,false,false,false,false,,arpi_synthetic_generator
APT-00000346,2025-08-01,2025-08-02,2025-08-02,GSA-003,LED-000000866,CUS-00000148,EMP-00024,,VMD-00023,SLE-00000305,1,false,false,true,true,true,true,-2,arpi_synthetic_generator
APT-00000347,2025-08-01,2025-08-03,,GSA-003,LED-000000877,CUS-00000163,EMP-00029,,VMD-00014,,1,true,true,false,false,false,false,,arpi_synthetic_generator
APT-00000348,2025-08-01,2025-08-02,,GSA-001,LED-000000878,CUS-00002058,EMP-00010,EMP-00011,VMD-00086,,1,false,true,false,false,false,false,,arpi_synthetic_generator
APT-00000349,2025-08-01,2025-08-02,,GSA-002,LED-000000914,CUS-00002147,EMP-00014,EMP-00019,VMD-00046,,1,false,true,false,false,false,false,,arpi_synthetic_generator
APT-00000350,2025-08-01,2025-08-04,2025-08-04,GSA-001,LED-000000991,CUS-00001627,EMP-00001,EMP-00011,,,1,true,false,true,true,true,false,7,arpi_synthetic_generator
APT-00000351,2025-08-01,2025-08-01,,GSA-002,LED-000001027,,EMP-00015,EMP-00019,VMD-00055,,1,false,true,false,false,false,false,,arpi_synthetic_generator
APT-00000352,2025-08-01,2025-08-03,2025-08-03,GSA-002,LED-000001045,CUS-00001837,EMP-00013,EMP-00019,VMD-00073,,1,true,false,true,true,true,false,17,arpi_synthetic_generator
APT-00000353,2025-08-01,2025-08-01,,GSA-002,LED-000001047,CUS-00001459,EMP-00013,EMP-00019,VMD-00077,,1,false,true,false,false,false,false,,arpi_synthetic_generator
APT-00000354,2025-08-01,2025-08-02,,GSA-001,LED-000001050,CUS-00002085,EMP-00010,EMP-00011,VMD-00020,,1,true,false,false,false,false,false,,arpi_synthetic_generator
APT-00000355,2025-08-01,2025-08-03,,GSA-002,LED-000001060,CUS-00002400,EMP-00013,EMP-00019,,,1,true,false,false,false,false,false,,arpi_synthetic_generator
APT-00000356,2025-08-01,2025-08-03,,GSA-003,LED-000001062,CUS-00002301,EMP-00030,,VMD-00107,,1,false,false,false,false,false,false,,arpi_synthetic_generator
APT-00000357,2025-08-02,2025-08-02,,GSA-002,LED-000001027,,EMP-00018,EMP-00019,VMD-00055,,1,true,false,false,false,false,false,,arpi_synthetic_generator
APT-00000358,2025-08-02,2025-08-02,2025-08-02,GSA-002,LED-000001036,CUS-00001381,EMP-00013,EMP-00019,VMD-00077,SLE-00000274,1,true,false,true,true,true,true,15,arpi_synthetic_generator
APT-00000359,2025-08-02,2025-08-04,,GSA-002,LED-000001040,CUS-00002266,EMP-00013,EMP-00019,VMD-00107,,1,false,true,false,false,false,false,,arpi_synthetic_generator
APT-00000360,2025-08-02,2025-08-02,2025-08-02,GSA-002,LED-000001057,CUS-00002194,EMP-00022,EMP-00019,VMD-00023,SLE-00000128,1,false,false,true,true,true,true,20,arpi_synthetic_generator
APT-00000361,2025-08-02,2025-08-02,2025-08-02,GSA-003,LED-000001067,CUS-00000520,EMP-00029,,VMD-00008,,1,false,false,true,true,false,false,6,arpi_synthetic_generator
APT-00000362,2025-08-02,2025-08-03,,GSA-003,LED-000001073,CUS-00000909,EMP-00027,,VMD-00015,,1,true,false,false,false,false,false,,arpi_synthetic_generator
APT-00000363,2025-08-02,2025-08-02,2025-08-02,GSA-002,LED-000001109,CUS-00002196,EMP-00015,EMP-00019,VMD-00026,,1,true,false,true,true,true,false,-5,arpi_synthetic_generator
APT-00000364,2025-08-03,2025-08-03,,GSA-001,LED-000000848,CUS-00001056,EMP-00006,EMP-00011,VMD-00112,,1,true,true,false,false,false,false,,arpi_synthetic_generator
APT-00000365,2025-08-03,2025-08-04,,GSA-002,LED-000000914,CUS-00002147,EMP-00016,EMP-00019,VMD-00046,,1,false,true,false,false,false,false,,arpi_synthetic_generator
APT-00000366,2025-08-03,2025-08-03,,GSA-002,LED-000000940,CUS-00002185,EMP-00016,EMP-00019,VMD-00045,,1,false,false,false,false,false,false,,arpi_synthetic_generator
APT-00000367,2025-08-03,2025-08-03,2025-08-03,GSA-002,LED-000000942,,EMP-00022,EMP-00019,VMD-00050,,1,false,false,true,true,false,false,6,arpi_synthetic_generator
APT-00000368,2025-08-03,2025-08-04,,GSA-003,LED-000001046,CUS-00000791,EMP-00029,,VMD-00092,,1,false,true,false,false,false,false,,arpi_synthetic_generator
APT-00000369,2025-08-03,2025-08-07,,GSA-001,LED-000001056,CUS-00001747,EMP-00003,EMP-00011,VMD-00089,,1,true,false,false,false,false,false,,arpi_synthetic_generator
APT-00000370,2025-08-03,2025-08-04,2025-08-04,GSA-001,LED-000001061,CUS-00002250,EMP-00012,EMP-00011,VMD-00070,SLE-00000266,1,false,false,true,true,true,true,1,arpi_synthetic_generator
APT-00000371,2025-08-03,2025-08-03,,GSA-001,LED-000001107,CUS-00002122,EMP-00010,EMP-00011,VMD-00025,,1,false,false,false,false,false,false,,arpi_synthetic_generator
APT-00000372,2025-08-03,2025-08-04,,GSA-003,LED-000001117,CUS-00001066,EMP-00024,,VMD-00033,,1,false,false,false,false,false,false,,arpi_synthetic_generator
APT-00000373,2025-08-03,2025-08-07,2025-08-07,GSA-001,LED-000001118,,EMP-00001,EMP-00011,,,1,true,false,true,true,true,false,14,arpi_synthetic_generator
APT-00000374,2025-08-03,2025-08-03,2025-08-03,GSA-001,LED-000001119,CUS-00001486,EMP-00007,EMP-00011,VMD-00018,,1,true,false,true,false,true,false,-4,arpi_synthetic_generator
APT-00000375,2025-08-03,2025-08-03,2025-08-03,GSA-001,LED-000001120,CUS-00000876,EMP-00004,EMP-00011,,,1,true,false,true,false,true,false,18,arpi_synthetic_generator
APT-00000376,2025-08-03,2025-08-06,2025-08-06,GSA-002,LED-000001124,CUS-00000281,EMP-00013,EMP-00019,VMD-00119,SLE-00000409,1,false,false,true,false,true,true,11,arpi_synthetic_generator
APT-00000377,2025-08-03,2025-08-09,2025-08-09,GSA-003,LED-000001126,CUS-00000831,EMP-00024,,VMD-00062,,1,true,false,true,true,true,false,24,arpi_synthetic_generator
APT-00000378,2025-08-03,2025-08-04,,GSA-001,LED-000001132,CUS-00000157,EMP-00003,EMP-00011,,,1,true,true,false,false,false,false,,arpi_synthetic_generator
APT-00000379,2025-08-03,2025-08-05,,GSA-001,LED-000001135,CUS-00000339,EMP-00006,EMP-00011,VMD-00096,,1,true,true,false,false,false,false,,arpi_synthetic_generator
APT-00000380,2025-08-03,2025-08-03,2025-08-03,GSA-003,LED-000001139,CUS-00000592,EMP-00026,,,,1,true,false,true,true,true,false,17,arpi_synthetic_generator
APT-00000381,2025-08-03,2025-08-06,2025-08-06,GSA-001,LED-000001146,CUS-00002444,EMP-00012,EMP-00011,VMD-00117,,1,true,false,true,true,true,false,11,arpi_synthetic_generator
APT-00000382,2025-08-04,2025-08-04,2025-08-04,GSA-002,LED-000000690,CUS-00002217,EMP-00018,EMP-00019,VMD-00024,,1,true,false,true,true,true,false,21,arpi_synthetic_generator
APT-00000383,2025-08-04,2025-08-07,,GSA-003,LED-000000877,CUS-00000163,EMP-00030,,VMD-00014,,1,true,true,false,false,false,false,,arpi_synthetic_generator
APT-00000384,2025-08-04,2025-08-10,,GSA-001,LED-000001050,CUS-00002085,EMP-00012,EMP-00011,VMD-00020,,1,false,false,false,false,false,false,,arpi_synthetic_generator
APT-00000385,2025-08-04,2025-08-08,2025-08-08,GSA-002,LED-000001087,CUS-00001019,EMP-00022,EMP-00019,VMD-00056,SLE-00000227,1,true,false,true,false,true,true,15,arpi_synthetic_generator
APT-00000386,2025-08-04,2025-08-07,,GSA-001,LED-000001105,,EMP-00007,EMP-00011,,,1,false,false,false,false,false,false,,arpi_synthetic_generator
APT-00000387,2025-08-04,2025-08-04,2025-08-04,GSA-001,LED-000001107,CUS-00002122,EMP-00012,EMP-00011,VMD-00025,,1,true,false,true,false,false,false,24,arpi_synthetic_generator
APT-00000388,2025-08-04,2025-08-04,,GSA-003,LED-000001125,CUS-00001769,EMP-00030,,VMD-00057,,1,false,true,false,false,false,false,,arpi_synthetic_generator
APT-00000389,2025-08-04,2025-08-10,,GSA-002,LED-000001130,CUS-00000372,EMP-00022,EMP-00019,VMD-00056,,1,true,false,false,false,false,false,,arpi_synthetic_generator
APT-00000390,2025-08-04,2025-08-05,,GSA-003,LED-000001148,CUS-00002343,EMP-00029,,VMD-00005,,1,false,false,false,false,false,false,,arpi_synthetic_generator
APT-00000391,2025-08-04,2025-08-04,,GSA-002,LED-000001160,CUS-00001521,EMP-00022,EMP-00019,VMD-00017,,1,true,true,false,false,false,false,,arpi_synthetic_generator
APT-00000392,2025-08-04,2025-08-05,,GSA-003,LED-000001173,CUS-00002096,EMP-00030,,VMD-00026,,1,true,false,false,false,false,false,,arpi_synthetic_generator
APT-00000393,2025-08-04,2025-08-10,,GSA-002,LED-000001180,CUS-00002443,EMP-00022,EMP-00019,VMD-00045,,1,true,false,false,false,false,false,,arpi_synthetic_generator
APT-00000394,2025-08-04,2025-08-05,2025-08-05,GSA-003,LED-000001190,CUS-00000383,EMP-00029,,VMD-00043,,1,true,false,true,false,true,false,-15,arpi_synthetic_generator
APT-00000395,2025-08-04,2025-08-06,2025-08-06,GSA-003,LED-000001191,CUS-00001768,EMP-00024,,,,1,false,false,true,true,false,false,15,arpi_synthetic_generator
APT-00000396,2025-08-05,2025-08-07,2025-08-07,GSA-001,LED-000000848,CUS-00001056,EMP-00002,EMP-00011,VMD-00112,SLE-00000214,1,true,false,true,false,true,true,-3,arpi_synthetic_generator
APT-00000397,2025-08-05,2025-08-05,2025-08-05,GSA-001,LED-000000878,CUS-00002058,EMP-00001,EMP-00011,VMD-00086,,1,true,false,true,false,true,false,12,arpi_synthetic_generator
APT-00000398,2025-08-05,2025-08-06,,GSA-002,LED-000000957,CUS-00000474,EMP-00015,EMP-00019,VMD-00028,,1,false,true,false,false,false,false,,arpi_synthetic_generator
APT-00000399,2025-08-05,2025-08-05,2025-08-05,GSA-002,LED-000001027,,EMP-00014,EMP-00019,VMD-00055,,1,true,false,true,true,true,false,16,arpi_synthetic_generator
APT-00000400,2025-08-05,2025-08-05,,GSA-002,LED-000001040,CUS-00002266,EMP-00022,EMP-00019,VMD-00107,,1,false,true,false,false,false,false,,arpi_synthetic_generator
