product_sale_id,sale_id,sale_date,dealership_id,finance_manager_id,finance_product_id,lender_id,finance_structure,product_category,eligibility_rule_id,line_ordinal,product_sale_count,product_retail_price,product_dealer_cost,original_product_gross,contract_term_months,source_system
FPS-00000001,SLE-00000001,2025-07-01,GSA-002,EMP-00017,FP-005,LND-002,Retail Finance,GAP,ELIG-GAP,1,1,1067.25,338.53,728.72,60,arpi_synthetic_generator
FPS-00000002,SLE-00000001,2025-07-01,GSA-002,EMP-00017,FP-012,LND-002,Retail Finance,Key Replacement,ELIG-OTH,2,1,673.74,254.72,419.02,48,arpi_synthetic_generator
FPS-00000003,SLE-00000002,2025-07-01,GSA-001,EMP-00005,FP-002,LND-009,Retail Finance,Vehicle Service Contract,ELIG-VSC,1,1,1955.13,995.55,959.58,72,arpi_synthetic_generator
FPS-00000004,SLE-00000002,2025-07-01,GSA-001,EMP-00005,FP-004,LND-009,Retail Finance,GAP,ELIG-GAP,2,1,509.49,147.68,361.81,72,arpi_synthetic_generator
FPS-00000005,SLE-00000003,2025-07-02,GSA-003,EMP-00028,FP-004,LND-010,Retail Finance,GAP,ELIG-GAP,1,1,439.59,120.97,318.62,72,arpi_synthetic_generator
FPS-00000006,SLE-00000003,2025-07-02,GSA-003,EMP-00028,FP-006,LND-010,Retail Finance,Tire & Wheel,ELIG-TW,2,1,679.34,319.16,360.18,24,arpi_synthetic_generator
FPS-00000007,SLE-00000004,2025-07-02,GSA-001,EMP-00005,FP-003,LND-006,Retail Finance,Vehicle Service Contract,ELIG-VSC,1,1,1590.78,862.03,728.75,84,arpi_synthetic_generator
FPS-00000008,SLE-00000004,2025-07-02,GSA-001,EMP-00005,FP-004,LND-006,Retail Finance,GAP,ELIG-GAP,2,1,347.41,99.10,248.31,60,arpi_synthetic_generator
FPS-00000009,SLE-00000004,2025-07-02,GSA-001,EMP-00005,FP-011,LND-006,Retail Finance,Appearance Protection,ELIG-OTH,3,1,422.40,157.89,264.51,48,arpi_synthetic_generator
FPS-00000010,SLE-00000005,2025-07-02,GSA-002,EMP-00017,FP-002,LND-003,Retail Finance,Vehicle Service Contract,ELIG-VSC,1,1,1702.59,830.42,872.17,72,arpi_synthetic_generator
FPS-00000011,SLE-00000005,2025-07-02,GSA-002,EMP-00017,FP-012,LND-003,Retail Finance,Key Replacement,ELIG-OTH,2,1,263.33,98.91,164.42,48,arpi_synthetic_generator
FPS-00000012,SLE-00000006,2025-07-02,GSA-001,EMP-00005,FP-007,,Cash,Tire & Wheel,ELIG-TW,1,1,1633.05,701.87,931.18,48,arpi_synthetic_generator
FPS-00000013,SLE-00000006,2025-07-02,GSA-001,EMP-00005,FP-011,,Cash,Appearance Protection,ELIG-OTH,2,1,1129.89,381.90,747.99,36,arpi_synthetic_generator
FPS-00000014,SLE-00000007,2025-07-02,GSA-001,EMP-00005,FP-002,LND-001,Lease,Vehicle Service Contract,ELIG-VSC,1,1,2213.85,1158.17,1055.68,72,arpi_synthetic_generator
FPS-00000015,SLE-00000008,2025-07-03,GSA-001,EMP-00005,FP-006,,Cash,Tire & Wheel,ELIG-TW,1,1,1001.35,443.34,558.01,36,arpi_synthetic_generator
FPS-00000016,SLE-00000008,2025-07-03,GSA-001,EMP-00005,FP-011,,Cash,Appearance Protection,ELIG-OTH,2,1,840.54,314.73,525.81,48,arpi_synthetic_generator
FPS-00000017,SLE-00000009,2025-07-03,GSA-001,EMP-00005,FP-001,LND-001,Retail Finance,Vehicle Service Contract,ELIG-VSC,1,1,880.17,481.76,398.41,60,arpi_synthetic_generator
FPS-00000018,SLE-00000011,2025-07-03,GSA-002,EMP-00017,FP-006,LND-002,Retail Finance,Tire & Wheel,ELIG-TW,1,1,670.95,311.78,359.17,36,arpi_synthetic_generator
FPS-00000019,SLE-00000011,2025-07-03,GSA-002,EMP-00017,FP-013,LND-002,Retail Finance,Theft or Security Product,ELIG-OTH,2,1,322.32,108.20,214.12,60,arpi_synthetic_generator
FPS-00000020,SLE-00000011,2025-07-03,GSA-002,EMP-00017,FP-015,LND-002,Retail Finance,Paintless Dent Protection,ELIG-OTH,3,1,338.59,131.37,207.22,36,arpi_synthetic_generator
FPS-00000021,SLE-00000012,2025-07-03,GSA-001,EMP-00005,FP-002,LND-009,Retail Finance,Vehicle Service Contract,ELIG-VSC,1,1,833.27,420.02,413.25,72,arpi_synthetic_generator
FPS-00000022,SLE-00000012,2025-07-03,GSA-001,EMP-00005,FP-006,LND-009,Retail Finance,Tire & Wheel,ELIG-TW,2,1,330.24,154.10,176.14,24,arpi_synthetic_generator
FPS-00000023,SLE-00000012,2025-07-03,GSA-001,EMP-00005,FP-019,LND-009,Retail Finance,Other Aftermarket Product,ELIG-OTH,3,1,109.41,38.28,71.13,60,arpi_synthetic_generator
FPS-00000024,SLE-00000014,2025-07-05,GSA-003,EMP-00028,FP-006,LND-006,Retail Finance,Tire & Wheel,ELIG-TW,1,1,1035.28,451.99,583.29,24,arpi_synthetic_generator
FPS-00000025,SLE-00000015,2025-07-05,GSA-001,EMP-00005,FP-001,LND-004,Retail Finance,Vehicle Service Contract,ELIG-VSC,1,1,701.95,350.18,351.77,60,arpi_synthetic_generator
FPS-00000026,SLE-00000015,2025-07-05,GSA-001,EMP-00005,FP-004,LND-004,Retail Finance,GAP,ELIG-GAP,2,1,223.17,61.36,161.81,60,arpi_synthetic_generator
FPS-00000027,SLE-00000016,2025-07-05,GSA-002,EMP-00017,FP-001,LND-002,Retail Finance,Vehicle Service Contract,ELIG-VSC,1,1,529.95,266.21,263.74,60,arpi_synthetic_generator
FPS-00000028,SLE-00000016,2025-07-05,GSA-002,EMP-00017,FP-011,LND-002,Retail Finance,Appearance Protection,ELIG-OTH,2,1,207.96,78.73,129.23,48,arpi_synthetic_generator
FPS-00000029,SLE-00000016,2025-07-05,GSA-002,EMP-00017,FP-012,LND-002,Retail Finance,Key Replacement,ELIG-OTH,3,1,100.22,39.56,60.66,48,arpi_synthetic_generator
FPS-00000030,SLE-00000018,2025-07-07,GSA-001,EMP-00005,FP-003,LND-006,Retail Finance,Vehicle Service Contract,ELIG-VSC,1,1,1890.42,1013.08,877.34,84,arpi_synthetic_generator
FPS-00000031,SLE-00000018,2025-07-07,GSA-001,EMP-00005,FP-010,LND-006,Retail Finance,Appearance Protection,ELIG-OTH,2,1,569.19,192.26,376.93,60,arpi_synthetic_generator
FPS-00000032,SLE-00000019,2025-07-07,GSA-002,EMP-00017,FP-003,LND-002,Retail Finance,Vehicle Service Contract,ELIG-VSC,1,1,1566.27,877.74,688.53,84,arpi_synthetic_generator
FPS-00000033,SLE-00000020,2025-07-07,GSA-002,EMP-00017,FP-005,LND-002,Retail Finance,GAP,ELIG-GAP,1,1,1948.49,659.17,1289.32,48,arpi_synthetic_generator
FPS-00000034,SLE-00000021,2025-07-08,GSA-002,EMP-00017,FP-004,LND-003,Retail Finance,GAP,ELIG-GAP,1,1,312.60,94.86,217.74,60,arpi_synthetic_generator
FPS-00000035,SLE-00000021,2025-07-08,GSA-002,EMP-00017,FP-013,LND-003,Retail Finance,Theft or Security Product,ELIG-OTH,2,1,212.14,65.40,146.74,60,arpi_synthetic_generator
FPS-00000036,SLE-00000021,2025-07-08,GSA-002,EMP-00017,FP-019,LND-003,Retail Finance,Other Aftermarket Product,ELIG-OTH,3,1,155.57,56.17,99.40,72,arpi_synthetic_generator
FPS-00000037,SLE-00000021,2025-07-08,GSA-002,EMP-00017,FP-018,LND-003,Retail Finance,Other Aftermarket Product,ELIG-OTH,4,1,192.25,69.18,123.07,24,arpi_synthetic_generator
FPS-00000038,SLE-00000022,2025-07-08,GSA-003,EMP-00028,FP-002,,Cash,Vehicle Service Contract,ELIG-VSC,1,1,2985.97,1598.58,1387.39,72,arpi_synthetic_generator
FPS-00000039,SLE-00000022,2025-07-08,GSA-003,EMP-00028,FP-013,,Cash,Theft or Security Product,ELIG-OTH,2,1,530.44,177.91,352.53,48,arpi_synthetic_generator
FPS-00000040,SLE-00000023,2025-07-08,GSA-001,EMP-00005,FP-001,LND-009,Retail Finance,Vehicle Service Contract,ELIG-VSC,1,1,459.15,237.78,221.37,48,arpi_synthetic_generator
FPS-00000041,SLE-00000023,2025-07-08,GSA-001,EMP-00005,FP-005,LND-009,Retail Finance,GAP,ELIG-GAP,2,1,131.56,43.01,88.55,48,arpi_synthetic_generator
FPS-00000042,SLE-00000023,2025-07-08,GSA-001,EMP-00005,FP-013,LND-009,Retail Finance,Theft or Security Product,ELIG-OTH,3,1,101.63,33.01,68.62,60,arpi_synthetic_generator
FPS-00000043,SLE-00000023,2025-07-08,GSA-001,EMP-00005,FP-015,LND-009,Retail Finance,Paintless Dent Protection,ELIG-OTH,4,1,103.41,37.00,66.41,24,arpi_synthetic_generator
FPS-00000044,SLE-00000024,2025-07-09,GSA-002,EMP-00017,FP-006,LND-004,Retail Finance,Tire & Wheel,ELIG-TW,1,1,904.13,409.01,495.12,36,arpi_synthetic_generator
FPS-00000045,SLE-00000025,2025-07-09,GSA-001,EMP-00005,FP-002,LND-006,Retail Finance,Vehicle Service Contract,ELIG-VSC,1,1,1089.37,573.18,516.19,84,arpi_synthetic_generator
FPS-00000046,SLE-00000025,2025-07-09,GSA-001,EMP-00005,FP-007,LND-006,Retail Finance,Tire & Wheel,ELIG-TW,2,1,449.24,191.15,258.09,36,arpi_synthetic_generator
FPS-00000047,SLE-00000025,2025-07-09,GSA-001,EMP-00005,FP-015,LND-006,Retail Finance,Paintless Dent Protection,ELIG-OTH,3,1,199.47,72.54,126.93,24,arpi_synthetic_generator
FPS-00000048,SLE-00000027,2025-07-09,GSA-002,EMP-00017,FP-002,LND-006,Retail Finance,Vehicle Service Contract,ELIG-VSC,1,1,2026.78,1017.15,1009.63,72,arpi_synthetic_generator
FPS-00000049,SLE-00000028,2025-07-09,GSA-001,EMP-00005,FP-007,,Cash,Tire & Wheel,ELIG-TW,1,1,832.03,367.34,464.69,48,arpi_synthetic_generator
FPS-00000050,SLE-00000028,2025-07-09,GSA-001,EMP-00005,FP-011,,Cash,Appearance Protection,ELIG-OTH,2,1,573.27,199.99,373.28,36,arpi_synthetic_generator
FPS-00000051,SLE-00000029,2025-07-09,GSA-001,EMP-00005,FP-001,LND-006,Retail Finance,Vehicle Service Contract,ELIG-VSC,1,1,1902.10,992.62,909.48,48,arpi_synthetic_generator
FPS-00000052,SLE-00000029,2025-07-09,GSA-001,EMP-00005,FP-004,LND-006,Retail Finance,GAP,ELIG-GAP,2,1,576.79,158.43,418.36,60,arpi_synthetic_generator
FPS-00000053,SLE-00000029,2025-07-09,GSA-001,EMP-00005,FP-011,LND-006,Retail Finance,Appearance Protection,ELIG-OTH,3,1,676.33,230.69,445.64,36,arpi_synthetic_generator
FPS-00000054,SLE-00000030,2025-07-10,GSA-003,EMP-00028,FP-010,,Cash,Appearance Protection,ELIG-OTH,1,1,3247.22,1030.92,2216.30,60,arpi_synthetic_generator
FPS-00000055,SLE-00000031,2025-07-11,GSA-002,EMP-00017,FP-001,LND-003,Retail Finance,Vehicle Service Contract,ELIG-VSC,1,1,1489.02,774.96,714.06,60,arpi_synthetic_generator
FPS-00000056,SLE-00000031,2025-07-11,GSA-002,EMP-00017,FP-018,LND-003,Retail Finance,Other Aftermarket Product,ELIG-OTH,2,1,294.94,109.28,185.66,36,arpi_synthetic_generator
FPS-00000057,SLE-00000031,2025-07-11,GSA-002,EMP-00017,FP-019,LND-003,Retail Finance,Other Aftermarket Product,ELIG-OTH,3,1,222.46,72.51,149.95,60,arpi_synthetic_generator
FPS-00000058,SLE-00000032,2025-07-12,GSA-002,,FP-001,LND-009,Retail Finance,Vehicle Service Contract,ELIG-VSC,1,1,422.66,219.61,203.05,60,arpi_synthetic_generator
FPS-00000059,SLE-00000032,2025-07-12,GSA-002,,FP-004,LND-009,Retail Finance,GAP,ELIG-GAP,2,1,133.63,40.22,93.41,72,arpi_synthetic_generator
FPS-00000060,SLE-00000032,2025-07-12,GSA-002,,FP-014,LND-009,Retail Finance,Paintless Dent Protection,ELIG-OTH,3,1,114.53,41.43,73.10,72,arpi_synthetic_generator
FPS-00000061,SLE-00000034,2025-07-12,GSA-002,EMP-00017,FP-002,LND-002,Retail Finance,Vehicle Service Contract,ELIG-VSC,1,1,1269.07,665.69,603.38,72,arpi_synthetic_generator
FPS-00000062,SLE-00000035,2025-07-12,GSA-003,EMP-00028,FP-013,,Cash,Theft or Security Product,ELIG-OTH,1,1,3050.68,1002.94,2047.74,60,arpi_synthetic_generator
FPS-00000063,SLE-00000036,2025-07-12,GSA-002,EMP-00017,FP-006,,Cash,Tire & Wheel,ELIG-TW,1,1,486.01,223.66,262.35,36,arpi_synthetic_generator
FPS-00000064,SLE-00000036,2025-07-12,GSA-002,EMP-00017,FP-013,,Cash,Theft or Security Product,ELIG-OTH,2,1,235.50,79.10,156.40,72,arpi_synthetic_generator
FPS-00000065,SLE-00000037,2025-07-14,GSA-001,,FP-005,LND-001,Retail Finance,GAP,ELIG-GAP,1,1,574.05,179.08,394.97,60,arpi_synthetic_generator
FPS-00000066,SLE-00000037,2025-07-14,GSA-001,,FP-010,LND-001,Retail Finance,Appearance Protection,ELIG-OTH,2,1,884.13,311.42,572.71,60,arpi_synthetic_generator
FPS-00000067,SLE-00000038,2025-07-14,GSA-002,EMP-00017,FP-004,LND-002,Retail Finance,GAP,ELIG-GAP,1,1,867.25,250.76,616.49,72,arpi_synthetic_generator
FPS-00000068,SLE-00000038,2025-07-14,GSA-002,EMP-00017,FP-013,LND-002,Retail Finance,Theft or Security Product,ELIG-OTH,2,1,610.82,195.36,415.46,48,arpi_synthetic_generator
FPS-00000069,SLE-00000039,2025-07-14,GSA-001,EMP-00005,FP-004,LND-010,Retail Finance,GAP,ELIG-GAP,1,1,710.93,211.36,499.57,72,arpi_synthetic_generator
FPS-00000070,SLE-00000039,2025-07-14,GSA-001,EMP-00005,FP-012,LND-010,Retail Finance,Key Replacement,ELIG-OTH,2,1,404.78,154.99,249.79,48,arpi_synthetic_generator
FPS-00000071,SLE-00000040,2025-07-14,GSA-001,EMP-00005,FP-004,LND-004,Retail Finance,GAP,ELIG-GAP,1,1,1318.50,371.40,947.10,84,arpi_synthetic_generator
FPS-00000072,SLE-00000041,2025-07-14,GSA-003,EMP-00028,FP-002,LND-006,Retail Finance,Vehicle Service Contract,ELIG-VSC,1,1,976.23,479.12,497.11,72,arpi_synthetic_generator
FPS-00000073,SLE-00000041,2025-07-14,GSA-003,EMP-00028,FP-010,LND-006,Retail Finance,Appearance Protection,ELIG-OTH,2,1,361.26,124.93,236.33,72,arpi_synthetic_generator
FPS-00000074,SLE-00000041,2025-07-14,GSA-003,EMP-00028,FP-013,LND-006,Retail Finance,Theft or Security Product,ELIG-OTH,3,1,179.17,52.85,126.32,60,arpi_synthetic_generator
FPS-00000075,SLE-00000042,2025-07-15,GSA-002,EMP-00017,FP-004,LND-006,Retail Finance,GAP,ELIG-GAP,1,1,388.84,114.28,274.56,72,arpi_synthetic_generator
FPS-00000076,SLE-00000042,2025-07-15,GSA-002,EMP-00017,FP-006,LND-006,Retail Finance,Tire & Wheel,ELIG-TW,2,1,584.88,274.51,310.37,36,arpi_synthetic_generator
FPS-00000077,SLE-00000043,2025-07-15,GSA-003,EMP-00028,FP-001,LND-004,Retail Finance,Vehicle Service Contract,ELIG-VSC,1,1,629.26,340.34,288.92,48,arpi_synthetic_generator
FPS-00000078,SLE-00000043,2025-07-15,GSA-003,EMP-00028,FP-004,LND-004,Retail Finance,GAP,ELIG-GAP,2,1,192.85,59.95,132.90,72,arpi_synthetic_generator
FPS-00000079,SLE-00000043,2025-07-15,GSA-003,EMP-00028,FP-007,LND-004,Retail Finance,Tire & Wheel,ELIG-TW,3,1,308.33,132.09,176.24,36,arpi_synthetic_generator
FPS-00000080,SLE-00000043,2025-07-15,GSA-003,EMP-00028,FP-012,LND-004,Retail Finance,Key Replacement,ELIG-OTH,4,1,110.99,44.54,66.45,60,arpi_synthetic_generator
FPS-00000081,SLE-00000044,2025-07-15,GSA-003,EMP-00028,FP-004,LND-010,Retail Finance,GAP,ELIG-GAP,1,1,1178.64,344.48,834.16,60,arpi_synthetic_generator
FPS-00000082,SLE-00000045,2025-07-15,GSA-001,EMP-00005,FP-001,LND-001,Retail Finance,Vehicle Service Contract,ELIG-VSC,1,1,876.97,450.75,426.22,72,arpi_synthetic_generator
FPS-00000083,SLE-00000045,2025-07-15,GSA-001,EMP-00005,FP-005,LND-001,Retail Finance,GAP,ELIG-GAP,2,1,259.85,89.36,170.49,60,arpi_synthetic_generator
FPS-00000084,SLE-00000045,2025-07-15,GSA-001,EMP-00005,FP-013,LND-001,Retail Finance,Theft or Security Product,ELIG-OTH,3,1,194.47,62.34,132.13,60,arpi_synthetic_generator
FPS-00000085,SLE-00000046,2025-07-15,GSA-003,EMP-00028,FP-005,LND-006,Retail Finance,GAP,ELIG-GAP,1,1,450.20,136.13,314.07,48,arpi_synthetic_generator
FPS-00000086,SLE-00000046,2025-07-15,GSA-003,EMP-00028,FP-006,LND-006,Retail Finance,Tire & Wheel,ELIG-TW,2,1,724.77,316.47,408.30,36,arpi_synthetic_generator
FPS-00000087,SLE-00000047,2025-07-15,GSA-001,EMP-00005,FP-006,,Cash,Tire & Wheel,ELIG-TW,1,1,2246.69,1075.14,1171.55,36,arpi_synthetic_generator
FPS-00000088,SLE-00000048,2025-07-15,GSA-003,EMP-00028,FP-002,LND-004,Retail Finance,Vehicle Service Contract,ELIG-VSC,1,1,1212.23,622.64,589.59,72,arpi_synthetic_generator
FPS-00000089,SLE-00000048,2025-07-15,GSA-003,EMP-00028,FP-004,LND-004,Retail Finance,GAP,ELIG-GAP,2,1,319.98,97.67,222.31,72,arpi_synthetic_generator
FPS-00000090,SLE-00000048,2025-07-15,GSA-003,EMP-00028,FP-011,LND-004,Retail Finance,Appearance Protection,ELIG-OTH,3,1,374.29,137.49,236.80,48,arpi_synthetic_generator
FPS-00000091,SLE-00000049,2025-07-15,GSA-001,EMP-00005,FP-010,,Cash,Appearance Protection,ELIG-OTH,1,1,1069.07,336.76,732.31,72,arpi_synthetic_generator
FPS-00000092,SLE-00000049,2025-07-15,GSA-001,EMP-00005,FP-014,,Cash,Paintless Dent Protection,ELIG-OTH,2,1,700.92,246.38,454.54,60,arpi_synthetic_generator
FPS-00000093,SLE-00000050,2025-07-15,GSA-002,EMP-00017,FP-013,,Cash,Theft or Security Product,ELIG-OTH,1,1,1083.29,326.17,757.12,60,arpi_synthetic_generator
FPS-00000094,SLE-00000051,2025-07-15,GSA-002,EMP-00017,FP-002,LND-010,Retail Finance,Vehicle Service Contract,ELIG-VSC,1,1,2535.08,1273.61,1261.47,72,arpi_synthetic_generator
FPS-00000095,SLE-00000051,2025-07-15,GSA-002,EMP-00017,FP-006,LND-010,Retail Finance,Tire & Wheel,ELIG-TW,2,1,1045.55,507.87,537.68,48,arpi_synthetic_generator
FPS-00000096,SLE-00000052,2025-07-16,GSA-002,EMP-00017,FP-018,,Cash,Other Aftermarket Product,ELIG-OTH,1,1,3423.48,1242.76,2180.72,48,arpi_synthetic_generator
FPS-00000097,SLE-00000054,2025-07-16,GSA-003,EMP-00028,FP-013,LND-003,Retail Finance,Theft or Security Product,ELIG-OTH,1,1,1866.73,602.11,1264.62,48,arpi_synthetic_generator
FPS-00000098,SLE-00000055,2025-07-16,GSA-003,EMP-00028,FP-003,,Cash,Vehicle Service Contract,ELIG-VSC,1,1,1756.92,949.64,807.28,84,arpi_synthetic_generator
FPS-00000099,SLE-00000056,2025-07-16,GSA-001,EMP-00005,FP-005,LND-001,Retail Finance,GAP,ELIG-GAP,1,1,235.69,74.67,161.02,48,arpi_synthetic_generator
FPS-00000100,SLE-00000056,2025-07-16,GSA-001,EMP-00005,FP-015,LND-001,Retail Finance,Paintless Dent Protection,ELIG-OTH,2,1,186.48,65.71,120.77,24,arpi_synthetic_generator
FPS-00000101,SLE-00000057,2025-07-17,GSA-003,,FP-013,LND-005,Retail Finance,Theft or Security Product,ELIG-OTH,1,1,904.80,265.78,639.02,72,arpi_synthetic_generator
FPS-00000102,SLE-00000057,2025-07-17,GSA-003,,FP-015,LND-005,Retail Finance,Paintless Dent Protection,ELIG-OTH,2,1,953.60,335.19,618.41,36,arpi_synthetic_generator
FPS-00000103,SLE-00000058,2025-07-17,GSA-001,EMP-00005,FP-004,LND-003,Retail Finance,GAP,ELIG-GAP,1,1,1742.51,530.66,1211.85,60,arpi_synthetic_generator
FPS-00000104,SLE-00000060,2025-07-17,GSA-002,EMP-00017,FP-017,LND-003,Lease,Lease Wear Protection,ELIG-LWP,1,1,1256.51,490.00,766.51,27,arpi_synthetic_generator
FPS-00000105,SLE-00000061,2025-07-17,GSA-002,,FP-007,LND-003,Retail Finance,Tire & Wheel,ELIG-TW,1,1,761.77,328.55,433.22,36,arpi_synthetic_generator
FPS-00000106,SLE-00000062,2025-07-18,GSA-002,EMP-00017,FP-003,LND-002,Lease,Vehicle Service Contract,ELIG-VSC,1,1,1268.94,680.18,588.76,84,arpi_synthetic_generator
FPS-00000107,SLE-00000062,2025-07-18,GSA-002,EMP-00017,FP-008,LND-002,Lease,Prepaid Maintenance,ELIG-PPM,2,1,317.83,169.55,148.28,36,arpi_synthetic_generator
FPS-00000108,SLE-00000063,2025-07-18,GSA-002,EMP-00017,FP-003,LND-009,Retail Finance,Vehicle Service Contract,ELIG-VSC,1,1,1333.80,748.63,585.17,84,arpi_synthetic_generator
FPS-00000109,SLE-00000064,2025-07-18,GSA-001,EMP-00005,FP-005,LND-001,Retail Finance,GAP,ELIG-GAP,1,1,673.89,219.92,453.97,60,arpi_synthetic_generator
FPS-00000110,SLE-00000065,2025-07-19,GSA-002,EMP-00017,FP-001,LND-009,Retail Finance,Vehicle Service Contract,ELIG-VSC,1,1,1088.71,582.36,506.35,60,arpi_synthetic_generator
FPS-00000111,SLE-00000066,2025-07-19,GSA-003,EMP-00028,FP-011,LND-007,Retail Finance,Appearance Protection,ELIG-OTH,1,1,1236.74,416.24,820.50,60,arpi_synthetic_generator
FPS-00000112,SLE-00000067,2025-07-19,GSA-001,EMP-00005,FP-006,LND-003,Retail Finance,Tire & Wheel,ELIG-TW,1,1,509.91,243.72,266.19,36,arpi_synthetic_generator
FPS-00000113,SLE-00000067,2025-07-19,GSA-001,EMP-00005,FP-014,LND-003,Retail Finance,Paintless Dent Protection,ELIG-OTH,2,1,286.73,102.45,184.28,60,arpi_synthetic_generator
FPS-00000114,SLE-00000067,2025-07-19,GSA-001,EMP-00005,FP-019,LND-003,Retail Finance,Other Aftermarket Product,ELIG-OTH,3,1,164.04,56.54,107.50,72,arpi_synthetic_generator
FPS-00000115,SLE-00000068,2025-07-19,GSA-002,EMP-00017,FP-003,LND-003,Retail Finance,Vehicle Service Contract,ELIG-VSC,1,1,793.17,423.94,369.23,84,arpi_synthetic_generator
FPS-00000116,SLE-00000068,2025-07-19,GSA-002,EMP-00017,FP-007,LND-003,Retail Finance,Tire & Wheel,ELIG-TW,2,1,294.81,127.97,166.84,48,arpi_synthetic_generator
FPS-00000117,SLE-00000068,2025-07-19,GSA-002,EMP-00017,FP-010,LND-003,Retail Finance,Appearance Protection,ELIG-OTH,3,1,245.04,86.41,158.63,72,arpi_synthetic_generator
FPS-00000118,SLE-00000068,2025-07-19,GSA-002,EMP-00017,FP-012,LND-003,Retail Finance,Key Replacement,ELIG-OTH,4,1,103.89,40.98,62.91,48,arpi_synthetic_generator
FPS-00000119,SLE-00000069,2025-07-20,GSA-001,EMP-00005,FP-014,,Cash,Paintless Dent Protection,ELIG-OTH,1,1,2187.68,761.24,1426.44,48,arpi_synthetic_generator
FPS-00000120,SLE-00000070,2025-07-21,GSA-003,EMP-00028,FP-003,LND-003,Retail Finance,Vehicle Service Contract,ELIG-VSC,1,1,2299.05,1226.36,1072.69,84,arpi_synthetic_generator
FPS-00000121,SLE-00000070,2025-07-21,GSA-003,EMP-00028,FP-012,LND-003,Retail Finance,Key Replacement,ELIG-OTH,2,1,294.02,111.26,182.76,48,arpi_synthetic_generator
FPS-00000122,SLE-00000072,2025-07-21,GSA-003,EMP-00028,FP-004,LND-010,Retail Finance,GAP,ELIG-GAP,1,1,577.39,162.38,415.01,72,arpi_synthetic_generator
FPS-00000123,SLE-00000072,2025-07-21,GSA-003,EMP-00028,FP-007,LND-010,Retail Finance,Tire & Wheel,ELIG-TW,2,1,966.20,415.86,550.34,36,arpi_synthetic_generator
FPS-00000124,SLE-00000073,2025-07-21,GSA-001,EMP-00005,FP-001,LND-001,Retail Finance,Vehicle Service Contract,ELIG-VSC,1,1,1292.87,670.90,621.97,60,arpi_synthetic_generator
FPS-00000125,SLE-00000073,2025-07-21,GSA-001,EMP-00005,FP-005,LND-001,Retail Finance,GAP,ELIG-GAP,2,1,360.95,112.16,248.79,48,arpi_synthetic_generator
FPS-00000126,SLE-00000073,2025-07-21,GSA-001,EMP-00005,FP-013,LND-001,Retail Finance,Theft or Security Product,ELIG-OTH,3,1,288.00,95.19,192.81,60,arpi_synthetic_generator
FPS-00000127,SLE-00000074,2025-07-21,GSA-001,EMP-00005,FP-005,LND-001,Retail Finance,GAP,ELIG-GAP,1,1,338.88,103.65,235.23,60,arpi_synthetic_generator
FPS-00000128,SLE-00000074,2025-07-21,GSA-001,EMP-00005,FP-011,LND-001,Retail Finance,Appearance Protection,ELIG-OTH,2,1,453.83,165.67,288.16,36,arpi_synthetic_generator
FPS-00000129,SLE-00000075,2025-07-21,GSA-001,,FP-002,LND-008,Retail Finance,Vehicle Service Contract,ELIG-VSC,1,1,1279.41,626.83,652.58,72,arpi_synthetic_generator
FPS-00000130,SLE-00000075,2025-07-21,GSA-001,,FP-004,LND-008,Retail Finance,GAP,ELIG-GAP,2,1,351.29,105.23,246.06,72,arpi_synthetic_generator
FPS-00000131,SLE-00000075,2025-07-21,GSA-001,,FP-007,LND-008,Retail Finance,Tire & Wheel,ELIG-TW,3,1,579.41,253.12,326.29,60,arpi_synthetic_generator
FPS-00000132,SLE-00000075,2025-07-21,GSA-001,,FP-015,LND-008,Retail Finance,Paintless Dent Protection,ELIG-OTH,4,1,246.37,85.90,160.47,36,arpi_synthetic_generator
FPS-00000133,SLE-00000076,2025-07-21,GSA-001,EMP-00005,FP-007,,Cash,Tire & Wheel,ELIG-TW,1,1,1917.70,833.53,1084.17,48,arpi_synthetic_generator
FPS-00000134,SLE-00000077,2025-07-22,GSA-002,EMP-00017,FP-003,LND-009,Retail Finance,Vehicle Service Contract,ELIG-VSC,1,1,1253.18,662.42,590.76,96,arpi_synthetic_generator
FPS-00000135,SLE-00000077,2025-07-22,GSA-002,EMP-00017,FP-004,LND-009,Retail Finance,GAP,ELIG-GAP,2,1,283.14,81.84,201.30,72,arpi_synthetic_generator
FPS-00000136,SLE-00000077,2025-07-22,GSA-002,EMP-00017,FP-015,LND-009,Retail Finance,Paintless Dent Protection,ELIG-OTH,3,1,212.24,80.96,131.28,48,arpi_synthetic_generator
FPS-00000137,SLE-00000078,2025-07-22,GSA-003,EMP-00028,FP-015,LND-004,Retail Finance,Paintless Dent Protection,ELIG-OTH,1,1,533.42,194.17,339.25,24,arpi_synthetic_generator
FPS-00000138,SLE-00000078,2025-07-22,GSA-003,EMP-00028,FP-019,LND-004,Retail Finance,Other Aftermarket Product,ELIG-OTH,2,1,368.61,131.14,237.47,48,arpi_synthetic_generator
FPS-00000139,SLE-00000079,2025-07-22,GSA-002,EMP-00017,FP-001,LND-002,Retail Finance,Vehicle Service Contract,ELIG-VSC,1,1,222.41,111.83,110.58,60,arpi_synthetic_generator
FPS-00000140,SLE-00000079,2025-07-22,GSA-002,EMP-00017,FP-004,LND-002,Retail Finance,GAP,ELIG-GAP,2,1,74.16,23.30,50.86,84,arpi_synthetic_generator
FPS-00000141,SLE-00000081,2025-07-22,GSA-002,EMP-00017,FP-006,,Cash,Tire & Wheel,ELIG-TW,1,1,3863.32,1801.55,2061.77,36,arpi_synthetic_generator
FPS-00000142,SLE-00000082,2025-07-22,GSA-001,EMP-00005,FP-005,LND-001,Retail Finance,GAP,ELIG-GAP,1,1,1463.74,466.45,997.29,48,arpi_synthetic_generator
FPS-00000143,SLE-00000083,2025-07-22,GSA-002,EMP-00017,FP-005,LND-005,Retail Finance,GAP,ELIG-GAP,1,1,115.57,39.15,76.42,60,arpi_synthetic_generator
FPS-00000144,SLE-00000083,2025-07-22,GSA-002,EMP-00017,FP-010,LND-005,Retail Finance,Appearance Protection,ELIG-OTH,2,1,165.14,54.32,110.82,48,arpi_synthetic_generator
FPS-00000145,SLE-00000083,2025-07-22,GSA-002,EMP-00017,FP-014,LND-005,Retail Finance,Paintless Dent Protection,ELIG-OTH,3,1,109.56,40.78,68.78,60,arpi_synthetic_generator
FPS-00000146,SLE-00000084,2025-07-22,GSA-002,EMP-00017,FP-001,,Cash,Vehicle Service Contract,ELIG-VSC,1,1,1417.23,745.11,672.12,60,arpi_synthetic_generator
FPS-00000147,SLE-00000086,2025-07-23,GSA-003,EMP-00028,FP-001,,Cash,Vehicle Service Contract,ELIG-VSC,1,1,2312.44,1195.47,1116.97,60,arpi_synthetic_generator
FPS-00000148,SLE-00000087,2025-07-23,GSA-002,EMP-00017,FP-001,,Cash,Vehicle Service Contract,ELIG-VSC,1,1,4070.00,2211.30,1858.70,60,arpi_synthetic_generator
FPS-00000149,SLE-00000088,2025-07-23,GSA-003,,FP-002,LND-005,Retail Finance,Vehicle Service Contract,ELIG-VSC,1,1,1474.43,775.08,699.35,60,arpi_synthetic_generator
FPS-00000150,SLE-00000088,2025-07-23,GSA-003,,FP-005,LND-005,Retail Finance,GAP,ELIG-GAP,2,1,330.13,100.84,229.29,60,arpi_synthetic_generator
FPS-00000151,SLE-00000090,2025-07-23,GSA-001,EMP-00005,FP-009,LND-003,Retail Finance,Prepaid Maintenance,ELIG-PPM,1,1,381.43,218.68,162.75,24,arpi_synthetic_generator
FPS-00000152,SLE-00000090,2025-07-23,GSA-001,EMP-00005,FP-011,LND-003,Retail Finance,Appearance Protection,ELIG-OTH,2,1,463.05,167.68,295.37,60,arpi_synthetic_generator
FPS-00000153,SLE-00000091,2025-07-24,GSA-002,EMP-00017,FP-005,LND-002,Retail Finance,GAP,ELIG-GAP,1,1,1132.40,349.42,782.98,48,arpi_synthetic_generator
FPS-00000154,SLE-00000091,2025-07-24,GSA-002,EMP-00017,FP-012,LND-002,Retail Finance,Key Replacement,ELIG-OTH,2,1,715.03,264.82,450.21,48,arpi_synthetic_generator
FPS-00000155,SLE-00000092,2025-07-24,GSA-003,EMP-00028,FP-005,LND-010,Retail Finance,GAP,ELIG-GAP,1,1,463.84,160.08,303.76,60,arpi_synthetic_generator
FPS-00000156,SLE-00000092,2025-07-24,GSA-003,EMP-00028,FP-006,LND-010,Retail Finance,Tire & Wheel,ELIG-TW,2,1,738.50,343.61,394.89,24,arpi_synthetic_generator
FPS-00000157,SLE-00000093,2025-07-24,GSA-001,EMP-00005,FP-013,,Cash,Theft or Security Product,ELIG-OTH,1,1,2906.67,948.59,1958.08,60,arpi_synthetic_generator
FPS-00000158,SLE-00000094,2025-07-24,GSA-001,EMP-00005,FP-004,LND-004,Retail Finance,GAP,ELIG-GAP,1,1,106.33,29.53,76.80,72,arpi_synthetic_generator
FPS-00000159,SLE-00000094,2025-07-24,GSA-001,EMP-00005,FP-006,LND-004,Retail Finance,Tire & Wheel,ELIG-TW,2,1,162.07,75.26,86.81,36,arpi_synthetic_generator
FPS-00000160,SLE-00000094,2025-07-24,GSA-001,EMP-00005,FP-010,LND-004,Retail Finance,Appearance Protection,ELIG-OTH,3,1,144.50,47.67,96.83,60,arpi_synthetic_generator
FPS-00000161,SLE-00000094,2025-07-24,GSA-001,EMP-00005,FP-013,LND-004,Retail Finance,Theft or Security Product,ELIG-OTH,4,1,74.70,22.94,51.76,60,arpi_synthetic_generator
FPS-00000162,SLE-00000095,2025-07-24,GSA-001,EMP-00005,FP-006,LND-001,Lease,Tire & Wheel,ELIG-TW,1,1,600.33,282.45,317.88,48,arpi_synthetic_generator
FPS-00000163,SLE-00000095,2025-07-24,GSA-001,EMP-00005,FP-010,LND-001,Lease,Appearance Protection,ELIG-OTH,2,1,532.28,177.73,354.55,60,arpi_synthetic_generator
FPS-00000164,SLE-00000095,2025-07-24,GSA-001,EMP-00005,FP-017,LND-001,Lease,Lease Wear Protection,ELIG-LWP,3,1,493.03,187.38,305.65,27,arpi_synthetic_generator
FPS-00000165,SLE-00000096,2025-07-25,GSA-002,EMP-00017,FP-003,LND-002,Retail Finance,Vehicle Service Contract,ELIG-VSC,1,1,1578.92,838.88,740.04,84,arpi_synthetic_generator
FPS-00000166,SLE-00000096,2025-07-25,GSA-002,EMP-00017,FP-012,LND-002,Retail Finance,Key Replacement,ELIG-OTH,2,1,198.41,72.33,126.08,60,arpi_synthetic_generator
FPS-00000167,SLE-00000097,2025-07-25,GSA-002,EMP-00017,FP-005,LND-008,Retail Finance,GAP,ELIG-GAP,1,1,404.90,131.06,273.84,60,arpi_synthetic_generator
FPS-00000168,SLE-00000097,2025-07-25,GSA-002,EMP-00017,FP-013,LND-008,Retail Finance,Theft or Security Product,ELIG-OTH,2,1,306.14,93.92,212.22,72,arpi_synthetic_generator
FPS-00000169,SLE-00000097,2025-07-25,GSA-002,EMP-00017,FP-015,LND-008,Retail Finance,Paintless Dent Protection,ELIG-OTH,3,1,335.60,130.22,205.38,36,arpi_synthetic_generator
FPS-00000170,SLE-00000097,2025-07-25,GSA-002,EMP-00017,FP-019,LND-008,Retail Finance,Other Aftermarket Product,ELIG-OTH,4,1,216.32,72.56,143.76,60,arpi_synthetic_generator
FPS-00000171,SLE-00000098,2025-07-25,GSA-002,EMP-00017,FP-001,LND-002,Retail Finance,Vehicle Service Contract,ELIG-VSC,1,1,2077.44,1132.96,944.48,60,arpi_synthetic_generator
FPS-00000172,SLE-00000098,2025-07-25,GSA-002,EMP-00017,FP-004,LND-002,Retail Finance,GAP,ELIG-GAP,2,1,617.51,183.05,434.46,72,arpi_synthetic_generator
FPS-00000173,SLE-00000099,2025-07-25,GSA-002,EMP-00017,FP-007,LND-003,Retail Finance,Tire & Wheel,ELIG-TW,1,1,450.03,210.51,239.52,60,arpi_synthetic_generator
FPS-00000174,SLE-00000099,2025-07-25,GSA-002,EMP-00017,FP-018,LND-003,Retail Finance,Other Aftermarket Product,ELIG-OTH,2,1,169.42,67.33,102.09,36,arpi_synthetic_generator
FPS-00000175,SLE-00000100,2025-07-25,GSA-002,EMP-00017,FP-004,LND-005,Retail Finance,GAP,ELIG-GAP,1,1,442.11,130.05,312.06,84,arpi_synthetic_generator
FPS-00000176,SLE-00000100,2025-07-25,GSA-002,EMP-00017,FP-008,LND-005,Retail Finance,Prepaid Maintenance,ELIG-PPM,2,1,510.38,279.73,230.65,24,arpi_synthetic_generator
FPS-00000177,SLE-00000100,2025-07-25,GSA-002,EMP-00017,FP-018,LND-005,Retail Finance,Other Aftermarket Product,ELIG-OTH,3,1,275.56,99.18,176.38,24,arpi_synthetic_generator
FPS-00000178,SLE-00000101,2025-07-26,GSA-003,EMP-00028,FP-001,,Cash,Vehicle Service Contract,ELIG-VSC,1,1,2260.31,1184.57,1075.74,72,arpi_synthetic_generator
FPS-00000179,SLE-00000102,2025-07-26,GSA-003,EMP-00028,FP-002,LND-009,Retail Finance,Vehicle Service Contract,ELIG-VSC,1,1,1410.93,696.25,714.68,84,arpi_synthetic_generator
FPS-00000180,SLE-00000102,2025-07-26,GSA-003,EMP-00028,FP-004,LND-009,Retail Finance,GAP,ELIG-GAP,2,1,374.47,105.00,269.47,72,arpi_synthetic_generator
FPS-00000181,SLE-00000103,2025-07-26,GSA-002,EMP-00017,FP-007,,Cash,Tire & Wheel,ELIG-TW,1,1,2115.71,963.06,1152.65,48,arpi_synthetic_generator
FPS-00000182,SLE-00000104,2025-07-26,GSA-001,EMP-00005,FP-001,LND-001,Lease,Vehicle Service Contract,ELIG-VSC,1,1,980.77,522.67,458.10,60,arpi_synthetic_generator
FPS-00000183,SLE-00000104,2025-07-26,GSA-001,EMP-00005,FP-006,LND-001,Lease,Tire & Wheel,ELIG-TW,2,1,455.09,216.88,238.21,36,arpi_synthetic_generator
FPS-00000184,SLE-00000104,2025-07-26,GSA-001,EMP-00005,FP-010,LND-001,Lease,Appearance Protection,ELIG-OTH,3,1,385.30,119.60,265.70,48,arpi_synthetic_generator
FPS-00000185,SLE-00000104,2025-07-26,GSA-001,EMP-00005,FP-014,LND-001,Lease,Paintless Dent Protection,ELIG-OTH,4,1,257.83,92.92,164.91,60,arpi_synthetic_generator
FPS-00000186,SLE-00000104,2025-07-26,GSA-001,EMP-00005,FP-016,LND-001,Lease,Lease Wear Protection,ELIG-LWP,5,1,326.37,124.81,201.56,36,arpi_synthetic_generator
FPS-00000187,SLE-00000105,2025-07-26,GSA-003,EMP-00028,FP-004,LND-003,Retail Finance,GAP,ELIG-GAP,1,1,363.81,113.13,250.68,84,arpi_synthetic_generator
FPS-00000188,SLE-00000105,2025-07-26,GSA-003,EMP-00028,FP-006,LND-003,Retail Finance,Tire & Wheel,ELIG-TW,2,1,517.31,233.93,283.38,36,arpi_synthetic_generator
FPS-00000189,SLE-00000108,2025-07-28,GSA-001,EMP-00005,FP-008,LND-003,Retail Finance,Prepaid Maintenance,ELIG-PPM,1,1,3330.55,1903.82,1426.73,36,arpi_synthetic_generator
FPS-00000190,SLE-00000109,2025-07-29,GSA-003,EMP-00028,FP-006,LND-009,Retail Finance,Tire & Wheel,ELIG-TW,1,1,977.40,464.89,512.51,36,arpi_synthetic_generator
FPS-00000191,SLE-00000110,2025-07-29,GSA-001,EMP-00005,FP-010,LND-001,Lease,Appearance Protection,ELIG-OTH,1,1,3108.71,989.05,2119.66,60,arpi_synthetic_generator
FPS-00000192,SLE-00000111,2025-07-30,GSA-001,,FP-001,LND-001,Retail Finance,Vehicle Service Contract,ELIG-VSC,1,1,604.20,328.12,276.08,60,arpi_synthetic_generator
FPS-00000193,SLE-00000111,2025-07-30,GSA-001,,FP-004,LND-001,Retail Finance,GAP,ELIG-GAP,2,1,185.19,58.20,126.99,60,arpi_synthetic_generator
FPS-00000194,SLE-00000112,2025-07-30,GSA-003,EMP-00028,FP-004,LND-003,Retail Finance,GAP,ELIG-GAP,1,1,315.60,88.71,226.89,72,arpi_synthetic_generator
FPS-00000195,SLE-00000112,2025-07-30,GSA-003,EMP-00028,FP-010,LND-003,Retail Finance,Appearance Protection,ELIG-OTH,2,1,439.76,153.68,286.08,60,arpi_synthetic_generator
FPS-00000196,SLE-00000112,2025-07-30,GSA-003,EMP-00028,FP-012,LND-003,Retail Finance,Key Replacement,ELIG-OTH,3,1,188.23,74.78,113.45,36,arpi_synthetic_generator
FPS-00000197,SLE-00000112,2025-07-30,GSA-003,EMP-00028,FP-015,LND-003,Retail Finance,Paintless Dent Protection,ELIG-OTH,4,1,233.03,85.06,147.97,24,arpi_synthetic_generator
FPS-00000198,SLE-00000115,2025-07-31,GSA-001,,FP-001,LND-003,Retail Finance,Vehicle Service Contract,ELIG-VSC,1,1,611.33,325.12,286.21,48,arpi_synthetic_generator
FPS-00000199,SLE-00000115,2025-07-31,GSA-001,,FP-004,LND-003,Retail Finance,GAP,ELIG-GAP,2,1,189.13,57.47,131.66,84,arpi_synthetic_generator
FPS-00000200,SLE-00000117,2025-08-01,GSA-002,EMP-00017,FP-001,LND-002,Lease,Vehicle Service Contract,ELIG-VSC,1,1,1115.24,610.50,504.74,60,arpi_synthetic_generator
FPS-00000201,SLE-00000117,2025-08-01,GSA-002,EMP-00017,FP-009,LND-002,Lease,Prepaid Maintenance,ELIG-PPM,2,1,328.86,192.58,136.28,24,arpi_synthetic_generator
FPS-00000202,SLE-00000118,2025-08-01,GSA-001,EMP-00005,FP-002,,Cash,Vehicle Service Contract,ELIG-VSC,1,1,3157.81,1642.95,1514.86,72,arpi_synthetic_generator
FPS-00000203,SLE-00000119,2025-08-01,GSA-001,EMP-00005,FP-011,,Cash,Appearance Protection,ELIG-OTH,1,1,1680.94,622.97,1057.97,60,arpi_synthetic_generator
FPS-00000204,SLE-00000121,2025-08-02,GSA-002,EMP-00017,FP-004,LND-002,Retail Finance,GAP,ELIG-GAP,1,1,932.19,293.10,639.09,72,arpi_synthetic_generator
FPS-00000205,SLE-00000122,2025-08-02,GSA-001,EMP-00005,FP-012,,Cash,Key Replacement,ELIG-OTH,1,1,869.20,337.50,531.70,48,arpi_synthetic_generator
FPS-00000206,SLE-00000124,2025-08-02,GSA-001,EMP-00005,FP-007,LND-001,Retail Finance,Tire & Wheel,ELIG-TW,1,1,180.97,84.36,96.61,48,arpi_synthetic_generator
FPS-00000207,SLE-00000124,2025-08-02,GSA-001,EMP-00005,FP-014,LND-001,Retail Finance,Paintless Dent Protection,ELIG-OTH,2,1,85.47,28.46,57.01,60,arpi_synthetic_generator
FPS-00000208,SLE-00000125,2025-08-02,GSA-002,EMP-00017,FP-005,LND-010,Retail Finance,GAP,ELIG-GAP,1,1,722.69,242.73,479.96,60,arpi_synthetic_generator
FPS-00000209,SLE-00000125,2025-08-02,GSA-002,EMP-00017,FP-018,LND-010,Retail Finance,Other Aftermarket Product,ELIG-OTH,2,1,504.68,192.70,311.98,48,arpi_synthetic_generator
FPS-00000210,SLE-00000126,2025-08-02,GSA-002,EMP-00017,FP-001,LND-002,Lease,Vehicle Service Contract,ELIG-VSC,1,1,3035.74,1625.83,1409.91,48,arpi_synthetic_generator
FPS-00000211,SLE-00000127,2025-08-02,GSA-001,,FP-012,LND-001,Lease,Key Replacement,ELIG-OTH,1,1,713.92,265.59,448.33,36,arpi_synthetic_generator
FPS-00000212,SLE-00000128,2025-08-02,GSA-002,EMP-00017,FP-006,LND-007,Retail Finance,Tire & Wheel,ELIG-TW,1,1,1082.61,472.74,609.87,36,arpi_synthetic_generator
FPS-00000213,SLE-00000128,2025-08-02,GSA-002,EMP-00017,FP-018,LND-007,Retail Finance,Other Aftermarket Product,ELIG-OTH,2,1,484.18,179.24,304.94,48,arpi_synthetic_generator
FPS-00000214,SLE-00000128,2025-08-02,GSA-002,EMP-00017,FP-019,LND-007,Retail Finance,Other Aftermarket Product,ELIG-OTH,3,1,383.56,137.27,246.29,60,arpi_synthetic_generator
FPS-00000215,SLE-00000129,2025-08-02,GSA-001,EMP-00005,FP-001,LND-005,Retail Finance,Vehicle Service Contract,ELIG-VSC,1,1,2100.62,1054.03,1046.59,72,arpi_synthetic_generator
FPS-00000216,SLE-00000129,2025-08-02,GSA-001,EMP-00005,FP-004,LND-005,Retail Finance,GAP,ELIG-GAP,2,1,680.33,198.90,481.43,72,arpi_synthetic_generator
FPS-00000217,SLE-00000129,2025-08-02,GSA-001,EMP-00005,FP-009,LND-005,Retail Finance,Prepaid Maintenance,ELIG-PPM,3,1,634.49,351.91,282.58,12,arpi_synthetic_generator
FPS-00000218,SLE-00000130,2025-08-04,GSA-003,EMP-00028,FP-001,LND-009,Retail Finance,Vehicle Service Contract,ELIG-VSC,1,1,1126.42,586.58,539.84,60,arpi_synthetic_generator
FPS-00000219,SLE-00000130,2025-08-04,GSA-003,EMP-00028,FP-004,LND-009,Retail Finance,GAP,ELIG-GAP,2,1,344.88,96.55,248.33,60,arpi_synthetic_generator
FPS-00000220,SLE-00000131,2025-08-04,GSA-001,EMP-00005,FP-004,LND-001,Retail Finance,GAP,ELIG-GAP,1,1,584.96,170.34,414.62,72,arpi_synthetic_generator
FPS-00000221,SLE-00000131,2025-08-04,GSA-001,EMP-00005,FP-011,LND-001,Retail Finance,Appearance Protection,ELIG-OTH,2,1,690.51,248.85,441.66,60,arpi_synthetic_generator
FPS-00000222,SLE-00000131,2025-08-04,GSA-001,EMP-00005,FP-013,LND-001,Retail Finance,Theft or Security Product,ELIG-OTH,3,1,400.86,121.45,279.41,48,arpi_synthetic_generator
FPS-00000223,SLE-00000131,2025-08-04,GSA-001,EMP-00005,FP-019,LND-001,Retail Finance,Other Aftermarket Product,ELIG-OTH,4,1,287.99,98.71,189.28,60,arpi_synthetic_generator
FPS-00000224,SLE-00000132,2025-08-04,GSA-003,EMP-00028,FP-003,LND-008,Retail Finance,Vehicle Service Contract,ELIG-VSC,1,1,2585.21,1341.76,1243.45,84,arpi_synthetic_generator
FPS-00000225,SLE-00000132,2025-08-04,GSA-003,EMP-00028,FP-007,LND-008,Retail Finance,Tire & Wheel,ELIG-TW,2,1,992.39,430.53,561.86,36,arpi_synthetic_generator
FPS-00000226,SLE-00000133,2025-08-04,GSA-002,EMP-00017,FP-002,,Cash,Vehicle Service Contract,ELIG-VSC,1,1,2340.71,1241.88,1098.83,72,arpi_synthetic_generator
FPS-00000227,SLE-00000134,2025-08-04,GSA-001,EMP-00005,FP-003,LND-004,Retail Finance,Vehicle Service Contract,ELIG-VSC,1,1,2356.41,1234.84,1121.57,72,arpi_synthetic_generator
FPS-00000228,SLE-00000134,2025-08-04,GSA-001,EMP-00005,FP-005,LND-004,Retail Finance,GAP,ELIG-GAP,2,1,477.72,145.40,332.32,48,arpi_synthetic_generator
FPS-00000229,SLE-00000134,2025-08-04,GSA-001,EMP-00005,FP-009,LND-004,Retail Finance,Prepaid Maintenance,ELIG-PPM,3,1,539.61,315.30,224.31,36,arpi_synthetic_generator
FPS-00000230,SLE-00000138,2025-08-05,GSA-002,EMP-00017,FP-014,,Cash,Paintless Dent Protection,ELIG-OTH,1,1,2116.49,778.35,1338.14,60,arpi_synthetic_generator
FPS-00000231,SLE-00000139,2025-08-05,GSA-001,EMP-00005,FP-006,LND-001,Lease,Tire & Wheel,ELIG-TW,1,1,1652.74,742.84,909.90,36,arpi_synthetic_generator
FPS-00000232,SLE-00000139,2025-08-05,GSA-001,EMP-00005,FP-010,LND-001,Lease,Appearance Protection,ELIG-OTH,2,1,1485.18,470.29,1014.89,72,arpi_synthetic_generator
FPS-00000233,SLE-00000140,2025-08-05,GSA-001,EMP-00005,FP-001,LND-001,Retail Finance,Vehicle Service Contract,ELIG-VSC,1,1,1707.71,892.33,815.38,48,arpi_synthetic_generator
FPS-00000234,SLE-00000140,2025-08-05,GSA-001,EMP-00005,FP-005,LND-001,Retail Finance,GAP,ELIG-GAP,2,1,488.35,162.20,326.15,60,arpi_synthetic_generator
FPS-00000235,SLE-00000140,2025-08-05,GSA-001,EMP-00005,FP-012,LND-001,Retail Finance,Key Replacement,ELIG-OTH,3,1,296.72,109.18,187.54,60,arpi_synthetic_generator
FPS-00000236,SLE-00000140,2025-08-05,GSA-001,EMP-00005,FP-014,LND-001,Retail Finance,Paintless Dent Protection,ELIG-OTH,4,1,436.64,143.10,293.54,60,arpi_synthetic_generator
FPS-00000237,SLE-00000141,2025-08-05,GSA-002,,FP-001,LND-002,Lease,Vehicle Service Contract,ELIG-VSC,1,1,875.42,437.03,438.39,48,arpi_synthetic_generator
FPS-00000238,SLE-00000141,2025-08-05,GSA-002,,FP-010,LND-002,Lease,Appearance Protection,ELIG-OTH,2,1,379.27,125.01,254.26,60,arpi_synthetic_generator
FPS-00000239,SLE-00000142,2025-08-05,GSA-003,EMP-00028,FP-004,LND-006,Retail Finance,GAP,ELIG-GAP,1,1,257.50,75.19,182.31,72,arpi_synthetic_generator
FPS-00000240,SLE-00000142,2025-08-05,GSA-003,EMP-00028,FP-006,LND-006,Retail Finance,Tire & Wheel,ELIG-TW,2,1,385.42,179.34,206.08,24,arpi_synthetic_generator
FPS-00000241,SLE-00000142,2025-08-05,GSA-003,EMP-00028,FP-018,LND-006,Retail Finance,Other Aftermarket Product,ELIG-OTH,3,1,160.74,57.70,103.04,48,arpi_synthetic_generator
FPS-00000242,SLE-00000143,2025-08-06,GSA-001,EMP-00005,FP-003,,Cash,Vehicle Service Contract,ELIG-VSC,1,1,4383.48,2446.95,1936.53,84,arpi_synthetic_generator
FPS-00000243,SLE-00000144,2025-08-07,GSA-002,EMP-00017,FP-007,LND-006,Retail Finance,Tire & Wheel,ELIG-TW,1,1,340.58,157.99,182.59,48,arpi_synthetic_generator
FPS-00000244,SLE-00000146,2025-08-07,GSA-003,EMP-00028,FP-001,LND-009,Retail Finance,Vehicle Service Contract,ELIG-VSC,1,1,569.60,306.70,262.90,60,arpi_synthetic_generator
FPS-00000245,SLE-00000148,2025-08-08,GSA-001,EMP-00005,FP-007,LND-001,Retail Finance,Tire & Wheel,ELIG-TW,1,1,1455.88,635.12,820.76,48,arpi_synthetic_generator
FPS-00000246,SLE-00000148,2025-08-08,GSA-001,EMP-00005,FP-008,LND-001,Retail Finance,Prepaid Maintenance,ELIG-PPM,2,1,1015.32,557.84,457.48,48,arpi_synthetic_generator
FPS-00000247,SLE-00000149,2025-08-08,GSA-003,EMP-00028,FP-010,LND-004,Retail Finance,Appearance Protection,ELIG-OTH,1,1,1152.98,398.08,754.90,60,arpi_synthetic_generator
FPS-00000248,SLE-00000149,2025-08-08,GSA-003,EMP-00028,FP-018,LND-004,Retail Finance,Other Aftermarket Product,ELIG-OTH,2,1,561.29,222.89,338.40,36,arpi_synthetic_generator
FPS-00000249,SLE-00000151,2025-08-08,GSA-003,EMP-00028,FP-003,LND-009,Retail Finance,Vehicle Service Contract,ELIG-VSC,1,1,1398.38,788.60,609.78,84,arpi_synthetic_generator
FPS-00000250,SLE-00000151,2025-08-08,GSA-003,EMP-00028,FP-012,LND-009,Retail Finance,Key Replacement,ELIG-OTH,2,1,165.66,61.77,103.89,36,arpi_synthetic_generator
FPS-00000251,SLE-00000152,2025-08-08,GSA-003,EMP-00028,FP-001,LND-009,Retail Finance,Vehicle Service Contract,ELIG-VSC,1,1,2244.35,1206.03,1038.32,48,arpi_synthetic_generator
FPS-00000252,SLE-00000153,2025-08-08,GSA-001,EMP-00005,FP-002,LND-001,Lease,Vehicle Service Contract,ELIG-VSC,1,1,1867.14,978.85,888.29,72,arpi_synthetic_generator
FPS-00000253,SLE-00000153,2025-08-08,GSA-001,EMP-00005,FP-017,LND-001,Lease,Lease Wear Protection,ELIG-LWP,2,1,574.83,210.77,364.06,39,arpi_synthetic_generator
FPS-00000254,SLE-00000155,2025-08-08,GSA-003,EMP-00028,FP-007,LND-004,Retail Finance,Tire & Wheel,ELIG-TW,1,1,686.69,291.18,395.51,36,arpi_synthetic_generator
FPS-00000255,SLE-00000156,2025-08-09,GSA-003,EMP-00028,FP-002,LND-004,Retail Finance,Vehicle Service Contract,ELIG-VSC,1,1,826.00,428.09,397.91,72,arpi_synthetic_generator
FPS-00000256,SLE-00000156,2025-08-09,GSA-003,EMP-00028,FP-010,LND-004,Retail Finance,Appearance Protection,ELIG-OTH,2,1,284.11,94.94,189.17,72,arpi_synthetic_generator
FPS-00000257,SLE-00000158,2025-08-09,GSA-003,EMP-00028,FP-001,LND-003,Retail Finance,Vehicle Service Contract,ELIG-VSC,1,1,531.34,269.57,261.77,60,arpi_synthetic_generator
FPS-00000258,SLE-00000158,2025-08-09,GSA-003,EMP-00028,FP-005,LND-003,Retail Finance,GAP,ELIG-GAP,2,1,154.50,49.79,104.71,72,arpi_synthetic_generator
FPS-00000259,SLE-00000158,2025-08-09,GSA-003,EMP-00028,FP-010,LND-003,Retail Finance,Appearance Protection,ELIG-OTH,3,1,234.72,82.89,151.83,72,arpi_synthetic_generator
FPS-00000260,SLE-00000159,2025-08-09,GSA-003,EMP-00028,FP-002,LND-007,Retail Finance,Vehicle Service Contract,ELIG-VSC,1,1,2633.18,1359.33,1273.85,60,arpi_synthetic_generator
FPS-00000261,SLE-00000160,2025-08-09,GSA-001,EMP-00005,FP-003,LND-006,Retail Finance,Vehicle Service Contract,ELIG-VSC,1,1,1513.54,812.95,700.59,72,arpi_synthetic_generator
FPS-00000262,SLE-00000160,2025-08-09,GSA-001,EMP-00005,FP-004,LND-006,Retail Finance,GAP,ELIG-GAP,2,1,342.84,104.12,238.72,60,arpi_synthetic_generator
FPS-00000263,SLE-00000161,2025-08-09,GSA-002,,FP-005,LND-002,Retail Finance,GAP,ELIG-GAP,1,1,506.55,153.52,353.03,60,arpi_synthetic_generator
FPS-00000264,SLE-00000161,2025-08-09,GSA-002,,FP-009,LND-002,Retail Finance,Prepaid Maintenance,ELIG-PPM,2,1,587.07,348.78,238.29,24,arpi_synthetic_generator
FPS-00000265,SLE-00000162,2025-08-09,GSA-002,EMP-00017,FP-002,LND-002,Lease,Vehicle Service Contract,ELIG-VSC,1,1,1770.59,884.38,886.21,72,arpi_synthetic_generator
FPS-00000266,SLE-00000162,2025-08-09,GSA-002,EMP-00017,FP-014,LND-002,Lease,Paintless Dent Protection,ELIG-OTH,2,1,402.37,140.87,261.50,60,arpi_synthetic_generator
FPS-00000267,SLE-00000162,2025-08-09,GSA-002,EMP-00017,FP-016,LND-002,Lease,Lease Wear Protection,ELIG-LWP,3,1,529.87,210.25,319.62,36,arpi_synthetic_generator
FPS-00000268,SLE-00000163,2025-08-09,GSA-001,EMP-00005,FP-013,LND-007,Retail Finance,Theft or Security Product,ELIG-OTH,1,1,855.54,259.12,596.42,48,arpi_synthetic_generator
FPS-00000269,SLE-00000165,2025-08-11,GSA-002,EMP-00017,FP-004,LND-002,Retail Finance,GAP,ELIG-GAP,1,1,1672.08,509.52,1162.56,60,arpi_synthetic_generator
FPS-00000270,SLE-00000167,2025-08-11,GSA-001,EMP-00005,FP-001,LND-001,Retail Finance,Vehicle Service Contract,ELIG-VSC,1,1,1699.28,874.11,825.17,60,arpi_synthetic_generator
FPS-00000271,SLE-00000167,2025-08-11,GSA-001,EMP-00005,FP-008,LND-001,Retail Finance,Prepaid Maintenance,ELIG-PPM,2,1,667.05,386.49,280.56,24,arpi_synthetic_generator
FPS-00000272,SLE-00000168,2025-08-11,GSA-002,,FP-004,LND-005,Retail Finance,GAP,ELIG-GAP,1,1,924.30,282.28,642.02,72,arpi_synthetic_generator
FPS-00000273,SLE-00000169,2025-08-11,GSA-001,EMP-00005,FP-001,LND-001,Retail Finance,Vehicle Service Contract,ELIG-VSC,1,1,839.98,443.09,396.89,72,arpi_synthetic_generator
FPS-00000274,SLE-00000169,2025-08-11,GSA-001,EMP-00005,FP-007,LND-001,Retail Finance,Tire & Wheel,ELIG-TW,2,1,441.10,199.00,242.10,48,arpi_synthetic_generator
FPS-00000275,SLE-00000169,2025-08-11,GSA-001,EMP-00005,FP-012,LND-001,Retail Finance,Key Replacement,ELIG-OTH,3,1,146.18,54.89,91.29,48,arpi_synthetic_generator
FPS-00000276,SLE-00000169,2025-08-11,GSA-001,EMP-00005,FP-013,LND-001,Retail Finance,Theft or Security Product,ELIG-OTH,4,1,184.24,61.20,123.04,48,arpi_synthetic_generator
FPS-00000277,SLE-00000170,2025-08-12,GSA-003,EMP-00028,FP-005,LND-004,Retail Finance,GAP,ELIG-GAP,1,1,814.80,255.03,559.77,60,arpi_synthetic_generator
FPS-00000278,SLE-00000173,2025-08-12,GSA-001,EMP-00005,FP-002,,Cash,Vehicle Service Contract,ELIG-VSC,1,1,1057.21,545.09,512.12,72,arpi_synthetic_generator
FPS-00000279,SLE-00000174,2025-08-12,GSA-002,EMP-00017,FP-007,LND-002,Lease,Tire & Wheel,ELIG-TW,1,1,1078.63,471.85,606.78,48,arpi_synthetic_generator
FPS-00000280,SLE-00000174,2025-08-12,GSA-002,EMP-00017,FP-015,LND-002,Lease,Paintless Dent Protection,ELIG-OTH,2,1,485.26,186.85,298.41,36,arpi_synthetic_generator
FPS-00000281,SLE-00000175,2025-08-12,GSA-002,EMP-00017,FP-013,LND-006,Retail Finance,Theft or Security Product,ELIG-OTH,1,1,806.47,264.01,542.46,60,arpi_synthetic_generator
FPS-00000282,SLE-00000178,2025-08-13,GSA-003,EMP-00028,FP-010,LND-003,Retail Finance,Appearance Protection,ELIG-OTH,1,1,759.80,249.47,510.33,48,arpi_synthetic_generator
FPS-00000283,SLE-00000179,2025-08-13,GSA-001,EMP-00005,FP-007,LND-001,Retail Finance,Tire & Wheel,ELIG-TW,1,1,1871.27,873.03,998.24,36,arpi_synthetic_generator
FPS-00000284,SLE-00000179,2025-08-13,GSA-001,EMP-00005,FP-008,LND-001,Retail Finance,Prepaid Maintenance,ELIG-PPM,2,1,1322.38,765.98,556.40,24,arpi_synthetic_generator
FPS-00000285,SLE-00000179,2025-08-13,GSA-001,EMP-00005,FP-010,LND-001,Retail Finance,Appearance Protection,ELIG-OTH,3,1,1442.39,493.25,949.14,48,arpi_synthetic_generator
FPS-00000286,SLE-00000180,2025-08-13,GSA-001,EMP-00005,FP-004,LND-004,Retail Finance,GAP,ELIG-GAP,1,1,766.26,220.66,545.60,72,arpi_synthetic_generator
FPS-00000287,SLE-00000181,2025-08-13,GSA-003,EMP-00028,FP-007,LND-005,Retail Finance,Tire & Wheel,ELIG-TW,1,1,839.78,358.42,481.36,60,arpi_synthetic_generator
FPS-00000288,SLE-00000182,2025-08-14,GSA-003,EMP-00028,FP-011,,Cash,Appearance Protection,ELIG-OTH,1,1,1420.98,486.19,934.79,48,arpi_synthetic_generator
FPS-00000289,SLE-00000184,2025-08-14,GSA-003,EMP-00028,FP-004,LND-002,Retail Finance,GAP,ELIG-GAP,1,1,408.12,116.84,291.28,72,arpi_synthetic_generator
FPS-00000290,SLE-00000184,2025-08-14,GSA-003,EMP-00028,FP-013,LND-002,Retail Finance,Theft or Security Product,ELIG-OTH,2,1,284.80,88.50,196.30,60,arpi_synthetic_generator
FPS-00000291,SLE-00000185,2025-08-14,GSA-001,EMP-00005,FP-004,LND-004,Retail Finance,GAP,ELIG-GAP,1,1,221.07,64.64,156.43,72,arpi_synthetic_generator
FPS-00000292,SLE-00000185,2025-08-14,GSA-001,EMP-00005,FP-007,LND-004,Retail Finance,Tire & Wheel,ELIG-TW,2,1,358.64,151.21,207.43,48,arpi_synthetic_generator
FPS-00000293,SLE-00000185,2025-08-14,GSA-001,EMP-00005,FP-015,LND-004,Retail Finance,Paintless Dent Protection,ELIG-OTH,3,1,160.71,58.69,102.02,36,arpi_synthetic_generator
FPS-00000294,SLE-00000186,2025-08-14,GSA-001,EMP-00005,FP-007,LND-001,Retail Finance,Tire & Wheel,ELIG-TW,1,1,1378.28,624.15,754.13,48,arpi_synthetic_generator
FPS-00000295,SLE-00000186,2025-08-14,GSA-001,EMP-00005,FP-011,LND-001,Retail Finance,Appearance Protection,ELIG-OTH,2,1,911.24,305.46,605.78,48,arpi_synthetic_generator
FPS-00000296,SLE-00000187,2025-08-14,GSA-001,EMP-00005,FP-002,LND-001,Retail Finance,Vehicle Service Contract,ELIG-VSC,1,1,733.40,368.23,365.17,60,arpi_synthetic_generator
FPS-00000297,SLE-00000187,2025-08-14,GSA-001,EMP-00005,FP-004,LND-001,Retail Finance,GAP,ELIG-GAP,2,1,194.24,56.55,137.69,72,arpi_synthetic_generator
FPS-00000298,SLE-00000187,2025-08-14,GSA-001,EMP-00005,FP-011,LND-001,Retail Finance,Appearance Protection,ELIG-OTH,3,1,227.10,80.43,146.67,48,arpi_synthetic_generator
FPS-00000299,SLE-00000187,2025-08-14,GSA-001,EMP-00005,FP-013,LND-001,Retail Finance,Theft or Security Product,ELIG-OTH,4,1,134.84,42.05,92.79,60,arpi_synthetic_generator
FPS-00000300,SLE-00000187,2025-08-14,GSA-001,EMP-00005,FP-014,LND-001,Retail Finance,Paintless Dent Protection,ELIG-OTH,5,1,170.99,63.23,107.76,72,arpi_synthetic_generator
FPS-00000301,SLE-00000188,2025-08-14,GSA-003,EMP-00028,FP-005,LND-008,Retail Finance,GAP,ELIG-GAP,1,1,162.79,54.40,108.39,48,arpi_synthetic_generator
FPS-00000302,SLE-00000188,2025-08-14,GSA-003,EMP-00028,FP-007,LND-008,Retail Finance,Tire & Wheel,ELIG-TW,2,1,288.41,123.11,165.30,36,arpi_synthetic_generator
FPS-00000303,SLE-00000189,2025-08-14,GSA-003,EMP-00028,FP-003,LND-004,Retail Finance,Vehicle Service Contract,ELIG-VSC,1,1,688.64,385.87,302.77,96,arpi_synthetic_generator
FPS-00000304,SLE-00000189,2025-08-14,GSA-003,EMP-00028,FP-004,LND-004,Retail Finance,GAP,ELIG-GAP,2,1,142.76,39.59,103.17,72,arpi_synthetic_generator
FPS-00000305,SLE-00000189,2025-08-14,GSA-003,EMP-00028,FP-013,LND-004,Retail Finance,Theft or Security Product,ELIG-OTH,3,1,102.62,33.10,69.52,60,arpi_synthetic_generator
FPS-00000306,SLE-00000191,2025-08-14,GSA-001,EMP-00005,FP-005,LND-001,Retail Finance,GAP,ELIG-GAP,1,1,1385.17,465.49,919.68,60,arpi_synthetic_generator
FPS-00000307,SLE-00000191,2025-08-14,GSA-001,EMP-00005,FP-012,LND-001,Retail Finance,Key Replacement,ELIG-OTH,2,1,861.85,333.04,528.81,36,arpi_synthetic_generator
FPS-00000308,SLE-00000192,2025-08-14,GSA-002,EMP-00017,FP-012,LND-008,Retail Finance,Key Replacement,ELIG-OTH,1,1,126.97,47.55,79.42,48,arpi_synthetic_generator
FPS-00000309,SLE-00000192,2025-08-14,GSA-002,EMP-00017,FP-014,LND-008,Retail Finance,Paintless Dent Protection,ELIG-OTH,2,1,187.72,63.42,124.30,60,arpi_synthetic_generator
FPS-00000310,SLE-00000193,2025-08-15,GSA-001,EMP-00005,FP-005,LND-001,Retail Finance,GAP,ELIG-GAP,1,1,477.30,155.21,322.09,60,arpi_synthetic_generator
FPS-00000311,SLE-00000193,2025-08-15,GSA-001,EMP-00005,FP-013,LND-001,Retail Finance,Theft or Security Product,ELIG-OTH,2,1,367.79,118.17,249.62,60,arpi_synthetic_generator
FPS-00000312,SLE-00000194,2025-08-15,GSA-002,EMP-00017,FP-004,LND-002,Retail Finance,GAP,ELIG-GAP,1,1,506.65,141.85,364.80,72,arpi_synthetic_generator
FPS-00000313,SLE-00000195,2025-08-15,GSA-002,EMP-00017,FP-002,LND-007,Retail Finance,Vehicle Service Contract,ELIG-VSC,1,1,458.84,243.56,215.28,72,arpi_synthetic_generator
FPS-00000314,SLE-00000195,2025-08-15,GSA-002,EMP-00017,FP-006,LND-007,Retail Finance,Tire & Wheel,ELIG-TW,2,1,163.94,72.18,91.76,36,arpi_synthetic_generator
FPS-00000315,SLE-00000195,2025-08-15,GSA-002,EMP-00017,FP-008,LND-007,Retail Finance,Prepaid Maintenance,ELIG-PPM,3,1,138.84,78.84,60.00,24,arpi_synthetic_generator
FPS-00000316,SLE-00000195,2025-08-15,GSA-002,EMP-00017,FP-013,LND-007,Retail Finance,Theft or Security Product,ELIG-OTH,4,1,80.26,25.56,54.70,60,arpi_synthetic_generator
FPS-00000317,SLE-00000197,2025-08-16,GSA-002,EMP-00017,FP-001,LND-004,Retail Finance,Vehicle Service Contract,ELIG-VSC,1,1,2542.40,1335.55,1206.85,60,arpi_synthetic_generator
FPS-00000318,SLE-00000197,2025-08-16,GSA-002,EMP-00017,FP-019,LND-004,Retail Finance,Other Aftermarket Product,ELIG-OTH,2,1,388.03,134.59,253.44,60,arpi_synthetic_generator
FPS-00000319,SLE-00000197,2025-08-16,GSA-002,EMP-00017,FP-018,LND-004,Retail Finance,Other Aftermarket Product,ELIG-OTH,3,1,488.58,174.80,313.78,24,arpi_synthetic_generator
FPS-00000320,SLE-00000198,2025-08-16,GSA-002,EMP-00017,FP-001,LND-007,Retail Finance,Vehicle Service Contract,ELIG-VSC,1,1,654.43,347.73,306.70,72,arpi_synthetic_generator
FPS-00000321,SLE-00000198,2025-08-16,GSA-002,EMP-00017,FP-006,LND-007,Retail Finance,Tire & Wheel,ELIG-TW,2,1,293.02,133.53,159.49,24,arpi_synthetic_generator
FPS-00000322,SLE-00000198,2025-08-16,GSA-002,EMP-00017,FP-013,LND-007,Retail Finance,Theft or Security Product,ELIG-OTH,3,1,139.90,44.82,95.08,60,arpi_synthetic_generator
FPS-00000323,SLE-00000199,2025-08-16,GSA-001,EMP-00005,FP-004,LND-008,Retail Finance,GAP,ELIG-GAP,1,1,282.61,84.03,198.58,84,arpi_synthetic_generator
FPS-00000324,SLE-00000199,2025-08-16,GSA-001,EMP-00005,FP-007,LND-008,Retail Finance,Tire & Wheel,ELIG-TW,2,1,474.35,211.02,263.33,48,arpi_synthetic_generator
FPS-00000325,SLE-00000199,2025-08-16,GSA-001,EMP-00005,FP-009,LND-008,Retail Finance,Prepaid Maintenance,ELIG-PPM,3,1,281.13,164.58,116.55,24,arpi_synthetic_generator
FPS-00000326,SLE-00000200,2025-08-16,GSA-003,EMP-00028,FP-005,LND-009,Retail Finance,GAP,ELIG-GAP,1,1,686.40,210.06,476.34,60,arpi_synthetic_generator
FPS-00000327,SLE-00000201,2025-08-16,GSA-003,EMP-00028,FP-010,LND-001,Retail Finance,Appearance Protection,ELIG-OTH,1,1,965.52,332.09,633.43,48,arpi_synthetic_generator
FPS-00000328,SLE-00000202,2025-08-16,GSA-003,EMP-00028,FP-005,LND-006,Retail Finance,GAP,ELIG-GAP,1,1,239.99,72.73,167.26,48,arpi_synthetic_generator
FPS-00000329,SLE-00000202,2025-08-16,GSA-003,EMP-00028,FP-007,LND-006,Retail Finance,Tire & Wheel,ELIG-TW,2,1,474.76,219.68,255.08,48,arpi_synthetic_generator
FPS-00000330,SLE-00000203,2025-08-18,GSA-001,EMP-00005,FP-004,LND-003,Retail Finance,GAP,ELIG-GAP,1,1,1891.10,574.45,1316.65,84,arpi_synthetic_generator
FPS-00000331,SLE-00000204,2025-08-18,GSA-001,,FP-010,LND-006,Retail Finance,Appearance Protection,ELIG-OTH,1,1,235.89,78.63,157.26,72,arpi_synthetic_generator
FPS-00000332,SLE-00000205,2025-08-18,GSA-001,,FP-013,LND-006,Retail Finance,Theft or Security Product,ELIG-OTH,1,1,169.48,50.84,118.64,72,arpi_synthetic_generator
FPS-00000333,SLE-00000205,2025-08-18,GSA-001,,FP-015,LND-006,Retail Finance,Paintless Dent Protection,ELIG-OTH,2,1,182.05,67.23,114.82,36,arpi_synthetic_generator
FPS-00000334,SLE-00000206,2025-08-18,GSA-001,EMP-00005,FP-003,LND-008,Retail Finance,Vehicle Service Contract,ELIG-VSC,1,1,1535.81,847.34,688.47,72,arpi_synthetic_generator
FPS-00000335,SLE-00000206,2025-08-18,GSA-001,EMP-00005,FP-005,LND-008,Retail Finance,GAP,ELIG-GAP,2,1,299.86,95.87,203.99,48,arpi_synthetic_generator
FPS-00000336,SLE-00000207,2025-08-19,GSA-003,EMP-00028,FP-004,LND-004,Retail Finance,GAP,ELIG-GAP,1,1,457.13,130.86,326.27,60,arpi_synthetic_generator
FPS-00000337,SLE-00000211,2025-08-21,GSA-002,EMP-00017,FP-005,LND-003,Retail Finance,GAP,ELIG-GAP,1,1,208.95,68.68,140.27,60,arpi_synthetic_generator
FPS-00000338,SLE-00000212,2025-08-21,GSA-003,EMP-00028,FP-002,LND-006,Retail Finance,Vehicle Service Contract,ELIG-VSC,1,1,1102.17,535.97,566.20,60,arpi_synthetic_generator
FPS-00000339,SLE-00000213,2025-08-22,GSA-003,EMP-00028,FP-004,LND-003,Retail Finance,GAP,ELIG-GAP,1,1,1354.09,380.69,973.40,72,arpi_synthetic_generator
FPS-00000340,SLE-00000214,2025-08-22,GSA-001,EMP-00005,FP-001,LND-001,Lease,Vehicle Service Contract,ELIG-VSC,1,1,1034.60,548.84,485.76,60,arpi_synthetic_generator
FPS-00000341,SLE-00000214,2025-08-22,GSA-001,EMP-00005,FP-017,LND-001,Lease,Lease Wear Protection,ELIG-LWP,2,1,391.00,148.12,242.88,39,arpi_synthetic_generator
FPS-00000342,SLE-00000215,2025-08-22,GSA-001,EMP-00005,FP-003,LND-003,Retail Finance,Vehicle Service Contract,ELIG-VSC,1,1,1229.31,649.46,579.85,84,arpi_synthetic_generator
FPS-00000343,SLE-00000215,2025-08-22,GSA-001,EMP-00005,FP-006,LND-003,Retail Finance,Tire & Wheel,ELIG-TW,2,1,413.73,190.38,223.35,36,arpi_synthetic_generator
FPS-00000344,SLE-00000215,2025-08-22,GSA-001,EMP-00005,FP-013,LND-003,Retail Finance,Theft or Security Product,ELIG-OTH,3,1,194.08,60.93,133.15,60,arpi_synthetic_generator
FPS-00000345,SLE-00000216,2025-08-23,GSA-001,EMP-00005,FP-002,LND-006,Retail Finance,Vehicle Service Contract,ELIG-VSC,1,1,2620.73,1404.04,1216.69,72,arpi_synthetic_generator
FPS-00000346,SLE-00000219,2025-08-23,GSA-003,EMP-00028,FP-001,LND-006,Retail Finance,Vehicle Service Contract,ELIG-VSC,1,1,346.69,189.40,157.29,60,arpi_synthetic_generator
FPS-00000347,SLE-00000219,2025-08-23,GSA-003,EMP-00028,FP-005,LND-006,Retail Finance,GAP,ELIG-GAP,2,1,93.44,30.53,62.91,60,arpi_synthetic_generator
FPS-00000348,SLE-00000220,2025-08-23,GSA-001,EMP-00005,FP-005,LND-001,Retail Finance,GAP,ELIG-GAP,1,1,195.35,59.60,135.75,60,arpi_synthetic_generator
FPS-00000349,SLE-00000220,2025-08-23,GSA-001,EMP-00005,FP-006,LND-001,Retail Finance,Tire & Wheel,ELIG-TW,2,1,327.36,150.88,176.48,36,arpi_synthetic_generator
FPS-00000350,SLE-00000220,2025-08-23,GSA-001,EMP-00005,FP-010,LND-001,Retail Finance,Appearance Protection,ELIG-OTH,3,1,297.03,100.19,196.84,48,arpi_synthetic_generator
FPS-00000351,SLE-00000221,2025-08-23,GSA-001,EMP-00005,FP-008,LND-001,Lease,Prepaid Maintenance,ELIG-PPM,1,1,2044.60,1166.69,877.91,24,arpi_synthetic_generator
FPS-00000352,SLE-00000221,2025-08-23,GSA-001,EMP-00005,FP-014,LND-001,Lease,Paintless Dent Protection,ELIG-OTH,2,1,1425.76,496.21,929.55,72,arpi_synthetic_generator
FPS-00000353,SLE-00000222,2025-08-23,GSA-002,EMP-00017,FP-002,LND-006,Retail Finance,Vehicle Service Contract,ELIG-VSC,1,1,311.42,151.70,159.72,72,arpi_synthetic_generator
FPS-00000354,SLE-00000222,2025-08-23,GSA-002,EMP-00017,FP-008,LND-006,Retail Finance,Prepaid Maintenance,ELIG-PPM,2,1,96.95,52.44,44.51,24,arpi_synthetic_generator
FPS-00000355,SLE-00000223,2025-08-23,GSA-002,EMP-00017,FP-010,LND-006,Retail Finance,Appearance Protection,ELIG-OTH,1,1,1689.83,593.96,1095.87,60,arpi_synthetic_generator
FPS-00000356,SLE-00000223,2025-08-23,GSA-002,EMP-00017,FP-012,LND-006,Retail Finance,Key Replacement,ELIG-OTH,2,1,711.37,276.80,434.57,60,arpi_synthetic_generator
FPS-00000357,SLE-00000224,2025-08-24,GSA-001,EMP-00005,FP-001,LND-001,Lease,Vehicle Service Contract,ELIG-VSC,1,1,2678.66,1374.25,1304.41,60,arpi_synthetic_generator
FPS-00000358,SLE-00000224,2025-08-24,GSA-001,EMP-00005,FP-016,LND-001,Lease,Lease Wear Protection,ELIG-LWP,2,1,931.92,357.98,573.94,36,arpi_synthetic_generator
FPS-00000359,SLE-00000225,2025-08-25,GSA-003,EMP-00028,FP-011,LND-008,Retail Finance,Appearance Protection,ELIG-OTH,1,1,514.95,173.43,341.52,48,arpi_synthetic_generator
FPS-00000360,SLE-00000225,2025-08-25,GSA-003,EMP-00028,FP-019,LND-008,Retail Finance,Other Aftermarket Product,ELIG-OTH,2,1,228.44,82.07,146.37,48,arpi_synthetic_generator
FPS-00000361,SLE-00000226,2025-08-25,GSA-002,EMP-00017,FP-018,LND-008,Retail Finance,Other Aftermarket Product,ELIG-OTH,1,1,1453.00,576.08,876.92,36,arpi_synthetic_generator
FPS-00000362,SLE-00000227,2025-08-25,GSA-002,EMP-00017,FP-001,LND-010,Retail Finance,Vehicle Service Contract,ELIG-VSC,1,1,1699.44,918.40,781.04,60,arpi_synthetic_generator
FPS-00000363,SLE-00000227,2025-08-25,GSA-002,EMP-00017,FP-004,LND-010,Retail Finance,GAP,ELIG-GAP,2,1,520.21,160.93,359.28,84,arpi_synthetic_generator
FPS-00000364,SLE-00000227,2025-08-25,GSA-002,EMP-00017,FP-008,LND-010,Retail Finance,Prepaid Maintenance,ELIG-PPM,3,1,604.39,338.83,265.56,36,arpi_synthetic_generator
FPS-00000365,SLE-00000229,2025-08-25,GSA-001,EMP-00005,FP-019,,Cash,Other Aftermarket Product,ELIG-OTH,1,1,2054.03,717.04,1336.99,72,arpi_synthetic_generator
FPS-00000366,SLE-00000230,2025-08-26,GSA-002,EMP-00017,FP-003,LND-010,Retail Finance,Vehicle Service Contract,ELIG-VSC,1,1,762.66,417.58,345.08,72,arpi_synthetic_generator
FPS-00000367,SLE-00000230,2025-08-26,GSA-002,EMP-00017,FP-010,LND-010,Retail Finance,Appearance Protection,ELIG-OTH,2,1,229.72,81.47,148.25,60,arpi_synthetic_generator
FPS-00000368,SLE-00000230,2025-08-26,GSA-002,EMP-00017,FP-012,LND-010,Retail Finance,Key Replacement,ELIG-OTH,3,1,97.01,38.22,58.79,48,arpi_synthetic_generator
FPS-00000369,SLE-00000230,2025-08-26,GSA-002,EMP-00017,FP-013,LND-010,Retail Finance,Theft or Security Product,ELIG-OTH,4,1,117.70,38.46,79.24,60,arpi_synthetic_generator
FPS-00000370,SLE-00000231,2025-08-26,GSA-002,EMP-00017,FP-009,,Cash,Prepaid Maintenance,ELIG-PPM,1,1,637.28,350.22,287.06,24,arpi_synthetic_generator
FPS-00000371,SLE-00000231,2025-08-26,GSA-002,EMP-00017,FP-011,,Cash,Appearance Protection,ELIG-OTH,2,1,827.98,307.02,520.96,48,arpi_synthetic_generator
FPS-00000372,SLE-00000232,2025-08-26,GSA-002,EMP-00017,FP-006,LND-002,Retail Finance,Tire & Wheel,ELIG-TW,1,1,1296.16,590.39,705.77,48,arpi_synthetic_generator
FPS-00000373,SLE-00000233,2025-08-26,GSA-003,EMP-00028,FP-002,,Cash,Vehicle Service Contract,ELIG-VSC,1,1,3946.49,1928.09,2018.40,60,arpi_synthetic_generator
FPS-00000374,SLE-00000234,2025-08-26,GSA-002,EMP-00017,FP-012,,Cash,Key Replacement,ELIG-OTH,1,1,2785.46,1120.63,1664.83,48,arpi_synthetic_generator
FPS-00000375,SLE-00000235,2025-08-26,GSA-003,EMP-00028,FP-002,LND-007,Retail Finance,Vehicle Service Contract,ELIG-VSC,1,1,345.68,184.26,161.42,72,arpi_synthetic_generator
FPS-00000376,SLE-00000235,2025-08-26,GSA-003,EMP-00028,FP-004,LND-007,Retail Finance,GAP,ELIG-GAP,2,1,87.10,26.24,60.86,72,arpi_synthetic_generator
FPS-00000377,SLE-00000235,2025-08-26,GSA-003,EMP-00028,FP-006,LND-007,Retail Finance,Tire & Wheel,ELIG-TW,3,1,123.76,54.96,68.80,24,arpi_synthetic_generator
FPS-00000378,SLE-00000236,2025-08-26,GSA-001,EMP-00005,FP-005,LND-001,Retail Finance,GAP,ELIG-GAP,1,1,1117.39,356.63,760.76,48,arpi_synthetic_generator
FPS-00000379,SLE-00000236,2025-08-26,GSA-001,EMP-00005,FP-008,LND-001,Retail Finance,Prepaid Maintenance,ELIG-PPM,2,1,1397.01,750.36,646.65,48,arpi_synthetic_generator
FPS-00000380,SLE-00000236,2025-08-26,GSA-001,EMP-00005,FP-015,LND-001,Retail Finance,Paintless Dent Protection,ELIG-OTH,3,1,927.40,356.83,570.57,36,arpi_synthetic_generator
FPS-00000381,SLE-00000237,2025-08-27,GSA-002,EMP-00017,FP-003,LND-009,Retail Finance,Vehicle Service Contract,ELIG-VSC,1,1,1147.59,616.76,530.83,72,arpi_synthetic_generator
FPS-00000382,SLE-00000237,2025-08-27,GSA-002,EMP-00017,FP-004,LND-009,Retail Finance,GAP,ELIG-GAP,2,1,258.31,77.44,180.87,72,arpi_synthetic_generator
FPS-00000383,SLE-00000237,2025-08-27,GSA-002,EMP-00017,FP-012,LND-009,Retail Finance,Key Replacement,ELIG-OTH,3,1,143.31,52.87,90.44,36,arpi_synthetic_generator
FPS-00000384,SLE-00000237,2025-08-27,GSA-002,EMP-00017,FP-013,LND-009,Retail Finance,Theft or Security Product,ELIG-OTH,4,1,173.23,51.34,121.89,48,arpi_synthetic_generator
FPS-00000385,SLE-00000238,2025-08-27,GSA-001,EMP-00005,FP-005,LND-001,Retail Finance,GAP,ELIG-GAP,1,1,288.22,89.49,198.73,72,arpi_synthetic_generator
FPS-00000386,SLE-00000238,2025-08-27,GSA-001,EMP-00005,FP-007,LND-001,Retail Finance,Tire & Wheel,ELIG-TW,2,1,538.73,235.67,303.06,36,arpi_synthetic_generator
FPS-00000387,SLE-00000238,2025-08-27,GSA-001,EMP-00005,FP-008,LND-001,Retail Finance,Prepaid Maintenance,ELIG-PPM,3,1,398.88,229.96,168.92,48,arpi_synthetic_generator
FPS-00000388,SLE-00000238,2025-08-27,GSA-001,EMP-00005,FP-010,LND-001,Retail Finance,Appearance Protection,ELIG-OTH,4,1,417.94,129.79,288.15,60,arpi_synthetic_generator
FPS-00000389,SLE-00000239,2025-08-27,GSA-002,EMP-00017,FP-004,LND-007,Retail Finance,GAP,ELIG-GAP,1,1,452.08,141.34,310.74,72,arpi_synthetic_generator
FPS-00000390,SLE-00000239,2025-08-27,GSA-002,EMP-00017,FP-018,LND-007,Retail Finance,Other Aftermarket Product,ELIG-OTH,2,1,282.21,106.57,175.64,36,arpi_synthetic_generator
FPS-00000391,SLE-00000242,2025-08-27,GSA-001,EMP-00005,FP-006,LND-001,Lease,Tire & Wheel,ELIG-TW,1,1,1082.73,484.94,597.79,24,arpi_synthetic_generator
FPS-00000392,SLE-00000242,2025-08-27,GSA-001,EMP-00005,FP-008,LND-001,Lease,Prepaid Maintenance,ELIG-PPM,2,1,848.84,457.97,390.87,48,arpi_synthetic_generator
FPS-00000393,SLE-00000243,2025-08-27,GSA-002,EMP-00017,FP-001,,Cash,Vehicle Service Contract,ELIG-VSC,1,1,2025.77,1055.01,970.76,72,arpi_synthetic_generator
FPS-00000394,SLE-00000244,2025-08-28,GSA-002,EMP-00017,FP-003,LND-002,Retail Finance,Vehicle Service Contract,ELIG-VSC,1,1,582.65,305.49,277.16,72,arpi_synthetic_generator
FPS-00000395,SLE-00000244,2025-08-28,GSA-002,EMP-00017,FP-007,LND-002,Retail Finance,Tire & Wheel,ELIG-TW,2,1,223.12,97.89,125.23,48,arpi_synthetic_generator
FPS-00000396,SLE-00000244,2025-08-28,GSA-002,EMP-00017,FP-010,LND-002,Retail Finance,Appearance Protection,ELIG-OTH,3,1,183.22,64.15,119.07,72,arpi_synthetic_generator
FPS-00000397,SLE-00000244,2025-08-28,GSA-002,EMP-00017,FP-012,LND-002,Retail Finance,Key Replacement,ELIG-OTH,4,1,77.02,29.80,47.22,48,arpi_synthetic_generator
FPS-00000398,SLE-00000245,2025-08-28,GSA-002,EMP-00017,FP-002,,Cash,Vehicle Service Contract,ELIG-VSC,1,1,1093.47,556.57,536.90,84,arpi_synthetic_generator
FPS-00000399,SLE-00000246,2025-08-29,GSA-002,EMP-00017,FP-007,,Cash,Tire & Wheel,ELIG-TW,1,1,2270.99,1005.34,1265.65,60,arpi_synthetic_generator
FPS-00000400,SLE-00000247,2025-08-29,GSA-001,,FP-011,LND-005,Retail Finance,Appearance Protection,ELIG-OTH,1,1,791.90,283.01,508.89,48,arpi_synthetic_generator
