inventory_accounting_id,dealership_id,vehicle_id,accounting_date,acquisition_date,control_account_category,acquisition_cost,capitalized_transportation,capitalized_reconditioning,capitalized_accessories,other_capitalized_costs,write_down_amount,current_book_value,floorplan_principal,days_in_stock,source_system
IAS-00000001,GSA-001,VEH-0000007,2025-07-31,2025-03-31,New Vehicle Inventory,37590.80,895.00,131.00,0.00,0.00,1503.63,37113.17,37590.80,122,SYNTHETIC-DMS-ACCOUNTING
IAS-00000002,GSA-001,VEH-0000016,2025-07-31,2025-03-15,New Vehicle Inventory,37501.22,895.00,143.00,395.00,0.00,1500.05,37434.17,37501.22,138,SYNTHETIC-DMS-ACCOUNTING
IAS-00000003,GSA-001,VEH-0000019,2025-07-31,2025-06-26,Used Vehicle Inventory,5329.28,450.00,1705.61,0.00,0.00,0.00,7484.89,5329.28,35,SYNTHETIC-DMS-ACCOUNTING
IAS-00000004,GSA-001,VEH-0000059,2025-07-31,2025-06-17,New Vehicle Inventory,45113.67,895.00,95.00,0.00,0.00,0.00,46103.67,45113.67,44,SYNTHETIC-DMS-ACCOUNTING
IAS-00000005,GSA-001,VEH-0000070,2025-07-31,2025-07-08,Used Vehicle Inventory,4079.86,0.00,1380.76,0.00,0.00,0.00,5460.62,0.00,23,SYNTHETIC-DMS-ACCOUNTING
IAS-00000006,GSA-001,VEH-0000073,2025-07-31,2025-07-29,Certified Vehicle Inventory,32049.81,0.00,3332.96,0.00,425.00,0.00,35807.77,32049.81,2,SYNTHETIC-DMS-ACCOUNTING
IAS-00000007,GSA-001,VEH-0000089,2025-07-31,2025-05-01,New Vehicle Inventory,43924.17,895.00,62.00,0.00,0.00,0.00,44881.17,43924.17,91,SYNTHETIC-DMS-ACCOUNTING
IAS-00000008,GSA-001,VEH-0000103,2025-07-31,2025-06-02,Used Vehicle Inventory,7541.02,0.00,884.06,0.00,0.00,0.00,8425.08,7541.02,59,SYNTHETIC-DMS-ACCOUNTING
IAS-00000009,GSA-001,VEH-0000111,2025-07-31,2025-04-18,New Vehicle Inventory,34818.57,895.00,159.00,0.00,0.00,0.00,35872.57,34818.57,104,SYNTHETIC-DMS-ACCOUNTING
IAS-00000010,GSA-001,VEH-0000113,2025-07-31,2025-07-08,New Vehicle Inventory,45650.68,895.00,156.00,0.00,0.00,0.00,46701.68,45650.68,23,SYNTHETIC-DMS-ACCOUNTING
IAS-00000011,GSA-001,VEH-0000118,2025-07-31,2025-05-22,New Vehicle Inventory,35015.95,895.00,125.00,0.00,0.00,0.00,36035.95,35015.95,70,SYNTHETIC-DMS-ACCOUNTING
IAS-00000012,GSA-001,VEH-0000123,2025-07-31,2025-07-24,Used Vehicle Inventory,5631.09,450.00,766.01,395.00,0.00,0.00,7242.10,5631.09,7,SYNTHETIC-DMS-ACCOUNTING
IAS-00000013,GSA-001,VEH-0000125,2025-07-31,2025-04-25,New Vehicle Inventory,44859.29,895.00,148.00,0.00,0.00,0.00,45902.29,44859.29,97,SYNTHETIC-DMS-ACCOUNTING
IAS-00000014,GSA-001,VEH-0000151,2025-07-31,2025-03-26,Certified Vehicle Inventory,15289.06,0.00,2651.50,0.00,425.00,611.56,17754.00,0.00,127,SYNTHETIC-DMS-ACCOUNTING
IAS-00000015,GSA-001,VEH-0000171,2025-07-31,2025-07-09,New Vehicle Inventory,35094.70,895.00,52.00,249.00,0.00,0.00,36290.70,35094.70,22,SYNTHETIC-DMS-ACCOUNTING
IAS-00000016,GSA-001,VEH-0000175,2025-07-31,2025-06-27,Used Vehicle Inventory,10858.83,450.00,3143.30,880.00,0.00,0.00,15332.13,0.00,34,SYNTHETIC-DMS-ACCOUNTING
IAS-00000017,GSA-001,VEH-0000211,2025-07-31,2025-05-22,New Vehicle Inventory,36734.14,895.00,112.00,0.00,0.00,0.00,37741.14,36734.14,70,SYNTHETIC-DMS-ACCOUNTING
IAS-00000018,GSA-001,VEH-0000222,2025-07-31,2025-07-16,New Vehicle Inventory,45166.76,895.00,25.00,880.00,0.00,0.00,46966.76,45166.76,15,SYNTHETIC-DMS-ACCOUNTING
IAS-00000019,GSA-001,VEH-0000235,2025-07-31,2025-07-02,Used Vehicle Inventory,9227.33,0.00,2189.00,0.00,0.00,0.00,11416.33,0.00,29,SYNTHETIC-DMS-ACCOUNTING
IAS-00000020,GSA-001,VEH-0000237,2025-07-31,2025-06-10,Used Vehicle Inventory,2124.55,450.00,872.38,0.00,0.00,0.00,3446.93,2124.55,51,SYNTHETIC-DMS-ACCOUNTING
IAS-00000021,GSA-001,VEH-0000243,2025-07-31,2025-07-03,Used Vehicle Inventory,6317.47,0.00,1962.54,0.00,0.00,0.00,8280.01,0.00,28,SYNTHETIC-DMS-ACCOUNTING
IAS-00000022,GSA-001,VEH-0000254,2025-07-31,2025-07-16,Used Vehicle Inventory,37834.35,450.00,1107.63,0.00,0.00,0.00,39391.98,0.00,15,SYNTHETIC-DMS-ACCOUNTING
IAS-00000023,GSA-001,VEH-0000260,2025-07-31,2025-06-27,New Vehicle Inventory,44416.28,895.00,39.00,575.00,0.00,0.00,45925.28,44416.28,34,SYNTHETIC-DMS-ACCOUNTING
IAS-00000024,GSA-001,VEH-0000262,2025-07-31,2025-07-07,New Vehicle Inventory,35400.82,895.00,81.00,0.00,0.00,0.00,36376.82,35400.82,24,SYNTHETIC-DMS-ACCOUNTING
IAS-00000025,GSA-001,VEH-0000266,2025-07-31,2025-07-16,Used Vehicle Inventory,27751.12,0.00,792.02,0.00,0.00,0.00,28543.14,0.00,15,SYNTHETIC-DMS-ACCOUNTING
IAS-00000026,GSA-001,VEH-0000270,2025-07-31,2025-07-10,Used Vehicle Inventory,4625.68,450.00,1522.68,0.00,0.00,0.00,6598.36,4625.68,21,SYNTHETIC-DMS-ACCOUNTING
IAS-00000027,GSA-001,VEH-0000275,2025-07-31,2025-05-22,New Vehicle Inventory,41368.53,895.00,118.00,0.00,0.00,0.00,42381.53,41368.53,70,SYNTHETIC-DMS-ACCOUNTING
IAS-00000028,GSA-001,VEH-0000286,2025-07-31,2025-07-29,New Vehicle Inventory,44456.32,895.00,24.00,0.00,0.00,0.00,45375.32,44456.32,2,SYNTHETIC-DMS-ACCOUNTING
IAS-00000029,GSA-001,VEH-0000288,2025-07-31,2025-07-23,Used Vehicle Inventory,28179.48,450.00,1309.10,0.00,0.00,0.00,29938.58,28179.48,8,SYNTHETIC-DMS-ACCOUNTING
IAS-00000030,GSA-001,VEH-0000297,2025-07-31,2025-07-16,Used Vehicle Inventory,18964.81,0.00,1726.88,0.00,0.00,0.00,20691.69,18964.81,15,SYNTHETIC-DMS-ACCOUNTING
IAS-00000031,GSA-001,VEH-0000299,2025-07-31,2025-06-16,Certified Vehicle Inventory,28228.15,450.00,2783.91,0.00,425.00,0.00,31887.06,0.00,45,SYNTHETIC-DMS-ACCOUNTING
IAS-00000032,GSA-001,VEH-0000303,2025-07-31,2025-07-31,New Vehicle Inventory,36091.95,895.00,120.00,395.00,0.00,0.00,37501.95,36091.95,0,SYNTHETIC-DMS-ACCOUNTING
IAS-00000033,GSA-001,VEH-0000315,2025-07-31,2025-05-20,Used Vehicle Inventory,23832.22,0.00,937.74,0.00,0.00,0.00,24769.96,0.00,72,SYNTHETIC-DMS-ACCOUNTING
IAS-00000034,GSA-001,VEH-0000318,2025-07-31,2025-07-24,New Vehicle Inventory,34770.79,895.00,145.00,0.00,0.00,0.00,35810.79,34770.79,7,SYNTHETIC-DMS-ACCOUNTING
IAS-00000035,GSA-001,VEH-0000326,2025-07-31,2025-07-19,New Vehicle Inventory,34412.64,895.00,70.00,0.00,0.00,0.00,35377.64,34412.64,12,SYNTHETIC-DMS-ACCOUNTING
IAS-00000036,GSA-001,VEH-0000336,2025-07-31,2025-04-01,Certified Vehicle Inventory,15717.52,0.00,2507.04,575.00,425.00,628.70,18595.86,15717.52,121,SYNTHETIC-DMS-ACCOUNTING
IAS-00000037,GSA-001,VEH-0000341,2025-07-31,2025-07-30,Used Vehicle Inventory,28098.60,325.00,1351.69,575.00,0.00,0.00,30350.29,0.00,1,SYNTHETIC-DMS-ACCOUNTING
IAS-00000038,GSA-001,VEH-0000354,2025-07-31,2025-06-20,Certified Vehicle Inventory,17559.43,450.00,1581.89,0.00,425.00,0.00,20016.32,17559.43,41,SYNTHETIC-DMS-ACCOUNTING
IAS-00000039,GSA-001,VEH-0000358,2025-07-31,2025-07-04,New Vehicle Inventory,46186.10,895.00,33.00,0.00,0.00,0.00,47114.10,46186.10,27,SYNTHETIC-DMS-ACCOUNTING
IAS-00000040,GSA-001,VEH-0000379,2025-07-31,2025-05-09,Used Vehicle Inventory,35468.91,450.00,1222.16,0.00,0.00,0.00,37141.07,0.00,83,SYNTHETIC-DMS-ACCOUNTING
IAS-00000041,GSA-001,VEH-0000380,2025-07-31,2025-04-15,Used Vehicle Inventory,16612.40,450.00,1289.02,0.00,0.00,0.00,18351.42,16612.40,107,SYNTHETIC-DMS-ACCOUNTING
IAS-00000042,GSA-001,VEH-0000394,2025-07-31,2025-04-05,New Vehicle Inventory,35346.73,895.00,92.00,0.00,0.00,0.00,36333.73,35346.73,117,SYNTHETIC-DMS-ACCOUNTING
IAS-00000043,GSA-001,VEH-0000402,2025-07-31,2025-05-16,Used Vehicle Inventory,17661.00,0.00,2147.69,249.00,0.00,0.00,20057.69,0.00,76,SYNTHETIC-DMS-ACCOUNTING
IAS-00000044,GSA-001,VEH-0000411,2025-07-31,2025-06-18,Certified Vehicle Inventory,13938.91,325.00,2533.50,0.00,425.00,0.00,17222.41,0.00,43,SYNTHETIC-DMS-ACCOUNTING
IAS-00000045,GSA-001,VEH-0000425,2025-07-31,2025-07-08,Used Vehicle Inventory,13197.87,0.00,712.95,880.00,0.00,0.00,14790.82,0.00,23,SYNTHETIC-DMS-ACCOUNTING
IAS-00000046,GSA-001,VEH-0000436,2025-07-31,2025-05-30,New Vehicle Inventory,35164.31,895.00,30.00,0.00,0.00,0.00,36089.31,35164.31,62,SYNTHETIC-DMS-ACCOUNTING
IAS-00000047,GSA-001,VEH-0000437,2025-07-31,2025-06-27,Used Vehicle Inventory,9513.30,0.00,1861.57,0.00,0.00,0.00,11374.87,0.00,34,SYNTHETIC-DMS-ACCOUNTING
IAS-00000048,GSA-001,VEH-0000445,2025-07-31,2025-07-09,New Vehicle Inventory,33560.19,895.00,151.00,0.00,0.00,0.00,34606.19,33560.19,22,SYNTHETIC-DMS-ACCOUNTING
IAS-00000049,GSA-001,VEH-0000463,2025-07-31,2025-06-16,Used Vehicle Inventory,12238.48,450.00,1911.42,0.00,0.00,0.00,14599.90,12238.48,45,SYNTHETIC-DMS-ACCOUNTING
IAS-00000050,GSA-001,VEH-0000469,2025-07-31,2025-05-22,New Vehicle Inventory,35268.13,895.00,100.00,0.00,0.00,0.00,36263.13,35268.13,70,SYNTHETIC-DMS-ACCOUNTING
IAS-00000051,GSA-001,VEH-0000471,2025-07-31,2025-05-02,New Vehicle Inventory,37625.73,895.00,94.00,0.00,0.00,0.00,38614.73,37625.73,90,SYNTHETIC-DMS-ACCOUNTING
IAS-00000052,GSA-001,VEH-0000476,2025-07-31,2025-06-23,Certified Vehicle Inventory,6551.43,325.00,2023.37,0.00,425.00,0.00,9324.80,0.00,38,SYNTHETIC-DMS-ACCOUNTING
IAS-00000053,GSA-001,VEH-0000479,2025-07-31,2025-07-17,Used Vehicle Inventory,21708.29,0.00,1398.43,0.00,0.00,0.00,23106.72,21708.29,14,SYNTHETIC-DMS-ACCOUNTING
IAS-00000054,GSA-001,VEH-0000483,2025-07-31,2025-05-12,Used Vehicle Inventory,3209.84,450.00,1154.56,0.00,0.00,0.00,4814.40,0.00,80,SYNTHETIC-DMS-ACCOUNTING
IAS-00000055,GSA-001,VEH-0000500,2025-07-31,2025-07-09,Certified Vehicle Inventory,25833.49,450.00,2212.55,0.00,425.00,0.00,28921.04,0.00,22,SYNTHETIC-DMS-ACCOUNTING
IAS-00000056,GSA-001,VEH-0000503,2025-07-31,2025-03-12,Used Vehicle Inventory,32592.09,450.00,1070.14,0.00,0.00,1303.68,32808.55,32592.09,141,SYNTHETIC-DMS-ACCOUNTING
IAS-00000057,GSA-001,VEH-0000506,2025-07-31,2025-06-27,Certified Vehicle Inventory,6475.20,0.00,2003.55,0.00,425.00,0.00,8903.75,6475.20,34,SYNTHETIC-DMS-ACCOUNTING
IAS-00000058,GSA-001,VEH-0000518,2025-07-31,2025-06-27,Used Vehicle Inventory,40392.95,0.00,1579.87,0.00,0.00,0.00,41972.82,40392.95,34,SYNTHETIC-DMS-ACCOUNTING
IAS-00000059,GSA-001,VEH-0000527,2025-07-31,2025-05-25,Used Vehicle Inventory,14795.40,0.00,623.34,0.00,0.00,0.00,15418.74,14795.40,67,SYNTHETIC-DMS-ACCOUNTING
IAS-00000060,GSA-001,VEH-0000530,2025-07-31,2025-07-28,Used Vehicle Inventory,10533.57,0.00,1247.30,0.00,0.00,0.00,11780.87,10533.57,3,SYNTHETIC-DMS-ACCOUNTING
IAS-00000061,GSA-001,VEH-0000533,2025-07-31,2025-04-17,New Vehicle Inventory,46156.06,895.00,69.00,0.00,0.00,0.00,47120.06,46156.06,105,SYNTHETIC-DMS-ACCOUNTING
IAS-00000062,GSA-001,VEH-0000537,2025-07-31,2025-06-19,Used Vehicle Inventory,12108.75,450.00,1860.26,0.00,0.00,0.00,14419.01,0.00,42,SYNTHETIC-DMS-ACCOUNTING
IAS-00000063,GSA-001,VEH-0000555,2025-07-31,2025-07-21,Used Vehicle Inventory,32941.64,0.00,1689.90,0.00,0.00,0.00,34631.54,32941.64,10,SYNTHETIC-DMS-ACCOUNTING
IAS-00000064,GSA-001,VEH-0000577,2025-07-31,2025-05-05,New Vehicle Inventory,38046.07,895.00,130.00,0.00,0.00,0.00,39071.07,38046.07,87,SYNTHETIC-DMS-ACCOUNTING
IAS-00000065,GSA-001,VEH-0000585,2025-07-31,2025-06-06,New Vehicle Inventory,36460.09,895.00,56.00,0.00,0.00,0.00,37411.09,36460.09,55,SYNTHETIC-DMS-ACCOUNTING
IAS-00000066,GSA-001,VEH-0000587,2025-07-31,2025-07-08,Used Vehicle Inventory,3441.33,0.00,1008.08,0.00,0.00,0.00,4449.41,3441.33,23,SYNTHETIC-DMS-ACCOUNTING
IAS-00000067,GSA-001,VEH-0000588,2025-07-31,2025-06-19,New Vehicle Inventory,35526.09,895.00,84.00,0.00,0.00,0.00,36505.09,35526.09,42,SYNTHETIC-DMS-ACCOUNTING
IAS-00000068,GSA-001,VEH-0000589,2025-07-31,2025-06-21,New Vehicle Inventory,44535.59,895.00,146.00,0.00,0.00,0.00,45576.59,44535.59,40,SYNTHETIC-DMS-ACCOUNTING
IAS-00000069,GSA-001,VEH-0000593,2025-07-31,2025-05-22,Used Vehicle Inventory,9963.47,0.00,1074.53,0.00,0.00,0.00,11038.00,9963.47,70,SYNTHETIC-DMS-ACCOUNTING
IAS-00000070,GSA-001,VEH-0000594,2025-07-31,2025-06-30,Certified Vehicle Inventory,12189.87,0.00,3019.09,0.00,425.00,0.00,15633.96,12189.87,31,SYNTHETIC-DMS-ACCOUNTING
IAS-00000071,GSA-001,VEH-0000611,2025-07-31,2025-06-27,New Vehicle Inventory,44760.29,895.00,92.00,0.00,0.00,0.00,45747.29,44760.29,34,SYNTHETIC-DMS-ACCOUNTING
IAS-00000072,GSA-001,VEH-0000617,2025-07-31,2025-07-21,New Vehicle Inventory,33768.13,895.00,67.00,575.00,0.00,0.00,35305.13,33768.13,10,SYNTHETIC-DMS-ACCOUNTING
IAS-00000073,GSA-001,VEH-0000637,2025-07-31,2025-07-01,New Vehicle Inventory,35869.78,895.00,81.00,0.00,0.00,0.00,36845.78,35869.78,30,SYNTHETIC-DMS-ACCOUNTING
IAS-00000074,GSA-001,VEH-0000647,2025-07-31,2025-07-19,Certified Vehicle Inventory,6529.56,325.00,2017.69,0.00,425.00,0.00,9297.25,6529.56,12,SYNTHETIC-DMS-ACCOUNTING
IAS-00000075,GSA-001,VEH-0000659,2025-07-31,2025-07-08,Certified Vehicle Inventory,13375.04,0.00,1931.80,0.00,425.00,0.00,15731.84,0.00,23,SYNTHETIC-DMS-ACCOUNTING
IAS-00000076,GSA-001,VEH-0000660,2025-07-31,2025-02-14,Certified Vehicle Inventory,27279.21,0.00,1452.54,0.00,425.00,1091.17,28065.58,27279.21,167,SYNTHETIC-DMS-ACCOUNTING
IAS-00000077,GSA-001,VEH-0000669,2025-07-31,2025-07-11,Certified Vehicle Inventory,16911.47,0.00,2602.66,0.00,425.00,0.00,19939.13,16911.47,20,SYNTHETIC-DMS-ACCOUNTING
IAS-00000078,GSA-001,VEH-0000670,2025-07-31,2025-06-10,New Vehicle Inventory,35676.79,895.00,8.00,575.00,0.00,0.00,37154.79,35676.79,51,SYNTHETIC-DMS-ACCOUNTING
IAS-00000079,GSA-001,VEH-0000677,2025-07-31,2025-07-23,Used Vehicle Inventory,3419.60,0.00,1209.10,0.00,0.00,0.00,4628.70,0.00,8,SYNTHETIC-DMS-ACCOUNTING
IAS-00000080,GSA-001,VEH-0000687,2025-07-31,2025-07-19,New Vehicle Inventory,46643.83,895.00,30.00,0.00,0.00,0.00,47568.83,46643.83,12,SYNTHETIC-DMS-ACCOUNTING
IAS-00000081,GSA-001,VEH-0000690,2025-07-31,2025-06-09,Certified Vehicle Inventory,13180.67,0.00,1347.22,575.00,425.00,0.00,15527.89,13180.67,52,SYNTHETIC-DMS-ACCOUNTING
IAS-00000082,GSA-001,VEH-0000696,2025-07-31,2025-06-11,New Vehicle Inventory,42850.05,895.00,126.00,0.00,0.00,0.00,43871.05,42850.05,50,SYNTHETIC-DMS-ACCOUNTING
IAS-00000083,GSA-001,VEH-0000699,2025-07-31,2025-06-19,Certified Vehicle Inventory,15124.37,0.00,4252.34,0.00,425.00,0.00,19801.71,15124.37,42,SYNTHETIC-DMS-ACCOUNTING
IAS-00000084,GSA-001,VEH-0000712,2025-07-31,2025-06-26,Used Vehicle Inventory,12095.60,0.00,3464.86,0.00,0.00,0.00,15560.46,12095.60,35,SYNTHETIC-DMS-ACCOUNTING
IAS-00000085,GSA-001,VEH-0000726,2025-07-31,2025-07-18,New Vehicle Inventory,37247.54,895.00,44.00,249.00,0.00,0.00,38435.54,37247.54,13,SYNTHETIC-DMS-ACCOUNTING
IAS-00000086,GSA-001,VEH-0000738,2025-07-31,2025-07-21,New Vehicle Inventory,35569.24,895.00,53.00,0.00,0.00,0.00,36517.24,35569.24,10,SYNTHETIC-DMS-ACCOUNTING
IAS-00000087,GSA-001,VEH-0000742,2025-07-31,2025-06-17,Used Vehicle Inventory,3992.55,0.00,1358.06,0.00,0.00,0.00,5350.61,0.00,44,SYNTHETIC-DMS-ACCOUNTING
IAS-00000088,GSA-001,VEH-0000756,2025-07-31,2025-07-10,Used Vehicle Inventory,28243.40,450.00,1115.11,0.00,0.00,0.00,29808.51,0.00,21,SYNTHETIC-DMS-ACCOUNTING
IAS-00000089,GSA-001,VEH-0000763,2025-07-31,2025-07-09,Used Vehicle Inventory,25341.34,0.00,1088.11,249.00,0.00,0.00,26678.45,25341.34,22,SYNTHETIC-DMS-ACCOUNTING
IAS-00000090,GSA-001,VEH-0000771,2025-07-31,2025-07-04,New Vehicle Inventory,36093.49,895.00,94.00,0.00,0.00,0.00,37082.49,36093.49,27,SYNTHETIC-DMS-ACCOUNTING
IAS-00000091,GSA-001,VEH-0000784,2025-07-31,2025-06-19,Used Vehicle Inventory,16316.97,450.00,1509.72,0.00,0.00,0.00,18276.69,16316.97,42,SYNTHETIC-DMS-ACCOUNTING
IAS-00000092,GSA-001,VEH-0000811,2025-07-31,2025-03-13,New Vehicle Inventory,34083.89,895.00,35.00,0.00,0.00,1363.36,33650.53,34083.89,140,SYNTHETIC-DMS-ACCOUNTING
IAS-00000093,GSA-001,VEH-0000842,2025-07-31,2025-06-30,Certified Vehicle Inventory,28528.25,0.00,1780.52,0.00,425.00,0.00,30733.77,28528.25,31,SYNTHETIC-DMS-ACCOUNTING
IAS-00000094,GSA-001,VEH-0000845,2025-07-31,2025-04-16,Used Vehicle Inventory,24529.67,0.00,2233.07,0.00,0.00,0.00,26762.74,24529.67,106,SYNTHETIC-DMS-ACCOUNTING
IAS-00000095,GSA-001,VEH-0000860,2025-07-31,2025-06-17,New Vehicle Inventory,36154.48,895.00,82.00,0.00,0.00,0.00,37131.48,36154.48,44,SYNTHETIC-DMS-ACCOUNTING
IAS-00000096,GSA-001,VEH-0000864,2025-07-31,2025-06-13,Used Vehicle Inventory,3425.11,0.00,1210.53,0.00,0.00,0.00,4635.64,0.00,48,SYNTHETIC-DMS-ACCOUNTING
IAS-00000097,GSA-001,VEH-0000865,2025-07-31,2025-07-04,Certified Vehicle Inventory,16440.44,0.00,3698.60,0.00,425.00,0.00,20564.04,0.00,27,SYNTHETIC-DMS-ACCOUNTING
IAS-00000098,GSA-001,VEH-0000885,2025-07-31,2025-07-08,New Vehicle Inventory,33900.17,895.00,163.00,0.00,0.00,0.00,34958.17,33900.17,23,SYNTHETIC-DMS-ACCOUNTING
IAS-00000099,GSA-001,VEH-0000887,2025-07-31,2025-07-03,New Vehicle Inventory,33732.47,895.00,138.00,0.00,0.00,0.00,34765.47,33732.47,28,SYNTHETIC-DMS-ACCOUNTING
IAS-00000100,GSA-001,VEH-0000897,2025-07-31,2025-03-06,New Vehicle Inventory,33310.17,895.00,70.00,0.00,0.00,1332.41,32942.76,33310.17,147,SYNTHETIC-DMS-ACCOUNTING
IAS-00000101,GSA-002,VEH-0000049,2025-07-31,2025-06-05,New Vehicle Inventory,22428.79,895.00,66.00,0.00,0.00,0.00,23389.79,22428.79,56,SYNTHETIC-DMS-ACCOUNTING
IAS-00000102,GSA-002,VEH-0000053,2025-07-31,2025-07-03,Certified Vehicle Inventory,15458.10,0.00,2357.14,0.00,425.00,0.00,18240.24,15458.10,28,SYNTHETIC-DMS-ACCOUNTING
IAS-00000103,GSA-002,VEH-0000066,2025-07-31,2025-05-21,Used Vehicle Inventory,3848.51,0.00,1320.61,0.00,0.00,0.00,5169.12,0.00,71,SYNTHETIC-DMS-ACCOUNTING
IAS-00000104,GSA-002,VEH-0000079,2025-07-31,2025-03-04,Used Vehicle Inventory,14453.61,325.00,2615.86,0.00,0.00,578.14,16816.33,0.00,149,SYNTHETIC-DMS-ACCOUNTING
IAS-00000105,GSA-002,VEH-0000093,2025-07-31,2025-03-13,Certified Vehicle Inventory,12716.87,0.00,2651.40,0.00,425.00,508.67,15284.60,12716.87,140,SYNTHETIC-DMS-ACCOUNTING
IAS-00000106,GSA-002,VEH-0000098,2025-07-31,2025-07-16,New Vehicle Inventory,35649.77,895.00,112.00,0.00,0.00,0.00,36656.77,35649.77,15,SYNTHETIC-DMS-ACCOUNTING
IAS-00000107,GSA-002,VEH-0000126,2025-07-31,2025-06-24,Used Vehicle Inventory,3380.61,0.00,1198.96,0.00,0.00,0.00,4579.57,3380.61,37,SYNTHETIC-DMS-ACCOUNTING
IAS-00000108,GSA-002,VEH-0000133,2025-07-31,2025-06-16,New Vehicle Inventory,34732.17,895.00,58.00,249.00,0.00,0.00,35934.17,34732.17,45,SYNTHETIC-DMS-ACCOUNTING
IAS-00000109,GSA-002,VEH-0000135,2025-07-31,2025-02-12,Used Vehicle Inventory,13310.83,450.00,2268.25,0.00,0.00,532.43,15496.65,13310.83,169,SYNTHETIC-DMS-ACCOUNTING
IAS-00000110,GSA-002,VEH-0000141,2025-07-31,2025-07-22,Certified Vehicle Inventory,6239.13,0.00,1942.17,0.00,425.00,0.00,8606.30,6239.13,9,SYNTHETIC-DMS-ACCOUNTING
IAS-00000111,GSA-002,VEH-0000143,2025-07-31,2025-06-26,Used Vehicle Inventory,21561.51,325.00,748.84,0.00,0.00,0.00,22635.35,21561.51,35,SYNTHETIC-DMS-ACCOUNTING
IAS-00000112,GSA-002,VEH-0000146,2025-07-31,2025-07-23,New Vehicle Inventory,35824.47,895.00,119.00,0.00,0.00,0.00,36838.47,35824.47,8,SYNTHETIC-DMS-ACCOUNTING
IAS-00000113,GSA-002,VEH-0000156,2025-07-31,2025-07-15,New Vehicle Inventory,38110.11,895.00,26.00,0.00,0.00,0.00,39031.11,38110.11,16,SYNTHETIC-DMS-ACCOUNTING
IAS-00000114,GSA-002,VEH-0000173,2025-07-31,2025-07-18,New Vehicle Inventory,36726.99,895.00,84.00,0.00,0.00,0.00,37705.99,36726.99,13,SYNTHETIC-DMS-ACCOUNTING
IAS-00000115,GSA-002,VEH-0000178,2025-07-31,2025-06-27,New Vehicle Inventory,37404.73,895.00,97.00,0.00,0.00,0.00,38396.73,37404.73,34,SYNTHETIC-DMS-ACCOUNTING
IAS-00000116,GSA-002,VEH-0000184,2025-07-31,2025-06-16,Used Vehicle Inventory,20155.67,0.00,1547.62,0.00,0.00,0.00,21703.29,20155.67,45,SYNTHETIC-DMS-ACCOUNTING
IAS-00000117,GSA-002,VEH-0000206,2025-07-31,2025-07-30,New Vehicle Inventory,35399.21,895.00,155.00,0.00,0.00,0.00,36449.21,35399.21,1,SYNTHETIC-DMS-ACCOUNTING
IAS-00000118,GSA-002,VEH-0000209,2025-07-31,2025-06-18,Certified Vehicle Inventory,5804.33,0.00,1829.13,0.00,425.00,0.00,8058.46,5804.33,43,SYNTHETIC-DMS-ACCOUNTING
IAS-00000119,GSA-002,VEH-0000210,2025-07-31,2025-07-24,New Vehicle Inventory,34699.07,895.00,105.00,0.00,0.00,0.00,35699.07,34699.07,7,SYNTHETIC-DMS-ACCOUNTING
IAS-00000120,GSA-002,VEH-0000214,2025-07-31,2025-07-15,New Vehicle Inventory,36744.99,895.00,76.00,0.00,0.00,0.00,37715.99,36744.99,16,SYNTHETIC-DMS-ACCOUNTING
IAS-00000121,GSA-002,VEH-0000215,2025-07-31,2025-07-17,Certified Vehicle Inventory,11693.02,0.00,3360.19,575.00,425.00,0.00,16053.21,11693.02,14,SYNTHETIC-DMS-ACCOUNTING
IAS-00000122,GSA-002,VEH-0000228,2025-07-31,2025-06-26,New Vehicle Inventory,36886.76,895.00,79.00,0.00,0.00,0.00,37860.76,36886.76,35,SYNTHETIC-DMS-ACCOUNTING
IAS-00000123,GSA-002,VEH-0000231,2025-07-31,2025-06-07,Used Vehicle Inventory,5959.33,0.00,1869.43,0.00,0.00,0.00,7828.76,5959.33,54,SYNTHETIC-DMS-ACCOUNTING
IAS-00000124,GSA-002,VEH-0000238,2025-07-31,2025-06-30,Used Vehicle Inventory,32300.25,450.00,1614.72,0.00,0.00,0.00,34364.97,0.00,31,SYNTHETIC-DMS-ACCOUNTING
IAS-00000125,GSA-002,VEH-0000240,2025-07-31,2025-06-14,Certified Vehicle Inventory,5816.18,0.00,1832.21,0.00,425.00,0.00,8073.39,5816.18,47,SYNTHETIC-DMS-ACCOUNTING
IAS-00000126,GSA-002,VEH-0000244,2025-07-31,2025-07-15,New Vehicle Inventory,27724.31,895.00,38.00,0.00,0.00,0.00,28657.31,27724.31,16,SYNTHETIC-DMS-ACCOUNTING
IAS-00000127,GSA-002,VEH-0000246,2025-07-31,2025-07-30,Used Vehicle Inventory,6172.49,325.00,1387.29,0.00,0.00,0.00,7884.78,6172.49,1,SYNTHETIC-DMS-ACCOUNTING
IAS-00000128,GSA-002,VEH-0000247,2025-07-31,2025-03-24,Used Vehicle Inventory,9792.44,450.00,804.06,0.00,0.00,391.70,10654.80,0.00,129,SYNTHETIC-DMS-ACCOUNTING
IAS-00000129,GSA-002,VEH-0000253,2025-07-31,2025-07-15,New Vehicle Inventory,36033.32,895.00,117.00,0.00,0.00,0.00,37045.32,36033.32,16,SYNTHETIC-DMS-ACCOUNTING
IAS-00000130,GSA-002,VEH-0000267,2025-07-31,2025-04-14,Used Vehicle Inventory,11673.68,0.00,3107.25,0.00,0.00,0.00,14780.93,11673.68,108,SYNTHETIC-DMS-ACCOUNTING
IAS-00000131,GSA-002,VEH-0000278,2025-07-31,2025-07-25,Used Vehicle Inventory,41492.55,450.00,1206.26,0.00,0.00,0.00,43148.81,0.00,6,SYNTHETIC-DMS-ACCOUNTING
IAS-00000132,GSA-002,VEH-0000280,2025-07-31,2025-06-20,Certified Vehicle Inventory,17346.57,0.00,2054.28,249.00,425.00,0.00,20074.85,17346.57,41,SYNTHETIC-DMS-ACCOUNTING
IAS-00000133,GSA-002,VEH-0000301,2025-07-31,2025-07-24,Certified Vehicle Inventory,19539.61,0.00,2096.55,0.00,425.00,0.00,22061.16,0.00,7,SYNTHETIC-DMS-ACCOUNTING
IAS-00000134,GSA-002,VEH-0000311,2025-07-31,2025-07-24,New Vehicle Inventory,35529.66,895.00,159.00,0.00,0.00,0.00,36583.66,35529.66,7,SYNTHETIC-DMS-ACCOUNTING
IAS-00000135,GSA-002,VEH-0000325,2025-07-31,2025-07-30,New Vehicle Inventory,23257.52,895.00,151.00,0.00,0.00,0.00,24303.52,23257.52,1,SYNTHETIC-DMS-ACCOUNTING
IAS-00000136,GSA-002,VEH-0000338,2025-07-31,2025-05-20,New Vehicle Inventory,22609.43,895.00,68.00,0.00,0.00,0.00,23572.43,22609.43,72,SYNTHETIC-DMS-ACCOUNTING
IAS-00000137,GSA-002,VEH-0000353,2025-07-31,2025-07-06,New Vehicle Inventory,26667.24,895.00,131.00,0.00,0.00,0.00,27693.24,26667.24,25,SYNTHETIC-DMS-ACCOUNTING
IAS-00000138,GSA-002,VEH-0000355,2025-07-31,2025-07-05,Used Vehicle Inventory,32244.92,325.00,1304.58,0.00,0.00,0.00,33874.50,0.00,26,SYNTHETIC-DMS-ACCOUNTING
IAS-00000139,GSA-002,VEH-0000388,2025-07-31,2025-06-01,Used Vehicle Inventory,14676.41,325.00,2560.18,0.00,0.00,0.00,17561.59,14676.41,60,SYNTHETIC-DMS-ACCOUNTING
IAS-00000140,GSA-002,VEH-0000398,2025-07-31,2025-06-27,Used Vehicle Inventory,7046.15,0.00,1722.62,0.00,0.00,0.00,8768.77,7046.15,34,SYNTHETIC-DMS-ACCOUNTING
IAS-00000141,GSA-002,VEH-0000408,2025-07-31,2025-06-26,Used Vehicle Inventory,31024.63,0.00,1126.71,0.00,0.00,0.00,32151.34,31024.63,35,SYNTHETIC-DMS-ACCOUNTING
IAS-00000142,GSA-002,VEH-0000412,2025-07-31,2025-07-22,Used Vehicle Inventory,2962.85,0.00,1090.34,0.00,0.00,0.00,4053.19,2962.85,9,SYNTHETIC-DMS-ACCOUNTING
IAS-00000143,GSA-002,VEH-0000416,2025-07-31,2025-05-19,New Vehicle Inventory,35371.57,895.00,158.00,249.00,0.00,0.00,36673.57,35371.57,73,SYNTHETIC-DMS-ACCOUNTING
IAS-00000144,GSA-002,VEH-0000423,2025-07-31,2025-06-06,New Vehicle Inventory,37038.65,895.00,7.00,0.00,0.00,0.00,37940.65,37038.65,55,SYNTHETIC-DMS-ACCOUNTING
IAS-00000145,GSA-002,VEH-0000429,2025-07-31,2025-06-27,New Vehicle Inventory,34861.81,895.00,89.00,395.00,0.00,0.00,36240.81,34861.81,34,SYNTHETIC-DMS-ACCOUNTING
IAS-00000146,GSA-002,VEH-0000431,2025-07-31,2025-07-11,Used Vehicle Inventory,10205.25,450.00,2062.77,575.00,0.00,0.00,13293.02,10205.25,20,SYNTHETIC-DMS-ACCOUNTING
IAS-00000147,GSA-002,VEH-0000452,2025-07-31,2025-03-26,New Vehicle Inventory,22577.31,895.00,110.00,575.00,0.00,903.09,23254.22,22577.31,127,SYNTHETIC-DMS-ACCOUNTING
IAS-00000148,GSA-002,VEH-0000457,2025-07-31,2025-07-30,Certified Vehicle Inventory,12590.82,325.00,2670.63,0.00,425.00,0.00,16011.45,0.00,1,SYNTHETIC-DMS-ACCOUNTING
IAS-00000149,GSA-002,VEH-0000467,2025-07-31,2025-06-17,Used Vehicle Inventory,1676.12,0.00,755.79,0.00,0.00,0.00,2431.91,1676.12,44,SYNTHETIC-DMS-ACCOUNTING
IAS-00000150,GSA-002,VEH-0000468,2025-07-31,2025-05-07,New Vehicle Inventory,29405.35,895.00,153.00,0.00,0.00,0.00,30453.35,29405.35,85,SYNTHETIC-DMS-ACCOUNTING
IAS-00000151,GSA-002,VEH-0000481,2025-07-31,2025-05-13,Used Vehicle Inventory,5960.49,0.00,1869.73,0.00,0.00,0.00,7830.22,0.00,79,SYNTHETIC-DMS-ACCOUNTING
IAS-00000152,GSA-002,VEH-0000494,2025-07-31,2025-04-24,Used Vehicle Inventory,15829.92,450.00,3011.01,0.00,0.00,0.00,19290.93,15829.92,98,SYNTHETIC-DMS-ACCOUNTING
IAS-00000153,GSA-002,VEH-0000505,2025-07-31,2025-07-16,Used Vehicle Inventory,9700.25,0.00,2842.07,0.00,0.00,0.00,12542.32,9700.25,15,SYNTHETIC-DMS-ACCOUNTING
IAS-00000154,GSA-002,VEH-0000513,2025-07-31,2025-04-11,New Vehicle Inventory,35625.27,895.00,40.00,0.00,0.00,0.00,36560.27,35625.27,111,SYNTHETIC-DMS-ACCOUNTING
IAS-00000155,GSA-002,VEH-0000517,2025-07-31,2025-07-03,Used Vehicle Inventory,1703.35,450.00,762.87,575.00,0.00,0.00,3491.22,1703.35,28,SYNTHETIC-DMS-ACCOUNTING
IAS-00000156,GSA-002,VEH-0000522,2025-07-31,2025-03-26,New Vehicle Inventory,34982.09,895.00,102.00,0.00,0.00,1399.28,34579.81,34982.09,127,SYNTHETIC-DMS-ACCOUNTING
IAS-00000157,GSA-002,VEH-0000529,2025-07-31,2025-05-09,Certified Vehicle Inventory,6746.11,450.00,2073.99,0.00,425.00,0.00,9695.10,0.00,83,SYNTHETIC-DMS-ACCOUNTING
IAS-00000158,GSA-002,VEH-0000538,2025-07-31,2025-02-27,New Vehicle Inventory,35773.72,895.00,109.00,0.00,0.00,1430.95,35346.77,35773.72,154,SYNTHETIC-DMS-ACCOUNTING
IAS-00000159,GSA-002,VEH-0000541,2025-07-31,2025-07-11,Used Vehicle Inventory,24182.39,450.00,2433.65,0.00,0.00,0.00,27066.04,24182.39,20,SYNTHETIC-DMS-ACCOUNTING
IAS-00000160,GSA-002,VEH-0000545,2025-07-31,2025-07-19,Used Vehicle Inventory,3768.90,450.00,1299.91,0.00,0.00,0.00,5518.81,3768.90,12,SYNTHETIC-DMS-ACCOUNTING
IAS-00000161,GSA-002,VEH-0000549,2025-07-31,2025-07-05,New Vehicle Inventory,35374.39,895.00,32.00,0.00,0.00,0.00,36301.39,35374.39,26,SYNTHETIC-DMS-ACCOUNTING
IAS-00000162,GSA-002,VEH-0000566,2025-07-31,2025-07-03,Certified Vehicle Inventory,10125.53,0.00,2582.04,0.00,425.00,0.00,13132.57,10125.53,28,SYNTHETIC-DMS-ACCOUNTING
IAS-00000163,GSA-002,VEH-0000568,2025-07-31,2025-07-18,Used Vehicle Inventory,7496.99,0.00,1705.53,0.00,0.00,0.00,9202.52,7496.99,13,SYNTHETIC-DMS-ACCOUNTING
IAS-00000164,GSA-002,VEH-0000576,2025-07-31,2025-01-31,New Vehicle Inventory,36103.45,895.00,126.00,0.00,0.00,1444.14,35680.31,36103.45,181,SYNTHETIC-DMS-ACCOUNTING
IAS-00000165,GSA-002,VEH-0000580,2025-07-31,2025-06-28,Certified Vehicle Inventory,13289.31,0.00,3775.22,0.00,425.00,0.00,17489.53,13289.31,33,SYNTHETIC-DMS-ACCOUNTING
IAS-00000166,GSA-002,VEH-0000597,2025-07-31,2025-07-15,New Vehicle Inventory,36958.80,895.00,109.00,575.00,0.00,0.00,38537.80,36958.80,16,SYNTHETIC-DMS-ACCOUNTING
IAS-00000167,GSA-002,VEH-0000604,2025-07-31,2025-06-05,New Vehicle Inventory,35293.03,895.00,106.00,0.00,0.00,0.00,36294.03,35293.03,56,SYNTHETIC-DMS-ACCOUNTING
IAS-00000168,GSA-002,VEH-0000610,2025-07-31,2025-06-13,Used Vehicle Inventory,4556.91,0.00,1504.80,575.00,0.00,0.00,6636.71,0.00,48,SYNTHETIC-DMS-ACCOUNTING
IAS-00000169,GSA-002,VEH-0000626,2025-07-31,2025-06-03,New Vehicle Inventory,36479.47,895.00,117.00,0.00,0.00,0.00,37491.47,36479.47,58,SYNTHETIC-DMS-ACCOUNTING
IAS-00000170,GSA-002,VEH-0000627,2025-07-31,2025-07-09,Used Vehicle Inventory,12409.39,325.00,1207.81,0.00,0.00,0.00,13942.20,12409.39,22,SYNTHETIC-DMS-ACCOUNTING
IAS-00000171,GSA-002,VEH-0000653,2025-07-31,2025-03-03,New Vehicle Inventory,35030.18,895.00,128.00,0.00,0.00,1401.21,34651.97,35030.18,150,SYNTHETIC-DMS-ACCOUNTING
IAS-00000172,GSA-002,VEH-0000663,2025-07-31,2025-05-15,New Vehicle Inventory,27389.25,895.00,15.00,0.00,0.00,0.00,28299.25,27389.25,77,SYNTHETIC-DMS-ACCOUNTING
IAS-00000173,GSA-002,VEH-0000666,2025-07-31,2025-07-29,Certified Vehicle Inventory,6454.30,0.00,1998.12,0.00,425.00,0.00,8877.42,0.00,2,SYNTHETIC-DMS-ACCOUNTING
IAS-00000174,GSA-002,VEH-0000704,2025-07-31,2025-07-30,Used Vehicle Inventory,2370.43,325.00,936.31,0.00,0.00,0.00,3631.74,2370.43,1,SYNTHETIC-DMS-ACCOUNTING
IAS-00000175,GSA-002,VEH-0000720,2025-07-31,2025-06-28,Used Vehicle Inventory,3202.15,450.00,1152.56,0.00,0.00,0.00,4804.71,0.00,33,SYNTHETIC-DMS-ACCOUNTING
IAS-00000176,GSA-002,VEH-0000724,2025-07-31,2025-05-09,Used Vehicle Inventory,29024.46,0.00,920.28,0.00,0.00,0.00,29944.74,29024.46,83,SYNTHETIC-DMS-ACCOUNTING
IAS-00000177,GSA-002,VEH-0000749,2025-07-31,2025-07-29,New Vehicle Inventory,35645.09,895.00,110.00,0.00,0.00,0.00,36650.09,35645.09,2,SYNTHETIC-DMS-ACCOUNTING
IAS-00000178,GSA-002,VEH-0000765,2025-07-31,2025-06-25,Used Vehicle Inventory,2091.27,325.00,863.73,395.00,0.00,0.00,3675.00,2091.27,36,SYNTHETIC-DMS-ACCOUNTING
IAS-00000179,GSA-002,VEH-0000769,2025-07-31,2025-05-10,New Vehicle Inventory,35259.34,895.00,162.00,0.00,0.00,0.00,36316.34,35259.34,82,SYNTHETIC-DMS-ACCOUNTING
IAS-00000180,GSA-002,VEH-0000770,2025-07-31,2025-07-14,Certified Vehicle Inventory,2707.86,0.00,1024.04,0.00,425.00,0.00,4156.90,0.00,17,SYNTHETIC-DMS-ACCOUNTING
IAS-00000181,GSA-002,VEH-0000775,2025-07-31,2025-07-15,New Vehicle Inventory,37166.09,895.00,83.00,880.00,0.00,0.00,39024.09,37166.09,16,SYNTHETIC-DMS-ACCOUNTING
IAS-00000182,GSA-002,VEH-0000780,2025-07-31,2025-04-09,Certified Vehicle Inventory,9481.42,0.00,2785.17,0.00,425.00,0.00,12691.59,0.00,113,SYNTHETIC-DMS-ACCOUNTING
IAS-00000183,GSA-002,VEH-0000786,2025-07-31,2025-06-04,New Vehicle Inventory,36983.06,895.00,150.00,0.00,0.00,0.00,38028.06,36983.06,57,SYNTHETIC-DMS-ACCOUNTING
IAS-00000184,GSA-002,VEH-0000808,2025-07-31,2025-05-11,New Vehicle Inventory,35157.78,895.00,38.00,0.00,0.00,0.00,36090.78,35157.78,81,SYNTHETIC-DMS-ACCOUNTING
IAS-00000185,GSA-002,VEH-0000820,2025-07-31,2025-07-05,New Vehicle Inventory,35295.00,895.00,94.00,0.00,0.00,0.00,36284.00,35295.00,26,SYNTHETIC-DMS-ACCOUNTING
IAS-00000186,GSA-002,VEH-0000823,2025-07-31,2025-07-14,New Vehicle Inventory,23874.64,895.00,70.00,0.00,0.00,0.00,24839.64,23874.64,17,SYNTHETIC-DMS-ACCOUNTING
IAS-00000187,GSA-002,VEH-0000825,2025-07-31,2025-04-16,New Vehicle Inventory,37216.37,895.00,163.00,0.00,0.00,0.00,38274.37,37216.37,106,SYNTHETIC-DMS-ACCOUNTING
IAS-00000188,GSA-002,VEH-0000833,2025-07-31,2025-07-24,Used Vehicle Inventory,16342.03,0.00,2651.43,0.00,0.00,0.00,18993.46,16342.03,7,SYNTHETIC-DMS-ACCOUNTING
IAS-00000189,GSA-002,VEH-0000838,2025-07-31,2025-07-07,Certified Vehicle Inventory,17976.27,0.00,1068.91,249.00,425.00,0.00,19719.18,17976.27,24,SYNTHETIC-DMS-ACCOUNTING
IAS-00000190,GSA-002,VEH-0000878,2025-07-31,2025-03-31,Certified Vehicle Inventory,30493.52,0.00,2036.44,0.00,425.00,1219.74,31735.22,30493.52,122,SYNTHETIC-DMS-ACCOUNTING
IAS-00000191,GSA-002,VEH-0000889,2025-07-31,2025-06-04,Used Vehicle Inventory,22428.21,0.00,2159.86,880.00,0.00,0.00,25468.07,22428.21,57,SYNTHETIC-DMS-ACCOUNTING
IAS-00000192,GSA-002,VEH-0000895,2025-07-31,2025-06-26,Used Vehicle Inventory,2263.52,0.00,908.52,0.00,0.00,0.00,3172.04,0.00,35,SYNTHETIC-DMS-ACCOUNTING
IAS-00000193,GSA-003,VEH-0000002,2025-07-31,2025-05-23,Used Vehicle Inventory,14895.50,0.00,1376.27,0.00,0.00,0.00,16271.77,0.00,69,SYNTHETIC-DMS-ACCOUNTING
IAS-00000194,GSA-003,VEH-0000092,2025-07-31,2025-04-03,Used Vehicle Inventory,8219.18,0.00,2456.99,0.00,0.00,0.00,10676.17,0.00,119,SYNTHETIC-DMS-ACCOUNTING
IAS-00000195,GSA-003,VEH-0000099,2025-07-31,2025-05-08,Used Vehicle Inventory,8164.41,0.00,2011.94,249.00,0.00,0.00,10425.35,0.00,84,SYNTHETIC-DMS-ACCOUNTING
IAS-00000196,GSA-003,VEH-0000127,2025-07-31,2025-07-04,Used Vehicle Inventory,7431.88,325.00,2252.29,0.00,0.00,0.00,10009.17,7431.88,27,SYNTHETIC-DMS-ACCOUNTING
IAS-00000197,GSA-003,VEH-0000145,2025-07-31,2025-07-12,Used Vehicle Inventory,2942.71,0.00,1085.10,0.00,0.00,0.00,4027.81,2942.71,19,SYNTHETIC-DMS-ACCOUNTING
IAS-00000198,GSA-003,VEH-0000148,2025-07-31,2025-06-25,Used Vehicle Inventory,29225.48,450.00,2440.48,0.00,0.00,0.00,32115.96,29225.48,36,SYNTHETIC-DMS-ACCOUNTING
IAS-00000199,GSA-003,VEH-0000154,2025-07-31,2025-06-05,Used Vehicle Inventory,10796.42,0.00,1971.82,0.00,0.00,0.00,12768.24,10796.42,56,SYNTHETIC-DMS-ACCOUNTING
IAS-00000200,GSA-003,VEH-0000158,2025-07-31,2025-06-09,Used Vehicle Inventory,27445.80,0.00,1845.34,880.00,0.00,0.00,30171.14,0.00,52,SYNTHETIC-DMS-ACCOUNTING
IAS-00000201,GSA-003,VEH-0000163,2025-07-31,2025-06-26,Used Vehicle Inventory,26165.42,325.00,2391.39,0.00,0.00,0.00,28881.81,26165.42,35,SYNTHETIC-DMS-ACCOUNTING
IAS-00000202,GSA-003,VEH-0000174,2025-07-31,2025-07-21,Used Vehicle Inventory,28798.96,0.00,611.27,0.00,0.00,0.00,29410.23,28798.96,10,SYNTHETIC-DMS-ACCOUNTING
IAS-00000203,GSA-003,VEH-0000197,2025-07-31,2025-06-02,Used Vehicle Inventory,6871.39,0.00,1053.24,0.00,0.00,0.00,7924.63,0.00,59,SYNTHETIC-DMS-ACCOUNTING
IAS-00000204,GSA-003,VEH-0000201,2025-07-31,2025-06-30,Used Vehicle Inventory,13044.29,450.00,1815.56,0.00,0.00,0.00,15309.85,0.00,31,SYNTHETIC-DMS-ACCOUNTING
IAS-00000205,GSA-003,VEH-0000219,2025-07-31,2025-05-15,Used Vehicle Inventory,11724.49,0.00,2805.57,0.00,0.00,0.00,14530.06,0.00,77,SYNTHETIC-DMS-ACCOUNTING
IAS-00000206,GSA-003,VEH-0000230,2025-07-31,2025-07-31,Used Vehicle Inventory,1838.03,0.00,797.89,0.00,0.00,0.00,2635.92,0.00,0,SYNTHETIC-DMS-ACCOUNTING
IAS-00000207,GSA-003,VEH-0000242,2025-07-31,2025-07-01,Used Vehicle Inventory,26240.65,0.00,1563.10,880.00,0.00,0.00,28683.75,0.00,30,SYNTHETIC-DMS-ACCOUNTING
IAS-00000208,GSA-003,VEH-0000265,2025-07-31,2025-06-05,Used Vehicle Inventory,5456.84,450.00,1738.78,0.00,0.00,0.00,7645.62,5456.84,56,SYNTHETIC-DMS-ACCOUNTING
IAS-00000209,GSA-003,VEH-0000268,2025-07-31,2025-06-11,Used Vehicle Inventory,3029.09,0.00,1107.56,0.00,0.00,0.00,4136.65,3029.09,50,SYNTHETIC-DMS-ACCOUNTING
IAS-00000210,GSA-003,VEH-0000304,2025-07-31,2025-07-01,Used Vehicle Inventory,3617.62,325.00,1260.58,0.00,0.00,0.00,5203.20,3617.62,30,SYNTHETIC-DMS-ACCOUNTING
IAS-00000211,GSA-003,VEH-0000316,2025-07-31,2025-06-19,Used Vehicle Inventory,33530.91,325.00,1638.79,0.00,0.00,0.00,35494.70,0.00,42,SYNTHETIC-DMS-ACCOUNTING
IAS-00000212,GSA-003,VEH-0000322,2025-07-31,2025-05-30,Used Vehicle Inventory,30795.98,0.00,755.90,575.00,0.00,0.00,32126.88,30795.98,62,SYNTHETIC-DMS-ACCOUNTING
IAS-00000213,GSA-003,VEH-0000330,2025-07-31,2025-06-13,Used Vehicle Inventory,8196.08,0.00,1862.94,0.00,0.00,0.00,10059.02,8196.08,48,SYNTHETIC-DMS-ACCOUNTING
IAS-00000214,GSA-003,VEH-0000342,2025-07-31,2025-05-22,Used Vehicle Inventory,8684.12,0.00,2577.87,0.00,0.00,0.00,11261.99,8684.12,70,SYNTHETIC-DMS-ACCOUNTING
IAS-00000215,GSA-003,VEH-0000356,2025-07-31,2025-07-28,Used Vehicle Inventory,12090.38,450.00,1172.87,0.00,0.00,0.00,13713.25,12090.38,3,SYNTHETIC-DMS-ACCOUNTING
IAS-00000216,GSA-003,VEH-0000359,2025-07-31,2025-06-12,Used Vehicle Inventory,9762.75,0.00,2858.32,0.00,0.00,0.00,12621.07,0.00,49,SYNTHETIC-DMS-ACCOUNTING
IAS-00000217,GSA-003,VEH-0000375,2025-07-31,2025-05-07,Used Vehicle Inventory,13691.12,450.00,2388.99,0.00,0.00,0.00,16530.11,13691.12,85,SYNTHETIC-DMS-ACCOUNTING
IAS-00000218,GSA-003,VEH-0000414,2025-07-31,2025-06-21,Used Vehicle Inventory,23360.80,0.00,1125.36,0.00,0.00,0.00,24486.16,23360.80,40,SYNTHETIC-DMS-ACCOUNTING
IAS-00000219,GSA-003,VEH-0000417,2025-07-31,2025-05-17,Used Vehicle Inventory,9539.52,0.00,1264.69,0.00,0.00,0.00,10804.21,0.00,75,SYNTHETIC-DMS-ACCOUNTING
IAS-00000220,GSA-003,VEH-0000426,2025-07-31,2025-05-08,Used Vehicle Inventory,6269.60,450.00,1687.12,0.00,0.00,0.00,8406.72,6269.60,84,SYNTHETIC-DMS-ACCOUNTING
IAS-00000221,GSA-003,VEH-0000430,2025-07-31,2025-07-30,Used Vehicle Inventory,1792.22,0.00,785.98,0.00,0.00,0.00,2578.20,0.00,1,SYNTHETIC-DMS-ACCOUNTING
IAS-00000222,GSA-003,VEH-0000460,2025-07-31,2025-07-05,Used Vehicle Inventory,9587.77,325.00,2005.82,880.00,0.00,0.00,12798.59,9587.77,26,SYNTHETIC-DMS-ACCOUNTING
IAS-00000223,GSA-003,VEH-0000464,2025-07-31,2025-07-01,Used Vehicle Inventory,11527.75,0.00,2136.21,0.00,0.00,0.00,13663.96,0.00,30,SYNTHETIC-DMS-ACCOUNTING
IAS-00000224,GSA-003,VEH-0000492,2025-07-31,2025-04-18,Used Vehicle Inventory,8224.99,0.00,2458.50,575.00,0.00,0.00,11258.49,0.00,104,SYNTHETIC-DMS-ACCOUNTING
IAS-00000225,GSA-003,VEH-0000511,2025-07-31,2025-07-05,Used Vehicle Inventory,15595.46,0.00,2472.07,0.00,0.00,0.00,18067.53,15595.46,26,SYNTHETIC-DMS-ACCOUNTING
IAS-00000226,GSA-003,VEH-0000523,2025-07-31,2025-07-09,Used Vehicle Inventory,2562.88,0.00,986.35,0.00,0.00,0.00,3549.23,2562.88,22,SYNTHETIC-DMS-ACCOUNTING
IAS-00000227,GSA-003,VEH-0000534,2025-07-31,2025-06-24,Used Vehicle Inventory,14984.19,450.00,843.85,0.00,0.00,0.00,16278.04,14984.19,37,SYNTHETIC-DMS-ACCOUNTING
IAS-00000228,GSA-003,VEH-0000560,2025-07-31,2025-07-15,Used Vehicle Inventory,43410.62,325.00,693.97,0.00,0.00,0.00,44429.59,0.00,16,SYNTHETIC-DMS-ACCOUNTING
IAS-00000229,GSA-003,VEH-0000567,2025-07-31,2025-07-14,Used Vehicle Inventory,10204.97,450.00,1301.77,249.00,0.00,0.00,12205.74,10204.97,17,SYNTHETIC-DMS-ACCOUNTING
IAS-00000230,GSA-003,VEH-0000583,2025-07-31,2025-04-24,Used Vehicle Inventory,3499.46,450.00,1229.86,0.00,0.00,0.00,5179.32,3499.46,98,SYNTHETIC-DMS-ACCOUNTING
IAS-00000231,GSA-003,VEH-0000601,2025-07-31,2025-07-22,Used Vehicle Inventory,10005.39,450.00,1116.97,0.00,0.00,0.00,11572.36,10005.39,9,SYNTHETIC-DMS-ACCOUNTING
IAS-00000232,GSA-003,VEH-0000614,2025-07-31,2025-06-17,Used Vehicle Inventory,20722.74,450.00,3095.08,0.00,0.00,0.00,24267.82,0.00,44,SYNTHETIC-DMS-ACCOUNTING
IAS-00000233,GSA-003,VEH-0000623,2025-07-31,2025-07-17,Used Vehicle Inventory,18950.41,0.00,692.63,880.00,0.00,0.00,20523.04,0.00,14,SYNTHETIC-DMS-ACCOUNTING
IAS-00000234,GSA-003,VEH-0000632,2025-07-31,2025-05-23,Used Vehicle Inventory,40388.84,0.00,602.05,0.00,0.00,0.00,40990.89,40388.84,69,SYNTHETIC-DMS-ACCOUNTING
IAS-00000235,GSA-003,VEH-0000649,2025-07-31,2025-06-14,Used Vehicle Inventory,9456.83,450.00,2778.78,0.00,0.00,0.00,12685.61,9456.83,47,SYNTHETIC-DMS-ACCOUNTING
IAS-00000236,GSA-003,VEH-0000676,2025-07-31,2025-06-28,Used Vehicle Inventory,15132.33,450.00,1161.22,0.00,0.00,0.00,16743.55,15132.33,33,SYNTHETIC-DMS-ACCOUNTING
IAS-00000237,GSA-003,VEH-0000679,2025-07-31,2025-07-22,Used Vehicle Inventory,9088.27,0.00,1778.14,0.00,0.00,0.00,10866.41,9088.27,9,SYNTHETIC-DMS-ACCOUNTING
IAS-00000238,GSA-003,VEH-0000707,2025-07-31,2025-04-22,Used Vehicle Inventory,15152.80,450.00,1789.60,0.00,0.00,0.00,17392.40,15152.80,100,SYNTHETIC-DMS-ACCOUNTING
IAS-00000239,GSA-003,VEH-0000719,2025-07-31,2025-07-01,Used Vehicle Inventory,15945.76,0.00,1371.62,0.00,0.00,0.00,17317.38,15945.76,30,SYNTHETIC-DMS-ACCOUNTING
IAS-00000240,GSA-003,VEH-0000732,2025-07-31,2025-07-16,Used Vehicle Inventory,7371.59,0.00,2236.61,0.00,0.00,0.00,9608.20,7371.59,15,SYNTHETIC-DMS-ACCOUNTING
IAS-00000241,GSA-003,VEH-0000739,2025-07-31,2025-07-01,Used Vehicle Inventory,1797.33,0.00,787.31,0.00,0.00,0.00,2584.64,1797.33,30,SYNTHETIC-DMS-ACCOUNTING
IAS-00000242,GSA-003,VEH-0000753,2025-07-31,2025-07-09,Used Vehicle Inventory,5683.27,0.00,1382.76,0.00,0.00,0.00,7066.03,5683.27,22,SYNTHETIC-DMS-ACCOUNTING
IAS-00000243,GSA-003,VEH-0000755,2025-07-31,2025-07-28,Used Vehicle Inventory,2721.47,0.00,1027.58,0.00,0.00,0.00,3749.05,2721.47,3,SYNTHETIC-DMS-ACCOUNTING
IAS-00000244,GSA-003,VEH-0000757,2025-07-31,2025-04-10,Used Vehicle Inventory,26335.83,450.00,3001.65,0.00,0.00,0.00,29787.48,0.00,112,SYNTHETIC-DMS-ACCOUNTING
IAS-00000245,GSA-003,VEH-0000760,2025-07-31,2025-07-30,Used Vehicle Inventory,5931.05,0.00,1862.07,0.00,0.00,0.00,7793.12,0.00,1,SYNTHETIC-DMS-ACCOUNTING
IAS-00000246,GSA-003,VEH-0000776,2025-07-31,2025-07-08,Used Vehicle Inventory,27988.42,0.00,2479.90,0.00,0.00,0.00,30468.32,0.00,23,SYNTHETIC-DMS-ACCOUNTING
IAS-00000247,GSA-003,VEH-0000797,2025-07-31,2025-06-26,Used Vehicle Inventory,2874.32,0.00,1067.32,0.00,0.00,0.00,3941.64,2874.32,35,SYNTHETIC-DMS-ACCOUNTING
IAS-00000248,GSA-003,VEH-0000813,2025-07-31,2025-07-09,Used Vehicle Inventory,24415.72,0.00,1925.22,0.00,0.00,0.00,26340.94,0.00,22,SYNTHETIC-DMS-ACCOUNTING
IAS-00000249,GSA-003,VEH-0000819,2025-07-31,2025-06-12,Used Vehicle Inventory,1989.45,0.00,837.26,0.00,0.00,0.00,2826.71,1989.45,49,SYNTHETIC-DMS-ACCOUNTING
IAS-00000250,GSA-003,VEH-0000837,2025-07-31,2025-05-07,Used Vehicle Inventory,23511.00,0.00,1293.56,0.00,0.00,0.00,24804.56,0.00,85,SYNTHETIC-DMS-ACCOUNTING
IAS-00000251,GSA-003,VEH-0000839,2025-07-31,2025-07-04,Used Vehicle Inventory,3153.69,0.00,1139.96,0.00,0.00,0.00,4293.65,0.00,27,SYNTHETIC-DMS-ACCOUNTING
IAS-00000252,GSA-003,VEH-0000854,2025-07-31,2025-06-30,Used Vehicle Inventory,2535.79,450.00,979.31,0.00,0.00,0.00,3965.10,0.00,31,SYNTHETIC-DMS-ACCOUNTING
IAS-00000253,GSA-003,VEH-0000861,2025-07-31,2025-06-16,Used Vehicle Inventory,3699.58,0.00,1281.89,0.00,0.00,0.00,4981.47,0.00,45,SYNTHETIC-DMS-ACCOUNTING
IAS-00000254,GSA-003,VEH-0000867,2025-07-31,2025-06-23,Used Vehicle Inventory,25129.64,325.00,1855.06,0.00,0.00,0.00,27309.70,25129.64,38,SYNTHETIC-DMS-ACCOUNTING
IAS-00000255,GSA-003,VEH-0000869,2025-07-31,2025-05-14,Used Vehicle Inventory,36040.45,0.00,1687.88,0.00,0.00,0.00,37728.33,36040.45,78,SYNTHETIC-DMS-ACCOUNTING
IAS-00000256,GSA-003,VEH-0000876,2025-07-31,2025-07-05,Used Vehicle Inventory,17142.40,450.00,1292.55,0.00,0.00,0.00,18884.95,0.00,26,SYNTHETIC-DMS-ACCOUNTING
IAS-00000257,GSA-003,VEH-0000891,2025-07-31,2025-07-19,Used Vehicle Inventory,31540.25,0.00,914.29,0.00,0.00,0.00,32454.54,31540.25,12,SYNTHETIC-DMS-ACCOUNTING
IAS-00000258,GSA-001,VEH-0000013,2025-08-31,2025-08-19,Used Vehicle Inventory,8875.31,0.00,2336.38,395.00,0.00,0.00,11606.69,8875.31,12,SYNTHETIC-DMS-ACCOUNTING
IAS-00000259,GSA-001,VEH-0000014,2025-08-31,2025-08-22,New Vehicle Inventory,35098.70,895.00,52.00,0.00,0.00,0.00,36045.70,35098.70,9,SYNTHETIC-DMS-ACCOUNTING
IAS-00000260,GSA-001,VEH-0000032,2025-08-31,2025-08-22,Used Vehicle Inventory,31493.83,0.00,979.99,0.00,0.00,0.00,32473.82,31493.83,9,SYNTHETIC-DMS-ACCOUNTING
IAS-00000261,GSA-001,VEH-0000051,2025-08-31,2025-08-06,New Vehicle Inventory,42926.47,895.00,108.00,575.00,0.00,0.00,44504.47,42926.47,25,SYNTHETIC-DMS-ACCOUNTING
IAS-00000262,GSA-001,VEH-0000052,2025-08-31,2025-08-28,New Vehicle Inventory,36254.57,895.00,128.00,0.00,0.00,0.00,37277.57,36254.57,3,SYNTHETIC-DMS-ACCOUNTING
IAS-00000263,GSA-001,VEH-0000059,2025-08-31,2025-06-17,New Vehicle Inventory,45113.67,895.00,95.00,0.00,0.00,0.00,46103.67,45113.67,75,SYNTHETIC-DMS-ACCOUNTING
IAS-00000264,GSA-001,VEH-0000067,2025-08-31,2025-08-05,New Vehicle Inventory,36303.74,895.00,79.00,0.00,0.00,0.00,37277.74,36303.74,26,SYNTHETIC-DMS-ACCOUNTING
IAS-00000265,GSA-001,VEH-0000070,2025-08-31,2025-07-08,Used Vehicle Inventory,4079.86,0.00,1380.76,0.00,0.00,0.00,5460.62,0.00,54,SYNTHETIC-DMS-ACCOUNTING
IAS-00000266,GSA-001,VEH-0000071,2025-08-31,2025-08-15,Used Vehicle Inventory,26549.63,0.00,1629.04,0.00,0.00,0.00,28178.67,0.00,16,SYNTHETIC-DMS-ACCOUNTING
IAS-00000267,GSA-001,VEH-0000073,2025-08-31,2025-07-29,Certified Vehicle Inventory,32049.81,0.00,3332.96,0.00,425.00,0.00,35807.77,32049.81,33,SYNTHETIC-DMS-ACCOUNTING
IAS-00000268,GSA-001,VEH-0000089,2025-08-31,2025-05-01,New Vehicle Inventory,43924.17,895.00,62.00,0.00,0.00,1756.97,43124.20,43924.17,122,SYNTHETIC-DMS-ACCOUNTING
IAS-00000269,GSA-001,VEH-0000103,2025-08-31,2025-06-02,Used Vehicle Inventory,7541.02,0.00,884.06,0.00,0.00,0.00,8425.08,7541.02,90,SYNTHETIC-DMS-ACCOUNTING
IAS-00000270,GSA-001,VEH-0000106,2025-08-31,2025-08-08,Used Vehicle Inventory,27113.48,0.00,2302.62,0.00,0.00,0.00,29416.10,27113.48,23,SYNTHETIC-DMS-ACCOUNTING
IAS-00000271,GSA-001,VEH-0000112,2025-08-31,2025-08-26,New Vehicle Inventory,34414.23,895.00,107.00,0.00,0.00,0.00,35416.23,34414.23,5,SYNTHETIC-DMS-ACCOUNTING
IAS-00000272,GSA-001,VEH-0000118,2025-08-31,2025-05-22,New Vehicle Inventory,35015.95,895.00,125.00,0.00,0.00,0.00,36035.95,35015.95,101,SYNTHETIC-DMS-ACCOUNTING
IAS-00000273,GSA-001,VEH-0000121,2025-08-31,2025-08-30,New Vehicle Inventory,35038.17,895.00,151.00,880.00,0.00,0.00,36964.17,35038.17,1,SYNTHETIC-DMS-ACCOUNTING
IAS-00000274,GSA-001,VEH-0000123,2025-08-31,2025-07-24,Used Vehicle Inventory,5631.09,450.00,766.01,395.00,0.00,0.00,7242.10,5631.09,38,SYNTHETIC-DMS-ACCOUNTING
IAS-00000275,GSA-001,VEH-0000125,2025-08-31,2025-04-25,New Vehicle Inventory,44859.29,895.00,148.00,0.00,0.00,1794.37,44107.92,44859.29,128,SYNTHETIC-DMS-ACCOUNTING
IAS-00000276,GSA-001,VEH-0000169,2025-08-31,2025-08-07,Certified Vehicle Inventory,31043.79,0.00,3313.08,0.00,425.00,0.00,34781.87,0.00,24,SYNTHETIC-DMS-ACCOUNTING
IAS-00000277,GSA-001,VEH-0000171,2025-08-31,2025-07-09,New Vehicle Inventory,35094.70,895.00,52.00,249.00,0.00,0.00,36290.70,35094.70,53,SYNTHETIC-DMS-ACCOUNTING
IAS-00000278,GSA-001,VEH-0000175,2025-08-31,2025-06-27,Used Vehicle Inventory,10858.83,450.00,3143.30,880.00,0.00,0.00,15332.13,0.00,65,SYNTHETIC-DMS-ACCOUNTING
IAS-00000279,GSA-001,VEH-0000194,2025-08-31,2025-08-28,Used Vehicle Inventory,36430.27,450.00,2037.32,0.00,0.00,0.00,38917.59,36430.27,3,SYNTHETIC-DMS-ACCOUNTING
IAS-00000280,GSA-001,VEH-0000222,2025-08-31,2025-07-16,New Vehicle Inventory,45166.76,895.00,25.00,880.00,0.00,0.00,46966.76,45166.76,46,SYNTHETIC-DMS-ACCOUNTING
IAS-00000281,GSA-001,VEH-0000224,2025-08-31,2025-08-11,New Vehicle Inventory,42031.11,895.00,122.00,0.00,0.00,0.00,43048.11,42031.11,20,SYNTHETIC-DMS-ACCOUNTING
IAS-00000282,GSA-001,VEH-0000227,2025-08-31,2025-08-23,New Vehicle Inventory,35553.57,895.00,158.00,0.00,0.00,0.00,36606.57,35553.57,8,SYNTHETIC-DMS-ACCOUNTING
IAS-00000283,GSA-001,VEH-0000233,2025-08-31,2025-08-22,New Vehicle Inventory,35844.61,895.00,148.00,0.00,0.00,0.00,36887.61,35844.61,9,SYNTHETIC-DMS-ACCOUNTING
IAS-00000284,GSA-001,VEH-0000237,2025-08-31,2025-06-10,Used Vehicle Inventory,2124.55,450.00,872.38,0.00,0.00,0.00,3446.93,2124.55,82,SYNTHETIC-DMS-ACCOUNTING
IAS-00000285,GSA-001,VEH-0000243,2025-08-31,2025-07-03,Used Vehicle Inventory,6317.47,0.00,1962.54,0.00,0.00,0.00,8280.01,0.00,59,SYNTHETIC-DMS-ACCOUNTING
IAS-00000286,GSA-001,VEH-0000254,2025-08-31,2025-07-16,Used Vehicle Inventory,37834.35,450.00,1107.63,0.00,0.00,0.00,39391.98,0.00,46,SYNTHETIC-DMS-ACCOUNTING
IAS-00000287,GSA-001,VEH-0000260,2025-08-31,2025-06-27,New Vehicle Inventory,44416.28,895.00,39.00,575.00,0.00,0.00,45925.28,44416.28,65,SYNTHETIC-DMS-ACCOUNTING
IAS-00000288,GSA-001,VEH-0000262,2025-08-31,2025-07-07,New Vehicle Inventory,35400.82,895.00,81.00,0.00,0.00,0.00,36376.82,35400.82,55,SYNTHETIC-DMS-ACCOUNTING
IAS-00000289,GSA-001,VEH-0000288,2025-08-31,2025-07-23,Used Vehicle Inventory,28179.48,450.00,1309.10,0.00,0.00,0.00,29938.58,28179.48,39,SYNTHETIC-DMS-ACCOUNTING
IAS-00000290,GSA-001,VEH-0000289,2025-08-31,2025-08-29,Used Vehicle Inventory,3013.44,0.00,1103.49,575.00,0.00,0.00,4691.93,3013.44,2,SYNTHETIC-DMS-ACCOUNTING
IAS-00000291,GSA-001,VEH-0000297,2025-08-31,2025-07-16,Used Vehicle Inventory,18964.81,0.00,1726.88,0.00,0.00,0.00,20691.69,18964.81,46,SYNTHETIC-DMS-ACCOUNTING
IAS-00000292,GSA-001,VEH-0000303,2025-08-31,2025-07-31,New Vehicle Inventory,36091.95,895.00,120.00,395.00,0.00,0.00,37501.95,36091.95,31,SYNTHETIC-DMS-ACCOUNTING
IAS-00000293,GSA-001,VEH-0000310,2025-08-31,2025-08-06,Used Vehicle Inventory,29576.19,0.00,1258.02,0.00,0.00,0.00,30834.21,0.00,25,SYNTHETIC-DMS-ACCOUNTING
IAS-00000294,GSA-001,VEH-0000318,2025-08-31,2025-07-24,New Vehicle Inventory,34770.79,895.00,145.00,0.00,0.00,0.00,35810.79,34770.79,38,SYNTHETIC-DMS-ACCOUNTING
IAS-00000295,GSA-001,VEH-0000336,2025-08-31,2025-04-01,Certified Vehicle Inventory,15717.52,0.00,2507.04,575.00,425.00,628.70,18595.86,15717.52,152,SYNTHETIC-DMS-ACCOUNTING
IAS-00000296,GSA-001,VEH-0000341,2025-08-31,2025-07-30,Used Vehicle Inventory,28098.60,325.00,1351.69,575.00,0.00,0.00,30350.29,0.00,32,SYNTHETIC-DMS-ACCOUNTING
IAS-00000297,GSA-001,VEH-0000354,2025-08-31,2025-06-20,Certified Vehicle Inventory,17559.43,450.00,1581.89,0.00,425.00,0.00,20016.32,17559.43,72,SYNTHETIC-DMS-ACCOUNTING
IAS-00000298,GSA-001,VEH-0000358,2025-08-31,2025-07-04,New Vehicle Inventory,46186.10,895.00,33.00,0.00,0.00,0.00,47114.10,46186.10,58,SYNTHETIC-DMS-ACCOUNTING
IAS-00000299,GSA-001,VEH-0000371,2025-08-31,2025-08-25,New Vehicle Inventory,36948.87,895.00,75.00,0.00,0.00,0.00,37918.87,36948.87,6,SYNTHETIC-DMS-ACCOUNTING
IAS-00000300,GSA-001,VEH-0000377,2025-08-31,2025-08-23,Used Vehicle Inventory,22859.69,0.00,1138.08,0.00,0.00,0.00,23997.77,22859.69,8,SYNTHETIC-DMS-ACCOUNTING
IAS-00000301,GSA-001,VEH-0000379,2025-08-31,2025-05-09,Used Vehicle Inventory,35468.91,450.00,1222.16,0.00,0.00,0.00,37141.07,0.00,114,SYNTHETIC-DMS-ACCOUNTING
IAS-00000302,GSA-001,VEH-0000380,2025-08-31,2025-04-15,Used Vehicle Inventory,16612.40,450.00,1289.02,0.00,0.00,664.50,17686.92,16612.40,138,SYNTHETIC-DMS-ACCOUNTING
IAS-00000303,GSA-001,VEH-0000402,2025-08-31,2025-05-16,Used Vehicle Inventory,17661.00,0.00,2147.69,249.00,0.00,0.00,20057.69,0.00,107,SYNTHETIC-DMS-ACCOUNTING
IAS-00000304,GSA-001,VEH-0000406,2025-08-31,2025-08-14,New Vehicle Inventory,35978.96,895.00,65.00,0.00,0.00,0.00,36938.96,35978.96,17,SYNTHETIC-DMS-ACCOUNTING
IAS-00000305,GSA-001,VEH-0000411,2025-08-31,2025-06-18,Certified Vehicle Inventory,13938.91,325.00,2533.50,0.00,425.00,0.00,17222.41,0.00,74,SYNTHETIC-DMS-ACCOUNTING
IAS-00000306,GSA-001,VEH-0000436,2025-08-31,2025-05-30,New Vehicle Inventory,35164.31,895.00,30.00,0.00,0.00,0.00,36089.31,35164.31,93,SYNTHETIC-DMS-ACCOUNTING
IAS-00000307,GSA-001,VEH-0000437,2025-08-31,2025-06-27,Used Vehicle Inventory,9513.30,0.00,1861.57,0.00,0.00,0.00,11374.87,0.00,65,SYNTHETIC-DMS-ACCOUNTING
IAS-00000308,GSA-001,VEH-0000445,2025-08-31,2025-07-09,New Vehicle Inventory,33560.19,895.00,151.00,0.00,0.00,0.00,34606.19,33560.19,53,SYNTHETIC-DMS-ACCOUNTING
IAS-00000309,GSA-001,VEH-0000448,2025-08-31,2025-08-07,Certified Vehicle Inventory,8311.76,0.00,2481.06,0.00,425.00,0.00,11217.82,8311.76,24,SYNTHETIC-DMS-ACCOUNTING
IAS-00000310,GSA-001,VEH-0000476,2025-08-31,2025-06-23,Certified Vehicle Inventory,6551.43,325.00,2023.37,0.00,425.00,0.00,9324.80,0.00,69,SYNTHETIC-DMS-ACCOUNTING
IAS-00000311,GSA-001,VEH-0000479,2025-08-31,2025-07-17,Used Vehicle Inventory,21708.29,0.00,1398.43,0.00,0.00,0.00,23106.72,21708.29,45,SYNTHETIC-DMS-ACCOUNTING
IAS-00000312,GSA-001,VEH-0000483,2025-08-31,2025-05-12,Used Vehicle Inventory,3209.84,450.00,1154.56,0.00,0.00,0.00,4814.40,0.00,111,SYNTHETIC-DMS-ACCOUNTING
IAS-00000313,GSA-001,VEH-0000503,2025-08-31,2025-03-12,Used Vehicle Inventory,32592.09,450.00,1070.14,0.00,0.00,1303.68,32808.55,32592.09,172,SYNTHETIC-DMS-ACCOUNTING
IAS-00000314,GSA-001,VEH-0000527,2025-08-31,2025-05-25,Used Vehicle Inventory,14795.40,0.00,623.34,0.00,0.00,0.00,15418.74,14795.40,98,SYNTHETIC-DMS-ACCOUNTING
IAS-00000315,GSA-001,VEH-0000528,2025-08-31,2025-08-04,Used Vehicle Inventory,2310.30,325.00,920.68,575.00,0.00,0.00,4130.98,2310.30,27,SYNTHETIC-DMS-ACCOUNTING
IAS-00000316,GSA-001,VEH-0000530,2025-08-31,2025-07-28,Used Vehicle Inventory,10533.57,0.00,1247.30,0.00,0.00,0.00,11780.87,10533.57,34,SYNTHETIC-DMS-ACCOUNTING
IAS-00000317,GSA-001,VEH-0000533,2025-08-31,2025-04-17,New Vehicle Inventory,46156.06,895.00,69.00,0.00,0.00,1846.24,45273.82,46156.06,136,SYNTHETIC-DMS-ACCOUNTING
IAS-00000318,GSA-001,VEH-0000555,2025-08-31,2025-07-21,Used Vehicle Inventory,32941.64,0.00,1689.90,0.00,0.00,0.00,34631.54,32941.64,41,SYNTHETIC-DMS-ACCOUNTING
IAS-00000319,GSA-001,VEH-0000561,2025-08-31,2025-08-22,New Vehicle Inventory,33928.08,895.00,51.00,0.00,0.00,0.00,34874.08,33928.08,9,SYNTHETIC-DMS-ACCOUNTING
IAS-00000320,GSA-001,VEH-0000573,2025-08-31,2025-08-19,Certified Vehicle Inventory,32322.67,0.00,2661.11,0.00,425.00,0.00,35408.78,32322.67,12,SYNTHETIC-DMS-ACCOUNTING
IAS-00000321,GSA-001,VEH-0000577,2025-08-31,2025-05-05,New Vehicle Inventory,38046.07,895.00,130.00,0.00,0.00,0.00,39071.07,38046.07,118,SYNTHETIC-DMS-ACCOUNTING
IAS-00000322,GSA-001,VEH-0000584,2025-08-31,2025-08-19,Used Vehicle Inventory,11560.52,0.00,2572.31,0.00,0.00,0.00,14132.83,11560.52,12,SYNTHETIC-DMS-ACCOUNTING
IAS-00000323,GSA-001,VEH-0000585,2025-08-31,2025-06-06,New Vehicle Inventory,36460.09,895.00,56.00,0.00,0.00,0.00,37411.09,36460.09,86,SYNTHETIC-DMS-ACCOUNTING
IAS-00000324,GSA-001,VEH-0000587,2025-08-31,2025-07-08,Used Vehicle Inventory,3441.33,0.00,1008.08,0.00,0.00,0.00,4449.41,3441.33,54,SYNTHETIC-DMS-ACCOUNTING
IAS-00000325,GSA-001,VEH-0000589,2025-08-31,2025-06-21,New Vehicle Inventory,44535.59,895.00,146.00,0.00,0.00,0.00,45576.59,44535.59,71,SYNTHETIC-DMS-ACCOUNTING
IAS-00000326,GSA-001,VEH-0000591,2025-08-31,2025-08-05,Certified Vehicle Inventory,25430.81,450.00,2013.21,0.00,425.00,0.00,28319.02,25430.81,26,SYNTHETIC-DMS-ACCOUNTING
IAS-00000327,GSA-001,VEH-0000593,2025-08-31,2025-05-22,Used Vehicle Inventory,9963.47,0.00,1074.53,0.00,0.00,0.00,11038.00,9963.47,101,SYNTHETIC-DMS-ACCOUNTING
IAS-00000328,GSA-001,VEH-0000594,2025-08-31,2025-06-30,Certified Vehicle Inventory,12189.87,0.00,3019.09,0.00,425.00,0.00,15633.96,12189.87,62,SYNTHETIC-DMS-ACCOUNTING
IAS-00000329,GSA-001,VEH-0000622,2025-08-31,2025-08-05,Certified Vehicle Inventory,29784.47,0.00,3140.19,575.00,425.00,0.00,33924.66,29784.47,26,SYNTHETIC-DMS-ACCOUNTING
IAS-00000330,GSA-001,VEH-0000625,2025-08-31,2025-08-12,New Vehicle Inventory,36641.38,895.00,94.00,0.00,0.00,0.00,37630.38,36641.38,19,SYNTHETIC-DMS-ACCOUNTING
IAS-00000331,GSA-001,VEH-0000630,2025-08-31,2025-08-27,New Vehicle Inventory,35164.66,895.00,85.00,0.00,0.00,0.00,36144.66,35164.66,4,SYNTHETIC-DMS-ACCOUNTING
IAS-00000332,GSA-001,VEH-0000637,2025-08-31,2025-07-01,New Vehicle Inventory,35869.78,895.00,81.00,0.00,0.00,0.00,36845.78,35869.78,61,SYNTHETIC-DMS-ACCOUNTING
IAS-00000333,GSA-001,VEH-0000647,2025-08-31,2025-07-19,Certified Vehicle Inventory,6529.56,325.00,2017.69,0.00,425.00,0.00,9297.25,6529.56,43,SYNTHETIC-DMS-ACCOUNTING
IAS-00000334,GSA-001,VEH-0000659,2025-08-31,2025-07-08,Certified Vehicle Inventory,13375.04,0.00,1931.80,0.00,425.00,0.00,15731.84,0.00,54,SYNTHETIC-DMS-ACCOUNTING
IAS-00000335,GSA-001,VEH-0000660,2025-08-31,2025-02-14,Certified Vehicle Inventory,27279.21,0.00,1452.54,0.00,425.00,1091.17,28065.58,27279.21,198,SYNTHETIC-DMS-ACCOUNTING
IAS-00000336,GSA-001,VEH-0000665,2025-08-31,2025-08-30,Used Vehicle Inventory,2530.52,0.00,977.94,0.00,0.00,0.00,3508.46,2530.52,1,SYNTHETIC-DMS-ACCOUNTING
IAS-00000337,GSA-001,VEH-0000690,2025-08-31,2025-06-09,Certified Vehicle Inventory,13180.67,0.00,1347.22,575.00,425.00,0.00,15527.89,13180.67,83,SYNTHETIC-DMS-ACCOUNTING
IAS-00000338,GSA-001,VEH-0000697,2025-08-31,2025-08-08,New Vehicle Inventory,37959.01,895.00,81.00,0.00,0.00,0.00,38935.01,37959.01,23,SYNTHETIC-DMS-ACCOUNTING
IAS-00000339,GSA-001,VEH-0000700,2025-08-31,2025-08-27,Used Vehicle Inventory,14051.49,0.00,1414.85,0.00,0.00,0.00,15466.34,14051.49,4,SYNTHETIC-DMS-ACCOUNTING
IAS-00000340,GSA-001,VEH-0000712,2025-08-31,2025-06-26,Used Vehicle Inventory,12095.60,0.00,3464.86,0.00,0.00,0.00,15560.46,12095.60,66,SYNTHETIC-DMS-ACCOUNTING
IAS-00000341,GSA-001,VEH-0000714,2025-08-31,2025-08-21,Used Vehicle Inventory,3122.36,0.00,1131.81,249.00,0.00,0.00,4503.17,3122.36,10,SYNTHETIC-DMS-ACCOUNTING
IAS-00000342,GSA-001,VEH-0000731,2025-08-31,2025-08-30,New Vehicle Inventory,35864.78,895.00,148.00,0.00,0.00,0.00,36907.78,35864.78,1,SYNTHETIC-DMS-ACCOUNTING
IAS-00000343,GSA-001,VEH-0000738,2025-08-31,2025-07-21,New Vehicle Inventory,35569.24,895.00,53.00,0.00,0.00,0.00,36517.24,35569.24,41,SYNTHETIC-DMS-ACCOUNTING
IAS-00000344,GSA-001,VEH-0000742,2025-08-31,2025-06-17,Used Vehicle Inventory,3992.55,0.00,1358.06,0.00,0.00,0.00,5350.61,0.00,75,SYNTHETIC-DMS-ACCOUNTING
IAS-00000345,GSA-001,VEH-0000752,2025-08-31,2025-08-22,Used Vehicle Inventory,37901.24,0.00,1453.94,0.00,0.00,0.00,39355.18,37901.24,9,SYNTHETIC-DMS-ACCOUNTING
IAS-00000346,GSA-001,VEH-0000758,2025-08-31,2025-08-08,New Vehicle Inventory,41564.34,895.00,48.00,0.00,0.00,0.00,42507.34,41564.34,23,SYNTHETIC-DMS-ACCOUNTING
IAS-00000347,GSA-001,VEH-0000784,2025-08-31,2025-06-19,Used Vehicle Inventory,16316.97,450.00,1509.72,0.00,0.00,0.00,18276.69,16316.97,73,SYNTHETIC-DMS-ACCOUNTING
IAS-00000348,GSA-001,VEH-0000803,2025-08-31,2025-08-06,New Vehicle Inventory,46120.15,895.00,16.00,0.00,0.00,0.00,47031.15,46120.15,25,SYNTHETIC-DMS-ACCOUNTING
IAS-00000349,GSA-001,VEH-0000885,2025-08-31,2025-07-08,New Vehicle Inventory,33900.17,895.00,163.00,0.00,0.00,0.00,34958.17,33900.17,54,SYNTHETIC-DMS-ACCOUNTING
IAS-00000350,GSA-001,VEH-0000897,2025-08-31,2025-03-06,New Vehicle Inventory,33310.17,895.00,70.00,0.00,0.00,1332.41,32942.76,33310.17,178,SYNTHETIC-DMS-ACCOUNTING
IAS-00000351,GSA-002,VEH-0000010,2025-08-31,2025-08-18,New Vehicle Inventory,35024.91,895.00,162.00,0.00,0.00,0.00,36081.91,35024.91,13,SYNTHETIC-DMS-ACCOUNTING
IAS-00000352,GSA-002,VEH-0000049,2025-08-31,2025-06-05,New Vehicle Inventory,22428.79,895.00,66.00,0.00,0.00,0.00,23389.79,22428.79,87,SYNTHETIC-DMS-ACCOUNTING
IAS-00000353,GSA-002,VEH-0000053,2025-08-31,2025-07-03,Certified Vehicle Inventory,15458.10,0.00,2357.14,0.00,425.00,0.00,18240.24,15458.10,59,SYNTHETIC-DMS-ACCOUNTING
IAS-00000354,GSA-002,VEH-0000061,2025-08-31,2025-08-28,Certified Vehicle Inventory,14123.95,0.00,3085.52,0.00,425.00,0.00,17634.47,0.00,3,SYNTHETIC-DMS-ACCOUNTING
IAS-00000355,GSA-002,VEH-0000076,2025-08-31,2025-08-28,New Vehicle Inventory,23632.50,895.00,59.00,0.00,0.00,0.00,24586.50,23632.50,3,SYNTHETIC-DMS-ACCOUNTING
IAS-00000356,GSA-002,VEH-0000079,2025-08-31,2025-03-04,Used Vehicle Inventory,14453.61,325.00,2615.86,0.00,0.00,578.14,16816.33,0.00,180,SYNTHETIC-DMS-ACCOUNTING
IAS-00000357,GSA-002,VEH-0000084,2025-08-31,2025-08-28,New Vehicle Inventory,21847.81,895.00,118.00,0.00,0.00,0.00,22860.81,21847.81,3,SYNTHETIC-DMS-ACCOUNTING
IAS-00000358,GSA-002,VEH-0000093,2025-08-31,2025-03-13,Certified Vehicle Inventory,12716.87,0.00,2651.40,0.00,425.00,508.67,15284.60,12716.87,171,SYNTHETIC-DMS-ACCOUNTING
IAS-00000359,GSA-002,VEH-0000119,2025-08-31,2025-08-21,New Vehicle Inventory,36689.31,895.00,114.00,0.00,0.00,0.00,37698.31,36689.31,10,SYNTHETIC-DMS-ACCOUNTING
IAS-00000360,GSA-002,VEH-0000126,2025-08-31,2025-06-24,Used Vehicle Inventory,3380.61,0.00,1198.96,0.00,0.00,0.00,4579.57,3380.61,68,SYNTHETIC-DMS-ACCOUNTING
IAS-00000361,GSA-002,VEH-0000133,2025-08-31,2025-06-16,New Vehicle Inventory,34732.17,895.00,58.00,249.00,0.00,0.00,35934.17,34732.17,76,SYNTHETIC-DMS-ACCOUNTING
IAS-00000362,GSA-002,VEH-0000139,2025-08-31,2025-08-19,Used Vehicle Inventory,19280.48,0.00,1907.73,0.00,0.00,0.00,21188.21,0.00,12,SYNTHETIC-DMS-ACCOUNTING
IAS-00000363,GSA-002,VEH-0000141,2025-08-31,2025-07-22,Certified Vehicle Inventory,6239.13,0.00,1942.17,0.00,425.00,0.00,8606.30,6239.13,40,SYNTHETIC-DMS-ACCOUNTING
IAS-00000364,GSA-002,VEH-0000142,2025-08-31,2025-08-05,New Vehicle Inventory,36196.59,895.00,64.00,0.00,0.00,0.00,37155.59,36196.59,26,SYNTHETIC-DMS-ACCOUNTING
IAS-00000365,GSA-002,VEH-0000143,2025-08-31,2025-06-26,Used Vehicle Inventory,21561.51,325.00,748.84,0.00,0.00,0.00,22635.35,21561.51,66,SYNTHETIC-DMS-ACCOUNTING
IAS-00000366,GSA-002,VEH-0000146,2025-08-31,2025-07-23,New Vehicle Inventory,35824.47,895.00,119.00,0.00,0.00,0.00,36838.47,35824.47,39,SYNTHETIC-DMS-ACCOUNTING
IAS-00000367,GSA-002,VEH-0000152,2025-08-31,2025-08-18,New Vehicle Inventory,29947.87,895.00,37.00,0.00,0.00,0.00,30879.87,29947.87,13,SYNTHETIC-DMS-ACCOUNTING
IAS-00000368,GSA-002,VEH-0000155,2025-08-31,2025-08-12,New Vehicle Inventory,37663.22,895.00,88.00,0.00,0.00,0.00,38646.22,37663.22,19,SYNTHETIC-DMS-ACCOUNTING
IAS-00000369,GSA-002,VEH-0000166,2025-08-31,2025-08-11,Used Vehicle Inventory,2539.03,0.00,980.15,0.00,0.00,0.00,3519.18,2539.03,20,SYNTHETIC-DMS-ACCOUNTING
IAS-00000370,GSA-002,VEH-0000176,2025-08-31,2025-08-28,Certified Vehicle Inventory,20851.26,450.00,2142.70,0.00,425.00,0.00,23868.96,0.00,3,SYNTHETIC-DMS-ACCOUNTING
IAS-00000371,GSA-002,VEH-0000196,2025-08-31,2025-08-29,Certified Vehicle Inventory,12350.61,0.00,2358.60,0.00,425.00,0.00,15134.21,12350.61,2,SYNTHETIC-DMS-ACCOUNTING
IAS-00000372,GSA-002,VEH-0000206,2025-08-31,2025-07-30,New Vehicle Inventory,35399.21,895.00,155.00,0.00,0.00,0.00,36449.21,35399.21,32,SYNTHETIC-DMS-ACCOUNTING
IAS-00000373,GSA-002,VEH-0000214,2025-08-31,2025-07-15,New Vehicle Inventory,36744.99,895.00,76.00,0.00,0.00,0.00,37715.99,36744.99,47,SYNTHETIC-DMS-ACCOUNTING
IAS-00000374,GSA-002,VEH-0000221,2025-08-31,2025-08-21,New Vehicle Inventory,22833.64,895.00,34.00,0.00,0.00,0.00,23762.64,22833.64,10,SYNTHETIC-DMS-ACCOUNTING
IAS-00000375,GSA-002,VEH-0000238,2025-08-31,2025-06-30,Used Vehicle Inventory,32300.25,450.00,1614.72,0.00,0.00,0.00,34364.97,0.00,62,SYNTHETIC-DMS-ACCOUNTING
IAS-00000376,GSA-002,VEH-0000240,2025-08-31,2025-06-14,Certified Vehicle Inventory,5816.18,0.00,1832.21,0.00,425.00,0.00,8073.39,5816.18,78,SYNTHETIC-DMS-ACCOUNTING
IAS-00000377,GSA-002,VEH-0000247,2025-08-31,2025-03-24,Used Vehicle Inventory,9792.44,450.00,804.06,0.00,0.00,391.70,10654.80,0.00,160,SYNTHETIC-DMS-ACCOUNTING
IAS-00000378,GSA-002,VEH-0000253,2025-08-31,2025-07-15,New Vehicle Inventory,36033.32,895.00,117.00,0.00,0.00,0.00,37045.32,36033.32,47,SYNTHETIC-DMS-ACCOUNTING
IAS-00000379,GSA-002,VEH-0000280,2025-08-31,2025-06-20,Certified Vehicle Inventory,17346.57,0.00,2054.28,249.00,425.00,0.00,20074.85,17346.57,72,SYNTHETIC-DMS-ACCOUNTING
IAS-00000380,GSA-002,VEH-0000325,2025-08-31,2025-07-30,New Vehicle Inventory,23257.52,895.00,151.00,0.00,0.00,0.00,24303.52,23257.52,32,SYNTHETIC-DMS-ACCOUNTING
IAS-00000381,GSA-002,VEH-0000331,2025-08-31,2025-08-13,Used Vehicle Inventory,29996.28,0.00,1110.76,575.00,0.00,0.00,31682.04,29996.28,18,SYNTHETIC-DMS-ACCOUNTING
IAS-00000382,GSA-002,VEH-0000355,2025-08-31,2025-07-05,Used Vehicle Inventory,32244.92,325.00,1304.58,0.00,0.00,0.00,33874.50,0.00,57,SYNTHETIC-DMS-ACCOUNTING
IAS-00000383,GSA-002,VEH-0000387,2025-08-31,2025-08-09,Used Vehicle Inventory,12495.00,450.00,2067.93,0.00,0.00,0.00,15012.93,12495.00,22,SYNTHETIC-DMS-ACCOUNTING
IAS-00000384,GSA-002,VEH-0000388,2025-08-31,2025-06-01,Used Vehicle Inventory,14676.41,325.00,2560.18,0.00,0.00,0.00,17561.59,14676.41,91,SYNTHETIC-DMS-ACCOUNTING
IAS-00000385,GSA-002,VEH-0000398,2025-08-31,2025-06-27,Used Vehicle Inventory,7046.15,0.00,1722.62,0.00,0.00,0.00,8768.77,7046.15,65,SYNTHETIC-DMS-ACCOUNTING
IAS-00000386,GSA-002,VEH-0000408,2025-08-31,2025-06-26,Used Vehicle Inventory,31024.63,0.00,1126.71,0.00,0.00,0.00,32151.34,31024.63,66,SYNTHETIC-DMS-ACCOUNTING
IAS-00000387,GSA-002,VEH-0000410,2025-08-31,2025-08-18,Certified Vehicle Inventory,34383.90,450.00,1739.18,0.00,425.00,0.00,36998.08,34383.90,13,SYNTHETIC-DMS-ACCOUNTING
IAS-00000388,GSA-002,VEH-0000412,2025-08-31,2025-07-22,Used Vehicle Inventory,2962.85,0.00,1090.34,0.00,0.00,0.00,4053.19,2962.85,40,SYNTHETIC-DMS-ACCOUNTING
IAS-00000389,GSA-002,VEH-0000423,2025-08-31,2025-06-06,New Vehicle Inventory,37038.65,895.00,7.00,0.00,0.00,0.00,37940.65,37038.65,86,SYNTHETIC-DMS-ACCOUNTING
IAS-00000390,GSA-002,VEH-0000429,2025-08-31,2025-06-27,New Vehicle Inventory,34861.81,895.00,89.00,395.00,0.00,0.00,36240.81,34861.81,65,SYNTHETIC-DMS-ACCOUNTING
IAS-00000391,GSA-002,VEH-0000431,2025-08-31,2025-07-11,Used Vehicle Inventory,10205.25,450.00,2062.77,575.00,0.00,0.00,13293.02,10205.25,51,SYNTHETIC-DMS-ACCOUNTING
IAS-00000392,GSA-002,VEH-0000446,2025-08-31,2025-08-27,New Vehicle Inventory,22613.34,895.00,106.00,249.00,0.00,0.00,23863.34,22613.34,4,SYNTHETIC-DMS-ACCOUNTING
IAS-00000393,GSA-002,VEH-0000450,2025-08-31,2025-08-15,Certified Vehicle Inventory,3444.59,0.00,1215.59,0.00,425.00,0.00,5085.18,0.00,16,SYNTHETIC-DMS-ACCOUNTING
IAS-00000394,GSA-002,VEH-0000454,2025-08-31,2025-08-25,Used Vehicle Inventory,31685.16,0.00,1849.84,0.00,0.00,0.00,33535.00,0.00,6,SYNTHETIC-DMS-ACCOUNTING
IAS-00000395,GSA-002,VEH-0000457,2025-08-31,2025-07-30,Certified Vehicle Inventory,12590.82,325.00,2670.63,0.00,425.00,0.00,16011.45,0.00,32,SYNTHETIC-DMS-ACCOUNTING
IAS-00000396,GSA-002,VEH-0000467,2025-08-31,2025-06-17,Used Vehicle Inventory,1676.12,0.00,755.79,0.00,0.00,0.00,2431.91,1676.12,75,SYNTHETIC-DMS-ACCOUNTING
IAS-00000397,GSA-002,VEH-0000494,2025-08-31,2025-04-24,Used Vehicle Inventory,15829.92,450.00,3011.01,0.00,0.00,633.20,18657.73,15829.92,129,SYNTHETIC-DMS-ACCOUNTING
IAS-00000398,GSA-002,VEH-0000499,2025-08-31,2025-08-22,Certified Vehicle Inventory,15167.26,0.00,1680.02,0.00,425.00,0.00,17272.28,15167.26,9,SYNTHETIC-DMS-ACCOUNTING
IAS-00000399,GSA-002,VEH-0000510,2025-08-31,2025-08-22,Used Vehicle Inventory,1795.80,450.00,786.91,0.00,0.00,0.00,3032.71,1795.80,9,SYNTHETIC-DMS-ACCOUNTING
IAS-00000400,GSA-002,VEH-0000513,2025-08-31,2025-04-11,New Vehicle Inventory,35625.27,895.00,40.00,0.00,0.00,1425.01,35135.26,35625.27,142,SYNTHETIC-DMS-ACCOUNTING
