sale_id,sale_date,delivery_date,dealership_id,vehicle_id,customer_id,salesperson_id,desk_manager_id,finance_manager_id,lead_source_id,sale_type,is_retail,unit_count,sale_price,msrp,original_asking_price,final_asking_price,acquisition_cost,reconditioning_cost,pack_amount,front_end_gross,back_end_gross,total_gross,trade_allowance,trade_acv,cash_down,amount_financed,days_in_inventory_at_sale,source_system
SLE-00000001,2025-07-01,2025-07-02,GSA-002,VEH-0000186,CUS-00002397,EMP-00020,EMP-00013,EMP-00017,,New Retail,true,1,24471.79,25127.25,25061.34,25061.34,22927.64,108.00,750.00,686.15,1613.64,2299.79,0.00,0.00,6164.10,18307.69,28,arpi_synthetic_generator
SLE-00000002,2025-07-01,2025-07-01,GSA-001,VEH-0000816,CUS-00002224,EMP-00003,EMP-00001,EMP-00005,,New Retail,true,1,36757.94,38453.63,38975.18,37922.85,34500.17,79.00,795.00,1383.77,2199.27,3583.04,5908.82,5487.23,2994.26,27854.86,115,arpi_synthetic_generator
SLE-00000003,2025-07-02,2025-07-07,GSA-003,VEH-0000346,CUS-00001834,EMP-00025,EMP-00024,EMP-00028,,Used Retail,true,1,3714.07,,3939.74,3805.79,2302.10,918.55,495.00,-1.58,977.29,975.71,875.03,783.45,2781.60,57.44,60,arpi_synthetic_generator
SLE-00000004,2025-07-02,2025-07-02,GSA-001,VEH-0000444,CUS-00000092,EMP-00004,EMP-00008,EMP-00005,,Used Retail,true,1,20784.18,,22036.21,21661.59,15461.09,3025.59,795.00,1502.50,1543.36,3045.86,0.00,0.00,3194.51,17589.67,58,arpi_synthetic_generator
SLE-00000005,2025-07-02,2025-07-02,GSA-002,VEH-0000516,CUS-00001496,EMP-00020,EMP-00023,EMP-00017,,Used Retail,true,1,19745.78,,20720.24,20368.00,13269.87,2568.75,750.00,3157.16,1340.26,4497.42,0.00,0.00,2360.55,17385.23,30,arpi_synthetic_generator
SLE-00000006,2025-07-02,2025-07-03,GSA-001,VEH-0000750,CUS-00002182,EMP-00007,EMP-00002,EMP-00005,,Used Retail,true,1,3402.64,,3607.11,3607.11,1959.71,829.52,795.00,-181.59,1679.17,1497.58,0.00,0.00,3402.64,0.00,14,arpi_synthetic_generator
SLE-00000007,2025-07-02,2025-07-05,GSA-001,VEH-0000798,CUS-00001619,EMP-00010,EMP-00002,EMP-00005,,Lease,true,1,47370.28,,49102.09,48267.35,34262.01,3295.36,795.00,9017.91,1055.68,10073.59,10681.51,9534.64,2539.08,34149.69,46,arpi_synthetic_generator
SLE-00000008,2025-07-03,2025-07-03,GSA-001,VEH-0000249,CUS-00000741,EMP-00012,EMP-00002,EMP-00005,,Certified Retail,true,1,35646.10,,38614.41,37301.52,26940.12,2541.03,795.00,5369.95,1083.82,6453.77,0.00,0.00,5062.88,0.00,62,arpi_synthetic_generator
SLE-00000009,2025-07-03,2025-07-04,GSA-001,VEH-0000252,CUS-00000819,EMP-00010,EMP-00008,EMP-00005,,Used Retail,true,1,15596.27,,17722.83,16818.97,10167.69,2963.60,795.00,1669.98,697.11,2367.09,0.00,0.00,4738.26,10858.01,111,arpi_synthetic_generator
SLE-00000010,2025-07-03,2025-07-03,GSA-003,VEH-0000433,,EMP-00026,EMP-00030,,,Dealer Trade,false,1,31851.76,,37377.31,36741.90,28131.18,802.32,495.00,2423.26,0.00,2423.26,0.00,0.00,0.00,0.00,41,arpi_synthetic_generator
SLE-00000011,2025-07-03,2025-07-04,GSA-002,VEH-0000644,CUS-00000737,EMP-00020,EMP-00023,EMP-00017,,New Retail,true,1,36723.40,39216.15,38759.60,37364.25,36626.75,35.00,750.00,-688.35,929.50,241.15,0.00,0.00,1301.70,35421.70,129,arpi_synthetic_generator
SLE-00000012,2025-07-03,2025-07-06,GSA-001,VEH-0000715,CUS-00001006,EMP-00006,EMP-00002,EMP-00005,,New Retail,true,1,47433.15,49139.57,49598.44,49152.05,44412.39,102.00,795.00,2123.76,931.67,3055.43,0.00,0.00,2710.55,44722.60,43,arpi_synthetic_generator
SLE-00000013,2025-07-04,2025-07-04,GSA-002,VEH-0000395,,EMP-00022,EMP-00013,,,Wholesale,false,1,26710.00,32102.91,32247.85,31667.39,28516.69,82.00,750.00,-2638.69,0.00,-2638.69,0.00,0.00,0.00,0.00,69,arpi_synthetic_generator
SLE-00000014,2025-07-05,2025-07-05,GSA-003,VEH-0000124,CUS-00000781,EMP-00027,EMP-00024,EMP-00028,,Used Retail,true,1,15056.77,,17055.65,15895.87,11044.89,1291.48,495.00,2225.40,1005.62,3231.02,4719.83,4492.70,763.20,9573.74,133,arpi_synthetic_generator
SLE-00000015,2025-07-05,2025-07-07,GSA-001,VEH-0000347,CUS-00001944,EMP-00004,EMP-00008,EMP-00005,,Used Retail,true,1,4840.77,,5024.10,4938.69,2848.73,1060.67,795.00,136.37,872.42,1008.79,0.00,0.00,4014.82,825.95,58,arpi_synthetic_generator
SLE-00000016,2025-07-05,2025-07-08,GSA-002,VEH-0000491,CUS-00000289,EMP-00016,EMP-00013,EMP-00017,,New Retail,true,1,24361.94,25100.41,24886.60,24886.60,22796.84,57.00,750.00,758.10,765.30,1523.40,0.00,0.00,1881.24,22480.70,18,arpi_synthetic_generator
SLE-00000017,2025-07-05,2025-07-05,GSA-001,VEH-0000664,CUS-00000027,EMP-00012,EMP-00008,EMP-00005,,New Retail,true,1,37330.36,38786.96,39794.53,39436.38,35232.52,141.00,795.00,1161.84,1518.50,2680.34,8558.57,8422.89,1138.72,27633.07,54,arpi_synthetic_generator
SLE-00000018,2025-07-07,2025-07-10,GSA-001,VEH-0000340,CUS-00001190,EMP-00004,EMP-00002,EMP-00005,,Used Retail,true,1,24800.53,,26923.11,26465.42,18863.35,1879.35,795.00,3262.83,2086.23,5349.06,0.00,0.00,4647.69,20152.84,31,arpi_synthetic_generator
SLE-00000019,2025-07-07,2025-07-07,GSA-002,VEH-0000822,CUS-00000039,EMP-00022,EMP-00013,EMP-00017,,Certified Retail,true,1,27279.65,,29853.14,27823.13,16739.75,4232.94,750.00,5556.96,1058.11,6615.07,0.00,0.00,2330.51,24949.14,136,arpi_synthetic_generator
SLE-00000020,2025-07-07,2025-07-10,GSA-002,VEH-0000886,CUS-00000978,EMP-00022,EMP-00023,EMP-00017,,Used Retail,true,1,5546.21,,6137.08,5928.42,3549.55,1242.88,750.00,3.78,1289.32,1293.10,1077.27,938.57,2942.58,1526.36,84,arpi_synthetic_generator
SLE-00000021,2025-07-08,2025-07-08,GSA-002,VEH-0000283,CUS-00001037,EMP-00022,EMP-00014,EMP-00017,,New Retail,true,1,37705.81,39720.88,39857.00,39857.00,36129.75,4.00,750.00,822.06,1110.33,1932.39,0.00,0.00,6910.39,30795.42,28,arpi_synthetic_generator
SLE-00000022,2025-07-08,2025-07-10,GSA-003,VEH-0000352,CUS-00001749,EMP-00029,EMP-00024,EMP-00028,,Used Retail,true,1,22839.72,,24307.00,24307.00,18660.81,1065.97,495.00,2617.94,1739.92,4357.86,0.00,0.00,6176.59,0.00,18,arpi_synthetic_generator
SLE-00000023,2025-07-08,2025-07-10,GSA-001,VEH-0000737,CUS-00001703,EMP-00010,EMP-00008,EMP-00005,,Certified Retail,true,1,10864.72,,10974.32,10974.32,6148.69,1918.66,795.00,2002.37,631.66,2634.03,0.00,0.00,4120.59,6744.13,28,arpi_synthetic_generator
SLE-00000024,2025-07-09,2025-07-09,GSA-002,VEH-0000064,CUS-00000249,EMP-00022,EMP-00023,EMP-00017,,Certified Retail,true,1,20295.87,,21355.98,20992.93,15186.22,1627.50,750.00,2732.15,748.49,3480.64,0.00,0.00,4549.89,15745.98,35,arpi_synthetic_generator
SLE-00000025,2025-07-09,2025-07-09,GSA-001,VEH-0000250,CUS-00000588,EMP-00006,EMP-00001,EMP-00005,,Used Retail,true,1,37429.08,,39398.36,38728.59,30135.79,1314.64,795.00,5183.65,1321.92,6505.57,7733.93,6535.79,5437.62,24257.53,43,arpi_synthetic_generator
SLE-00000026,2025-07-09,2025-07-09,GSA-003,VEH-0000292,,EMP-00025,EMP-00024,,,Wholesale,false,1,10169.13,,12916.89,12258.13,8342.54,2489.06,495.00,-1157.47,0.00,-1157.47,0.00,0.00,0.00,0.00,119,arpi_synthetic_generator
SLE-00000027,2025-07-09,2025-07-10,GSA-002,VEH-0000364,CUS-00001011,EMP-00020,EMP-00013,EMP-00017,,Certified Retail,true,1,9207.60,,9932.72,9763.86,6151.78,1919.46,750.00,386.36,1170.74,1557.10,0.00,0.00,2334.27,6873.33,33,arpi_synthetic_generator
SLE-00000028,2025-07-09,2025-07-09,GSA-001,VEH-0000427,CUS-00000579,EMP-00003,EMP-00001,EMP-00005,,New Retail,true,1,35389.21,38753.23,38602.56,37907.71,35105.16,2.00,795.00,-512.95,837.97,325.02,0.00,0.00,5231.50,0.00,85,arpi_synthetic_generator
SLE-00000029,2025-07-09,2025-07-12,GSA-001,VEH-0000490,CUS-00000710,EMP-00010,EMP-00002,EMP-00005,,Used Retail,true,1,3494.27,,3607.97,3607.97,1939.81,824.35,795.00,-64.89,2822.69,2757.80,0.00,0.00,3054.44,439.83,14,arpi_synthetic_generator
SLE-00000030,2025-07-10,2025-07-10,GSA-003,VEH-0000114,CUS-00001778,EMP-00029,EMP-00024,EMP-00028,,Used Retail,true,1,4614.89,,4981.20,4896.52,2687.92,1018.86,495.00,413.11,2216.30,2629.41,1952.40,1800.83,2848.15,0.00,34,arpi_synthetic_generator
SLE-00000031,2025-07-11,2025-07-13,GSA-002,VEH-0000258,CUS-00002257,EMP-00016,EMP-00023,EMP-00017,,Used Retail,true,1,15036.35,,16798.84,15656.52,10352.30,2818.86,750.00,1115.19,1887.95,3003.14,0.00,0.00,1500.15,13536.20,140,arpi_synthetic_generator
SLE-00000032,2025-07-12,2025-07-12,GSA-002,VEH-0000313,CUS-00000286,EMP-00022,EMP-00013,,,Used Retail,true,1,12627.18,,12851.48,12851.48,7817.28,1836.51,750.00,2223.39,527.76,2751.15,0.00,0.00,1655.74,10971.44,16,arpi_synthetic_generator
SLE-00000033,2025-07-12,2025-07-12,GSA-003,VEH-0000367,,EMP-00025,EMP-00030,,,Wholesale,false,1,10269.45,,14435.26,14189.86,8722.55,2280.60,495.00,-1228.70,0.00,-1228.70,0.00,0.00,0.00,0.00,57,arpi_synthetic_generator
SLE-00000034,2025-07-12,2025-07-13,GSA-002,VEH-0000526,CUS-00002069,EMP-00022,EMP-00023,EMP-00017,,Used Retail,true,1,32541.22,,36265.85,34416.29,25049.20,2484.29,750.00,4257.73,843.10,5100.83,0.00,0.00,5206.17,27335.05,102,arpi_synthetic_generator
SLE-00000035,2025-07-12,2025-07-17,GSA-003,VEH-0000621,CUS-00002261,EMP-00026,EMP-00024,EMP-00028,,Used Retail,true,1,30261.33,,32015.75,31471.48,23024.65,1444.91,495.00,5296.77,2047.74,7344.51,0.00,0.00,2862.39,0.00,31,arpi_synthetic_generator
SLE-00000036,2025-07-12,2025-07-12,GSA-002,VEH-0000656,CUS-00000850,EMP-00022,EMP-00014,EMP-00017,,New Retail,true,1,37913.25,38668.85,38520.67,38520.67,35511.46,14.00,750.00,1637.79,418.75,2056.54,0.00,0.00,4845.33,0.00,18,arpi_synthetic_generator
SLE-00000037,2025-07-14,2025-07-14,GSA-001,VEH-0000204,CUS-00001016,EMP-00004,EMP-00008,,,Certified Retail,true,1,17269.86,,18362.34,17738.02,11062.90,3101.68,795.00,2310.28,967.68,3277.96,6452.02,5826.80,3425.39,7392.45,62,arpi_synthetic_generator
SLE-00000038,2025-07-14,2025-07-16,GSA-002,VEH-0000351,CUS-00001180,EMP-00015,EMP-00014,EMP-00017,,Certified Retail,true,1,4498.87,,4732.90,4652.44,2784.54,1043.98,750.00,-79.65,1031.95,952.30,0.00,0.00,3657.40,841.47,35,arpi_synthetic_generator
SLE-00000039,2025-07-14,2025-07-16,GSA-001,VEH-0000648,CUS-00000156,EMP-00012,EMP-00008,EMP-00005,,New Retail,true,1,35902.68,38185.84,38791.70,38442.57,35467.47,18.00,795.00,-377.79,1250.44,872.65,0.00,0.00,2348.71,33553.97,52,arpi_synthetic_generator
SLE-00000040,2025-07-14,2025-07-14,GSA-001,VEH-0000681,CUS-00001672,EMP-00004,EMP-00002,EMP-00005,,New Retail,true,1,48679.36,50273.31,50155.57,49704.17,45818.34,25.00,795.00,2041.02,1129.98,3171.00,12006.69,10962.15,8591.82,28080.85,39,arpi_synthetic_generator
SLE-00000041,2025-07-14,2025-07-14,GSA-003,VEH-0000829,CUS-00002236,EMP-00025,EMP-00030,EMP-00028,,Used Retail,true,1,22188.59,,25076.35,22944.86,17741.94,2158.68,495.00,1792.97,1047.86,2840.83,0.00,0.00,6385.10,15803.49,152,arpi_synthetic_generator
SLE-00000042,2025-07-15,2025-07-16,GSA-002,VEH-0000042,CUS-00002191,EMP-00022,EMP-00014,EMP-00017,,New Retail,true,1,24810.70,25724.76,25817.39,25585.03,23524.78,151.00,750.00,384.92,748.80,1133.72,0.00,0.00,2675.12,22135.58,42,arpi_synthetic_generator
SLE-00000043,2025-07-15,2025-07-15,GSA-003,VEH-0000074,CUS-00001801,EMP-00025,EMP-00024,EMP-00028,,Used Retail,true,1,6409.48,,6967.43,6612.09,4106.18,1387.61,495.00,420.69,796.05,1216.74,0.00,0.00,2942.47,3467.01,118,arpi_synthetic_generator
SLE-00000044,2025-07-15,2025-07-15,GSA-003,VEH-0000181,CUS-00000156,EMP-00026,EMP-00024,EMP-00028,,Used Retail,true,1,14052.82,,14658.72,14409.52,8956.79,2318.82,495.00,2282.21,1262.68,3544.89,2597.56,2305.98,1595.61,9859.65,33,arpi_synthetic_generator
SLE-00000045,2025-07-15,2025-07-15,GSA-001,VEH-0000324,CUS-00000327,EMP-00012,EMP-00002,EMP-00005,,Used Retail,true,1,25447.02,,26396.15,25947.42,16338.23,2599.57,795.00,5714.22,1300.88,7015.10,0.00,0.00,5914.09,19532.93,35,arpi_synthetic_generator
SLE-00000046,2025-07-15,2025-07-15,GSA-003,VEH-0000419,CUS-00000408,EMP-00026,EMP-00024,EMP-00028,,Used Retail,true,1,9669.06,,10585.98,10046.10,6051.53,1893.40,495.00,1229.13,831.23,2060.36,0.00,0.00,8677.37,991.69,90,arpi_synthetic_generator
SLE-00000047,2025-07-15,2025-07-16,GSA-001,VEH-0000480,CUS-00000233,EMP-00012,EMP-00008,EMP-00005,,Used Retail,true,1,31534.91,,33787.87,32639.08,24660.84,1199.55,795.00,4879.52,1171.55,6051.07,11163.30,9687.30,1093.59,0.00,78,arpi_synthetic_generator
SLE-00000048,2025-07-15,2025-07-16,GSA-003,VEH-0000509,CUS-00001355,EMP-00027,EMP-00024,EMP-00028,,Used Retail,true,1,24910.43,,25840.93,25840.93,18462.71,1945.67,495.00,4007.05,1390.50,5397.55,4551.03,4333.27,6131.76,14227.64,6,arpi_synthetic_generator
SLE-00000049,2025-07-15,2025-07-16,GSA-001,VEH-0000748,CUS-00001117,EMP-00010,EMP-00001,EMP-00005,,New Retail,true,1,38261.89,40293.65,40431.45,39703.68,36861.64,106.00,795.00,499.25,1186.85,1686.10,10779.48,10749.07,6175.60,0.00,85,arpi_synthetic_generator
SLE-00000050,2025-07-15,2025-07-15,GSA-002,VEH-0000792,CUS-00000176,EMP-00016,EMP-00014,EMP-00017,,New Retail,true,1,36403.13,38980.58,38933.96,38933.96,35480.71,106.00,750.00,66.42,757.12,823.54,0.00,0.00,1690.15,0.00,29,arpi_synthetic_generator
SLE-00000051,2025-07-15,2025-07-15,GSA-002,VEH-0000832,CUS-00000532,EMP-00018,EMP-00023,EMP-00017,,Certified Retail,true,1,10534.15,,11849.12,10841.94,7174.20,2185.29,750.00,424.66,1799.15,2223.81,0.00,0.00,873.02,9661.13,151,arpi_synthetic_generator
SLE-00000052,2025-07-16,2025-07-18,GSA-002,VEH-0000012,CUS-00000111,EMP-00015,EMP-00023,EMP-00017,,Certified Retail,true,1,28492.90,,29719.67,29214.44,19243.64,2564.69,750.00,5934.57,2180.72,8115.29,0.00,0.00,6920.07,0.00,43,arpi_synthetic_generator
SLE-00000053,2025-07-16,2025-07-16,GSA-002,VEH-0000107,,EMP-00018,EMP-00013,,,Dealer Trade,false,1,28703.01,31769.36,31991.84,31415.99,28507.28,0.00,750.00,-554.27,0.00,-554.27,0.00,0.00,0.00,0.00,77,arpi_synthetic_generator
SLE-00000054,2025-07-16,2025-07-16,GSA-003,VEH-0000308,CUS-00002285,EMP-00029,EMP-00024,EMP-00028,,Used Retail,true,1,44679.87,,46197.07,46197.07,32828.78,1734.03,495.00,9622.06,1802.40,11424.46,0.00,0.00,7146.60,37533.27,20,arpi_synthetic_generator
SLE-00000055,2025-07-16,2025-07-18,GSA-003,VEH-0000607,CUS-00000753,EMP-00026,EMP-00030,EMP-00028,,Used Retail,true,1,2932.08,,3079.91,2975.19,1710.58,764.75,495.00,-38.25,807.28,769.03,0.00,0.00,2932.08,0.00,89,arpi_synthetic_generator
SLE-00000056,2025-07-16,2025-07-17,GSA-001,VEH-0000710,CUS-00001258,EMP-00003,EMP-00002,EMP-00005,,Certified Retail,true,1,14470.91,,14843.54,14843.54,8471.59,2522.61,795.00,2681.71,409.33,3091.04,5612.23,5488.09,3988.22,4870.46,19,arpi_synthetic_generator
SLE-00000057,2025-07-17,2025-07-19,GSA-003,VEH-0000095,CUS-00002265,EMP-00029,EMP-00024,,,Used Retail,true,1,44109.84,,47539.14,47539.14,34536.03,1991.80,495.00,7087.01,1257.43,8344.44,0.00,0.00,969.92,43139.92,18,arpi_synthetic_generator
SLE-00000058,2025-07-17,2025-07-17,GSA-001,VEH-0000182,CUS-00001068,EMP-00012,EMP-00008,EMP-00005,,Used Retail,true,1,39466.36,,40715.66,40715.66,31338.67,1175.33,795.00,6157.36,1899.20,8056.56,0.00,0.00,2000.89,37465.47,15,arpi_synthetic_generator
SLE-00000059,2025-07-17,2025-07-17,GSA-003,VEH-0000327,,EMP-00029,EMP-00024,,,Wholesale,false,1,11278.33,,17593.00,16994.84,11390.09,1722.01,495.00,-2328.77,0.00,-2328.77,0.00,0.00,0.00,0.00,63,arpi_synthetic_generator
SLE-00000060,2025-07-17,2025-07-18,GSA-002,VEH-0000606,CUS-00001837,EMP-00016,EMP-00013,EMP-00017,,Lease,true,1,23159.96,24833.11,25103.27,24425.48,22815.87,53.00,750.00,-458.91,766.51,307.60,6079.09,4978.02,3908.44,13172.43,107,arpi_synthetic_generator
SLE-00000061,2025-07-17,2025-07-22,GSA-002,VEH-0000774,CUS-00000428,EMP-00016,EMP-00013,,,Certified Retail,true,1,6340.65,,6812.87,6812.87,3708.56,1284.23,750.00,597.86,670.43,1268.29,0.00,0.00,804.64,5536.01,28,arpi_synthetic_generator
SLE-00000062,2025-07-18,2025-07-19,GSA-002,VEH-0000400,CUS-00000508,EMP-00022,EMP-00014,EMP-00017,,Lease,true,1,23666.36,25014.23,25413.56,25184.84,22514.93,162.00,750.00,239.43,737.04,976.47,0.00,0.00,1753.70,21912.66,31,arpi_synthetic_generator
SLE-00000063,2025-07-18,2025-07-20,GSA-002,VEH-0000836,CUS-00000355,EMP-00015,EMP-00013,EMP-00017,,New Retail,true,1,24065.77,24467.27,24623.98,24623.98,21904.08,9.00,750.00,1402.69,796.86,2199.55,0.00,0.00,3227.42,20838.35,22,arpi_synthetic_generator
SLE-00000064,2025-07-18,2025-07-18,GSA-001,VEH-0000849,CUS-00002426,EMP-00012,EMP-00001,EMP-00005,,New Retail,true,1,46195.88,48344.70,49132.04,48689.85,43133.77,19.00,795.00,2248.11,666.97,2915.08,0.00,0.00,3706.79,42489.09,48,arpi_synthetic_generator
SLE-00000065,2025-07-19,2025-07-22,GSA-002,VEH-0000551,CUS-00001063,EMP-00015,EMP-00013,EMP-00017,,New Retail,true,1,35586.88,38701.24,38577.78,37536.18,35142.16,118.00,750.00,-423.28,688.47,265.19,7962.79,7640.29,1724.78,25899.31,107,arpi_synthetic_generator
SLE-00000066,2025-07-19,2025-07-19,GSA-003,VEH-0000702,CUS-00001557,EMP-00029,EMP-00024,EMP-00028,,Used Retail,true,1,22549.46,,25848.67,23212.11,19064.05,1080.93,495.00,1909.48,820.50,2729.98,0.00,0.00,4040.72,18508.74,185,arpi_synthetic_generator
SLE-00000067,2025-07-19,2025-07-19,GSA-001,VEH-0000785,CUS-00002061,EMP-00007,EMP-00001,EMP-00005,,Used Retail,true,1,31485.11,,34189.32,33608.10,24702.08,1826.07,795.00,4161.96,970.87,5132.83,0.00,0.00,7376.03,24109.08,38,arpi_synthetic_generator
SLE-00000068,2025-07-19,2025-07-20,GSA-002,VEH-0000896,CUS-00000863,EMP-00018,EMP-00023,EMP-00017,,Used Retail,true,1,20695.71,,22057.09,21307.15,16176.31,1568.02,750.00,2201.38,757.61,2958.99,3208.86,2928.71,2560.12,14926.73,80,arpi_synthetic_generator
SLE-00000069,2025-07-20,2025-07-20,GSA-001,VEH-0000472,CUS-00000949,EMP-00006,EMP-00008,EMP-00005,,Used Retail,true,1,33333.26,,35613.08,34402.24,26206.52,1406.38,795.00,4925.36,1426.44,6351.80,11683.68,11293.84,5297.62,0.00,69,arpi_synthetic_generator
SLE-00000070,2025-07-21,2025-07-21,GSA-003,VEH-0000060,CUS-00000466,EMP-00025,EMP-00024,EMP-00028,,Used Retail,true,1,43931.75,,47009.50,47009.50,31822.25,1369.94,495.00,10244.56,1992.03,12236.59,16936.07,16405.83,5020.78,21974.90,26,arpi_synthetic_generator
SLE-00000071,2025-07-21,2025-07-23,GSA-003,VEH-0000072,CUS-00001631,EMP-00025,EMP-00024,,,Used Retail,true,1,12471.96,,13195.11,12746.48,7785.33,2344.19,495.00,1847.44,1073.77,2921.21,0.00,0.00,8093.24,4378.72,89,arpi_synthetic_generator
SLE-00000072,2025-07-21,2025-07-22,GSA-003,VEH-0000157,CUS-00001889,EMP-00025,EMP-00024,EMP-00028,,Used Retail,true,1,4483.27,,4960.76,4876.43,2669.77,1014.14,495.00,304.36,1589.26,1893.62,0.00,0.00,2435.17,2048.10,39,arpi_synthetic_generator
SLE-00000073,2025-07-21,2025-07-21,GSA-001,VEH-0000486,CUS-00002216,EMP-00003,EMP-00008,EMP-00005,,New Retail,true,1,37616.99,39861.11,40416.45,39688.95,35940.21,36.00,795.00,845.78,1385.59,2231.37,16607.94,15277.95,4254.25,16754.80,74,arpi_synthetic_generator
SLE-00000074,2025-07-21,2025-07-21,GSA-001,VEH-0000672,CUS-00000290,EMP-00007,EMP-00001,EMP-00005,,Used Retail,true,1,34638.26,,36152.80,35538.20,26675.82,1499.57,795.00,5667.87,747.82,6415.69,0.00,0.00,5407.66,29230.60,56,arpi_synthetic_generator
SLE-00000075,2025-07-21,2025-07-23,GSA-001,VEH-0000859,CUS-00000142,EMP-00007,EMP-00001,,,New Retail,true,1,45646.98,49955.82,49890.13,48543.10,45646.53,119.00,795.00,-913.55,1385.40,471.85,0.00,0.00,1603.42,44043.56,98,arpi_synthetic_generator
SLE-00000076,2025-07-21,2025-07-23,GSA-001,VEH-0000890,CUS-00000934,EMP-00003,EMP-00001,EMP-00005,,Used Retail,true,1,7288.20,,7694.28,7563.48,4734.63,1551.00,795.00,207.57,1084.17,1291.74,1441.41,1370.93,7288.20,0.00,53,arpi_synthetic_generator
SLE-00000077,2025-07-22,2025-07-22,GSA-002,VEH-0000117,CUS-00000856,EMP-00022,EMP-00023,EMP-00017,,Certified Retail,true,1,13193.74,,13883.42,13411.38,7751.16,2335.30,750.00,2357.28,923.34,3280.62,0.00,0.00,4509.37,8684.37,62,arpi_synthetic_generator
SLE-00000078,2025-07-22,2025-07-22,GSA-003,VEH-0000180,CUS-00002055,EMP-00029,EMP-00024,EMP-00028,,Used Retail,true,1,20126.45,,22215.40,21460.08,12743.38,3394.20,495.00,3493.87,793.47,4287.34,4665.30,4262.54,6118.62,9342.53,77,arpi_synthetic_generator
SLE-00000079,2025-07-22,2025-07-22,GSA-002,VEH-0000515,CUS-00001510,EMP-00015,EMP-00023,EMP-00017,,New Retail,true,1,31658.89,32076.45,32023.36,32023.36,29056.93,75.00,750.00,1776.96,239.66,2016.62,0.00,0.00,4658.96,26999.93,12,arpi_synthetic_generator
SLE-00000080,2025-07-22,2025-07-22,GSA-002,VEH-0000556,,EMP-00018,EMP-00013,,,Wholesale,false,1,8286.22,,12180.19,12180.19,6520.44,2015.31,750.00,-999.53,0.00,-999.53,0.00,0.00,0.00,0.00,25,arpi_synthetic_generator
SLE-00000081,2025-07-22,2025-07-22,GSA-002,VEH-0000581,CUS-00002397,EMP-00018,EMP-00014,EMP-00017,,New Retail,true,1,23692.34,24697.20,25000.43,24775.43,22080.41,149.00,750.00,712.93,2061.77,2774.70,2690.80,2656.55,3721.15,0.00,39,arpi_synthetic_generator
SLE-00000082,2025-07-22,2025-07-22,GSA-001,VEH-0000599,CUS-00000546,EMP-00004,EMP-00008,EMP-00005,,New Retail,true,1,36886.31,37720.68,38366.57,37675.97,34617.44,54.00,795.00,1419.87,1551.11,2970.98,9102.23,8709.30,2800.82,24983.26,62,arpi_synthetic_generator
SLE-00000083,2025-07-22,2025-07-22,GSA-002,VEH-0000691,CUS-00000151,EMP-00022,EMP-00013,EMP-00017,,Certified Retail,true,1,17126.59,,18965.79,17676.12,11027.83,3187.24,750.00,2161.52,384.87,2546.39,2395.17,1995.44,2833.11,11898.31,140,arpi_synthetic_generator
SLE-00000084,2025-07-22,2025-07-23,GSA-002,VEH-0000871,CUS-00000675,EMP-00015,EMP-00023,EMP-00017,,Used Retail,true,1,3052.86,,3329.08,3215.89,1959.49,829.47,750.00,-486.10,672.12,186.02,0.00,0.00,2952.42,0.00,69,arpi_synthetic_generator
SLE-00000085,2025-07-22,2025-07-27,GSA-001,VEH-0000872,,EMP-00006,EMP-00001,,,Dealer Trade,false,1,33642.69,,45780.94,45002.66,30487.92,2724.24,795.00,-364.47,0.00,-364.47,0.00,0.00,0.00,0.00,32,arpi_synthetic_generator
SLE-00000086,2025-07-23,2025-07-23,GSA-003,VEH-0000037,CUS-00000697,EMP-00029,EMP-00024,EMP-00028,,Used Retail,true,1,12270.38,,12676.13,12676.13,8488.11,724.19,495.00,2563.08,1116.97,3680.05,0.00,0.00,1993.55,0.00,4,arpi_synthetic_generator
SLE-00000087,2025-07-23,2025-07-23,GSA-002,VEH-0000104,CUS-00000816,EMP-00016,EMP-00014,EMP-00017,,New Retail,true,1,39507.91,40601.42,40655.74,40655.74,37099.59,81.00,750.00,1577.32,1858.70,3436.02,0.00,0.00,5835.85,0.00,21,arpi_synthetic_generator
SLE-00000088,2025-07-23,2025-07-23,GSA-003,VEH-0000172,CUS-00000507,EMP-00029,EMP-00030,,,Used Retail,true,1,7667.37,,7943.80,7808.76,4619.05,1520.95,495.00,1032.37,1289.55,2321.92,0.00,0.00,2260.44,5406.93,34,arpi_synthetic_generator
SLE-00000089,2025-07-23,2025-07-24,GSA-001,VEH-0000582,,EMP-00006,EMP-00008,,,Wholesale,false,1,11015.02,,16015.54,15743.28,9362.61,2754.28,795.00,-1896.87,0.00,-1896.87,0.00,0.00,0.00,0.00,36,arpi_synthetic_generator
SLE-00000090,2025-07-23,2025-07-23,GSA-001,VEH-0000725,CUS-00001327,EMP-00004,EMP-00002,EMP-00005,,New Retail,true,1,37958.40,38879.08,38849.14,38499.50,35546.56,140.00,795.00,1476.84,669.86,2146.70,7432.39,7181.43,3775.05,26750.96,40,arpi_synthetic_generator
SLE-00000091,2025-07-24,2025-07-27,GSA-002,VEH-0000507,CUS-00002301,EMP-00022,EMP-00013,EMP-00017,,Used Retail,true,1,37677.71,,40054.40,38692.55,29291.13,1145.81,750.00,6490.77,1827.57,8318.34,14654.25,13623.28,3117.24,19906.22,78,arpi_synthetic_generator
SLE-00000092,2025-07-24,2025-07-24,GSA-003,VEH-0000569,CUS-00001533,EMP-00026,EMP-00024,EMP-00028,,Used Retail,true,1,10834.64,,11453.06,11258.36,7483.64,1986.54,495.00,869.46,1098.40,1967.86,2332.21,2128.78,1726.98,6775.45,43,arpi_synthetic_generator
SLE-00000093,2025-07-24,2025-07-25,GSA-001,VEH-0000684,CUS-00000732,EMP-00007,EMP-00001,EMP-00005,,Certified Retail,true,1,14720.11,,15629.47,15098.07,9089.17,1655.34,795.00,3180.60,1958.08,5138.68,0.00,0.00,4049.31,0.00,76,arpi_synthetic_generator
SLE-00000094,2025-07-24,2025-07-24,GSA-001,VEH-0000727,CUS-00002245,EMP-00004,EMP-00002,EMP-00005,,New Retail,true,1,37631.44,38525.10,39437.68,39082.74,35798.91,141.00,795.00,896.53,449.12,1345.65,12841.71,12940.02,3303.27,21486.46,30,arpi_synthetic_generator
SLE-00000095,2025-07-24,2025-07-24,GSA-001,VEH-0000814,CUS-00002067,EMP-00004,EMP-00002,EMP-00005,,Lease,true,1,25983.44,,28463.84,27012.18,19721.00,1796.04,795.00,3671.40,978.08,4649.48,0.00,0.00,701.99,25281.45,107,arpi_synthetic_generator
SLE-00000096,2025-07-25,2025-07-26,GSA-002,VEH-0000025,CUS-00001530,EMP-00018,EMP-00023,EMP-00017,,Used Retail,true,1,31372.22,,33299.02,32732.94,23583.45,476.90,750.00,6561.87,1744.19,8306.06,0.00,0.00,791.01,30581.21,36,arpi_synthetic_generator
SLE-00000097,2025-07-25,2025-07-25,GSA-002,VEH-0000385,CUS-00000978,EMP-00018,EMP-00013,EMP-00017,,New Retail,true,1,31521.19,32653.66,33047.30,32452.45,29563.51,102.00,750.00,1105.68,1046.75,2152.43,0.00,0.00,3248.81,28272.38,72,arpi_synthetic_generator
SLE-00000098,2025-07-25,2025-07-25,GSA-002,VEH-0000595,CUS-00001851,EMP-00015,EMP-00023,EMP-00017,,Used Retail,true,1,2915.18,,3069.15,3016.97,1644.15,747.48,750.00,-226.45,1617.68,1391.23,0.00,0.00,1469.06,1446.12,31,arpi_synthetic_generator
SLE-00000099,2025-07-25,2025-07-27,GSA-002,VEH-0000667,CUS-00002281,EMP-00022,EMP-00014,EMP-00017,,Used Retail,true,1,3175.68,,3318.32,3318.32,1897.98,813.47,750.00,-285.77,562.24,276.47,0.00,0.00,1765.02,1410.66,2,arpi_synthetic_generator
SLE-00000100,2025-07-25,2025-07-25,GSA-002,VEH-0000735,CUS-00000278,EMP-00018,EMP-00013,EMP-00017,,Certified Retail,true,1,34604.00,,36856.40,36229.84,27102.15,2638.21,750.00,4113.64,1302.50,5416.14,0.00,0.00,2395.25,32208.75,59,arpi_synthetic_generator
SLE-00000101,2025-07-26,2025-07-28,GSA-003,VEH-0000008,CUS-00001450,EMP-00025,EMP-00024,EMP-00028,,Used Retail,true,1,8430.87,,9103.64,8948.88,5602.20,1492.70,495.00,840.97,1075.74,1916.71,2831.70,2717.62,3949.94,0.00,40,arpi_synthetic_generator
SLE-00000102,2025-07-26,2025-07-27,GSA-003,VEH-0000572,CUS-00000610,EMP-00026,EMP-00030,EMP-00028,,Used Retail,true,1,19693.02,,20565.48,20565.48,15807.78,1122.83,495.00,2267.41,1823.90,4091.31,0.00,0.00,3493.08,16199.94,25,arpi_synthetic_generator
SLE-00000103,2025-07-26,2025-07-26,GSA-002,VEH-0000596,CUS-00001916,EMP-00022,EMP-00013,EMP-00017,,New Retail,true,1,31457.18,32050.24,32896.33,32600.26,29099.92,136.00,750.00,1471.26,1152.65,2623.91,0.00,0.00,1497.27,0.00,32,arpi_synthetic_generator
SLE-00000104,2025-07-26,2025-07-26,GSA-001,VEH-0000674,CUS-00000882,EMP-00012,EMP-00001,EMP-00005,,Lease,true,1,36345.29,37302.91,37521.54,36846.15,33685.01,42.00,795.00,1823.28,1328.48,3151.76,6773.34,5974.73,1410.40,28161.55,89,arpi_synthetic_generator
SLE-00000105,2025-07-26,2025-07-26,GSA-003,VEH-0000781,CUS-00002439,EMP-00025,EMP-00024,EMP-00028,,Used Retail,true,1,42710.51,,45325.44,44554.91,31255.20,1136.22,495.00,9824.09,1001.02,10825.11,0.00,0.00,5623.60,37086.91,39,arpi_synthetic_generator
SLE-00000106,2025-07-27,2025-07-28,GSA-003,VEH-0000361,,EMP-00025,EMP-00030,,,Wholesale,false,1,15360.31,,22385.44,22004.89,14284.86,1510.88,495.00,-930.43,0.00,-930.43,0.00,0.00,0.00,0.00,38,arpi_synthetic_generator
SLE-00000107,2025-07-28,2025-07-28,GSA-001,VEH-0000635,,EMP-00004,EMP-00002,,,Wholesale,false,1,16275.85,,21866.88,21123.41,15157.17,1771.96,795.00,-1448.28,0.00,-1448.28,0.00,0.00,0.00,0.00,83,arpi_synthetic_generator
SLE-00000108,2025-07-28,2025-07-28,GSA-001,VEH-0000662,CUS-00002302,EMP-00006,EMP-00008,EMP-00005,,New Retail,true,1,36234.56,39515.25,39557.57,39201.55,36779.53,113.00,795.00,-1452.97,2007.75,554.78,13001.17,11962.26,1802.90,21430.49,42,arpi_synthetic_generator
SLE-00000109,2025-07-29,2025-07-29,GSA-003,VEH-0000161,CUS-00001037,EMP-00025,EMP-00030,EMP-00028,,Used Retail,true,1,38933.41,,40775.04,40081.86,29914.95,1366.97,495.00,7156.49,619.59,7776.08,0.00,0.00,3263.40,35670.01,33,arpi_synthetic_generator
SLE-00000110,2025-07-29,2025-07-31,GSA-001,VEH-0000189,CUS-00002158,EMP-00006,EMP-00001,EMP-00005,,Lease,true,1,37959.46,38949.31,39832.91,39474.41,35276.31,116.00,795.00,1772.15,2119.66,3891.81,10224.70,8904.99,4210.79,23523.97,33,arpi_synthetic_generator
SLE-00000111,2025-07-30,2025-07-30,GSA-001,VEH-0000376,CUS-00001900,EMP-00010,EMP-00002,,,Used Retail,true,1,23466.44,,24509.06,24092.41,17402.21,1577.86,795.00,3691.37,588.40,4279.77,8967.33,8586.75,974.29,13524.82,57,arpi_synthetic_generator
SLE-00000112,2025-07-30,2025-08-01,GSA-003,VEH-0000754,CUS-00000703,EMP-00025,EMP-00030,EMP-00028,,Used Retail,true,1,36947.82,,39303.32,37967.01,26048.45,2534.74,495.00,7869.63,1181.43,9051.06,13517.61,12916.55,2930.75,20499.46,76,arpi_synthetic_generator
SLE-00000113,2025-07-30,2025-07-30,GSA-003,VEH-0000806,,EMP-00027,EMP-00030,,,Wholesale,false,1,27686.08,,38248.79,36298.10,29637.54,1131.06,495.00,-3577.52,0.00,-3577.52,0.00,0.00,0.00,0.00,112,arpi_synthetic_generator
SLE-00000114,2025-07-31,2025-07-31,GSA-001,VEH-0000170,,EMP-00010,EMP-00002,,,Dealer Trade,false,1,7228.44,,9181.82,9025.73,5248.95,1684.73,795.00,-500.24,0.00,-500.24,0.00,0.00,0.00,0.00,35,arpi_synthetic_generator
SLE-00000115,2025-07-31,2025-08-01,GSA-001,VEH-0000300,CUS-00001029,EMP-00003,EMP-00001,,,Used Retail,true,1,2680.96,,2959.88,2808.93,1593.53,734.32,795.00,-441.89,615.10,173.21,753.46,704.03,1345.16,582.34,106,arpi_synthetic_generator
SLE-00000116,2025-07-31,2025-08-01,GSA-001,VEH-0000488,CUS-00000159,EMP-00003,EMP-00002,EMP-00005,,New Retail,true,1,42175.79,45264.11,45256.01,44034.10,42072.36,97.00,795.00,-788.57,1068.09,279.52,0.00,0.00,1464.09,40711.70,111,arpi_synthetic_generator
SLE-00000117,2025-08-01,2025-08-01,GSA-002,VEH-0000178,CUS-00001129,EMP-00018,EMP-00014,EMP-00017,,Lease,true,1,39861.28,40563.31,41053.36,40683.88,37404.73,97.00,750.00,1609.55,641.02,2250.57,0.00,0.00,1348.90,38512.38,35,arpi_synthetic_generator
SLE-00000118,2025-08-01,2025-08-03,GSA-001,VEH-0000611,CUS-00001662,EMP-00006,EMP-00008,EMP-00005,,New Retail,true,1,47079.44,48730.67,49091.86,48650.03,44760.29,92.00,795.00,1432.15,1514.86,2947.01,0.00,0.00,1783.38,0.00,35,arpi_synthetic_generator
SLE-00000119,2025-08-01,2025-08-01,GSA-001,VEH-0000756,CUS-00000216,EMP-00010,EMP-00008,EMP-00005,,Used Retail,true,1,35929.41,,37728.59,37728.59,28243.40,1115.11,795.00,5775.90,1057.97,6833.87,4330.22,4105.87,4893.37,0.00,22,arpi_synthetic_generator
SLE-00000120,2025-08-01,2025-08-03,GSA-003,VEH-0000837,,EMP-00029,EMP-00024,,,Dealer Trade,false,1,26719.99,,30378.99,29346.10,23511.00,1293.56,495.00,1420.43,0.00,1420.43,0.00,0.00,0.00,0.00,86,arpi_synthetic_generator
SLE-00000121,2025-08-02,2025-08-02,GSA-002,VEH-0000135,CUS-00000838,EMP-00018,EMP-00014,EMP-00017,,Used Retail,true,1,18365.82,,21347.36,19532.83,13310.83,2268.25,750.00,2036.74,1197.10,3233.84,3396.71,3225.50,3400.27,11568.84,171,arpi_synthetic_generator
SLE-00000122,2025-08-02,2025-08-02,GSA-001,VEH-0000270,CUS-00001025,EMP-00012,EMP-00008,EMP-00005,,Used Retail,true,1,8185.35,,8282.07,8282.07,4625.68,1522.68,795.00,1241.99,531.70,1773.69,0.00,0.00,7896.65,0.00,23,arpi_synthetic_generator
SLE-00000123,2025-08-02,2025-08-05,GSA-002,VEH-0000353,CUS-00000566,EMP-00018,EMP-00013,EMP-00017,,New Retail,true,1,27506.38,29644.40,29496.53,29496.53,26667.24,131.00,750.00,-41.86,733.35,691.49,5577.41,5249.21,2344.73,19584.24,27,arpi_synthetic_generator
SLE-00000124,2025-08-02,2025-08-03,GSA-001,VEH-0000425,CUS-00001844,EMP-00004,EMP-00001,EMP-00005,,Used Retail,true,1,18053.73,,18478.58,18478.58,13197.87,712.95,795.00,3347.91,242.72,3590.63,0.00,0.00,3065.16,14988.57,25,arpi_synthetic_generator
SLE-00000125,2025-08-02,2025-08-02,GSA-002,VEH-0000452,CUS-00000676,EMP-00022,EMP-00023,EMP-00017,,New Retail,true,1,22050.70,24428.32,24510.23,23627.86,22577.31,110.00,750.00,-1386.61,1283.99,-102.62,4931.48,4740.13,3998.75,13120.47,129,arpi_synthetic_generator
SLE-00000126,2025-08-02,2025-08-02,GSA-002,VEH-0000468,CUS-00000372,EMP-00022,EMP-00023,EMP-00017,,Lease,true,1,30836.60,31673.97,31919.38,31344.83,29405.35,153.00,750.00,528.25,1409.91,1938.16,0.00,0.00,1496.92,29339.68,87,arpi_synthetic_generator
SLE-00000127,2025-08-02,2025-08-02,GSA-001,VEH-0000469,CUS-00001838,EMP-00003,EMP-00008,,,Lease,true,1,37156.81,38405.60,38765.58,38067.80,35268.13,100.00,795.00,993.68,448.33,1442.01,10699.69,10497.50,2174.67,24282.45,72,arpi_synthetic_generator
SLE-00000128,2025-08-02,2025-08-02,GSA-002,VEH-0000765,CUS-00002194,EMP-00022,EMP-00014,EMP-00017,,Used Retail,true,1,3673.53,,3931.75,3864.91,2091.27,863.73,750.00,-31.47,1384.06,1352.59,0.00,0.00,3648.51,25.02,38,arpi_synthetic_generator
SLE-00000129,2025-08-02,2025-08-02,GSA-001,VEH-0000842,CUS-00001070,EMP-00003,EMP-00002,EMP-00005,,Certified Retail,true,1,41862.56,,44652.58,43893.49,28528.25,1780.52,795.00,10758.79,2467.85,13226.64,0.00,0.00,5967.94,35894.62,33,arpi_synthetic_generator
SLE-00000130,2025-08-04,2025-08-04,GSA-003,VEH-0000426,CUS-00001639,EMP-00029,EMP-00030,EMP-00028,,Used Retail,true,1,9930.81,,10524.32,10166.49,6269.60,1687.12,495.00,1479.09,1240.97,2720.06,0.00,0.00,6891.35,3039.46,88,arpi_synthetic_generator
SLE-00000131,2025-08-04,2025-08-04,GSA-001,VEH-0000471,CUS-00002016,EMP-00010,EMP-00001,EMP-00005,,New Retail,true,1,39101.71,40396.57,41399.46,40281.67,37625.73,94.00,795.00,586.98,1659.44,2246.42,0.00,0.00,3917.56,35184.15,94,arpi_synthetic_generator
SLE-00000132,2025-08-04,2025-08-05,GSA-003,VEH-0000492,CUS-00002368,EMP-00029,EMP-00024,EMP-00028,,Used Retail,true,1,13293.78,,14339.17,13607.87,8224.99,2458.50,495.00,2115.29,1805.31,3920.60,2924.48,2484.91,1974.31,8394.99,108,arpi_synthetic_generator
SLE-00000133,2025-08-04,2025-08-09,GSA-002,VEH-0000610,CUS-00000900,EMP-00015,EMP-00023,EMP-00017,,Used Retail,true,1,7324.79,,7882.91,7748.90,4556.91,1504.80,750.00,513.08,1098.83,1611.91,0.00,0.00,7324.79,0.00,52,arpi_synthetic_generator
SLE-00000134,2025-08-04,2025-08-04,GSA-001,VEH-0000670,CUS-00001339,EMP-00012,EMP-00002,EMP-00005,,New Retail,true,1,38023.62,38744.04,39210.98,38858.08,35676.79,8.00,795.00,1543.83,1678.20,3222.03,0.00,0.00,5005.82,33017.80,55,arpi_synthetic_generator
SLE-00000135,2025-08-05,2025-08-08,GSA-001,VEH-0000016,,EMP-00006,EMP-00008,,,Dealer Trade,false,1,41034.27,40267.60,40169.75,38723.64,37501.22,143.00,795.00,2595.05,0.00,2595.05,0.00,0.00,0.00,0.00,143,arpi_synthetic_generator
SLE-00000136,2025-08-05,2025-08-05,GSA-003,VEH-0000158,,EMP-00027,EMP-00030,,,Wholesale,false,1,30027.17,,40684.49,39992.85,27445.80,1845.34,495.00,241.03,0.00,241.03,0.00,0.00,0.00,0.00,57,arpi_synthetic_generator
SLE-00000137,2025-08-05,2025-08-07,GSA-001,VEH-0000211,CUS-00002083,EMP-00003,EMP-00001,EMP-00005,,New Retail,true,1,36056.85,39351.28,39402.67,38693.42,36734.14,112.00,795.00,-1584.29,1113.48,-470.81,0.00,0.00,1385.12,34671.73,75,arpi_synthetic_generator
SLE-00000138,2025-08-05,2025-08-06,GSA-002,VEH-0000267,CUS-00002493,EMP-00016,EMP-00014,EMP-00017,,Used Retail,true,1,17284.69,,19147.91,18171.37,11673.68,3107.25,750.00,1753.76,1338.14,3091.90,0.00,0.00,6121.37,0.00,113,arpi_synthetic_generator
SLE-00000139,2025-08-05,2025-08-05,GSA-001,VEH-0000394,CUS-00000049,EMP-00007,EMP-00008,EMP-00005,,Lease,true,1,35573.07,38404.41,38999.79,37595.80,35346.73,92.00,795.00,-660.66,1924.79,1264.13,14001.00,11367.45,2419.49,19152.58,122,arpi_synthetic_generator
SLE-00000140,2025-08-05,2025-08-07,GSA-001,VEH-0000617,CUS-00000263,EMP-00003,EMP-00002,EMP-00005,,New Retail,true,1,35141.96,36964.16,37022.93,37022.93,33768.13,67.00,795.00,511.83,2257.79,2769.62,10229.11,9004.18,4967.77,19945.08,15,arpi_synthetic_generator
SLE-00000141,2025-08-05,2025-08-05,GSA-002,VEH-0000626,CUS-00002348,EMP-00018,EMP-00014,,,Lease,true,1,36671.24,39653.02,40150.03,39427.33,36479.47,117.00,750.00,-675.23,692.65,17.42,0.00,0.00,2587.63,34083.61,63,arpi_synthetic_generator
SLE-00000142,2025-08-05,2025-08-05,GSA-003,VEH-0000776,CUS-00000696,EMP-00025,EMP-00024,EMP-00028,,Used Retail,true,1,37651.21,,38236.16,38236.16,27988.42,2479.90,495.00,6687.89,686.79,7374.68,0.00,0.00,3062.95,34588.26,28,arpi_synthetic_generator
SLE-00000143,2025-08-06,2025-08-08,GSA-001,VEH-0000500,CUS-00000409,EMP-00006,EMP-00002,EMP-00005,,Certified Retail,true,1,33094.86,,34336.37,34336.37,25833.49,2212.55,795.00,4253.82,1936.53,6190.35,6312.86,5895.68,2928.95,0.00,28,arpi_synthetic_generator
SLE-00000144,2025-08-07,2025-08-12,GSA-002,VEH-0000209,CUS-00002147,EMP-00018,EMP-00023,EMP-00017,,Certified Retail,true,1,9673.62,,10205.00,10031.52,5804.33,1829.13,750.00,1290.16,335.16,1625.32,0.00,0.00,2885.75,6787.87,50,arpi_synthetic_generator
SLE-00000145,2025-08-07,2025-08-09,GSA-003,VEH-0000414,,EMP-00025,EMP-00024,,,Wholesale,false,1,23015.30,,29930.73,29421.91,23360.80,1125.36,495.00,-1965.86,0.00,-1965.86,0.00,0.00,0.00,0.00,47,arpi_synthetic_generator
SLE-00000146,2025-08-07,2025-08-07,GSA-003,VEH-0000460,CUS-00001420,EMP-00029,EMP-00024,EMP-00028,,Used Retail,true,1,14359.12,,14933.85,14679.97,9587.77,2005.82,495.00,2270.53,373.33,2643.86,0.00,0.00,1424.22,12934.90,33,arpi_synthetic_generator
SLE-00000147,2025-08-07,2025-08-07,GSA-003,VEH-0000523,,EMP-00029,EMP-00030,,,Wholesale,false,1,3231.64,,4950.66,4950.66,2562.88,986.35,495.00,-812.59,0.00,-812.59,0.00,0.00,0.00,0.00,29,arpi_synthetic_generator
SLE-00000148,2025-08-08,2025-08-09,GSA-001,VEH-0000113,CUS-00000664,EMP-00012,EMP-00001,EMP-00005,,New Retail,true,1,47100.91,49971.68,50548.45,50093.51,45650.68,156.00,795.00,499.23,2033.83,2533.06,16147.49,15595.11,5112.65,25840.77,31,arpi_synthetic_generator
SLE-00000149,2025-08-08,2025-08-10,GSA-003,VEH-0000201,CUS-00001167,EMP-00029,EMP-00030,EMP-00028,,Used Retail,true,1,18155.69,,19465.91,19134.99,13044.29,1815.56,495.00,2800.84,1093.30,3894.14,6446.98,5902.09,1241.14,10467.57,39,arpi_synthetic_generator
SLE-00000150,2025-08-08,2025-08-08,GSA-002,VEH-0000231,CUS-00000279,EMP-00022,EMP-00023,EMP-00017,,Used Retail,true,1,9061.22,,9900.97,9564.34,5959.33,1869.43,750.00,482.46,972.15,1454.61,0.00,0.00,1952.93,7108.29,62,arpi_synthetic_generator
SLE-00000151,2025-08-08,2025-08-08,GSA-003,VEH-0000330,CUS-00002217,EMP-00025,EMP-00024,EMP-00028,,Used Retail,true,1,11446.51,,12289.12,12080.20,8196.08,1862.94,495.00,892.49,987.62,1880.11,3048.24,2555.46,2762.01,5636.26,56,arpi_synthetic_generator
SLE-00000152,2025-08-08,2025-08-08,GSA-003,VEH-0000356,CUS-00001655,EMP-00025,EMP-00024,EMP-00028,,Used Retail,true,1,16994.33,,17823.74,17823.74,12090.38,1172.87,495.00,3236.08,1332.90,4568.98,0.00,0.00,913.26,16081.07,11,arpi_synthetic_generator
SLE-00000153,2025-08-08,2025-08-08,GSA-001,VEH-0000811,CUS-00002067,EMP-00007,EMP-00008,EMP-00005,,Lease,true,1,34314.95,36916.13,37425.20,36077.89,34083.89,35.00,795.00,-598.94,1252.35,653.41,0.00,0.00,809.79,33505.16,148,arpi_synthetic_generator
SLE-00000154,2025-08-08,2025-08-10,GSA-002,VEH-0000838,CUS-00001954,EMP-00015,EMP-00023,EMP-00017,,Certified Retail,true,1,22878.03,,23828.81,23423.72,17976.27,1068.91,750.00,3082.85,1286.74,4369.59,0.00,0.00,925.82,21952.21,32,arpi_synthetic_generator
SLE-00000155,2025-08-08,2025-08-13,GSA-003,VEH-0000867,CUS-00001624,EMP-00029,EMP-00030,EMP-00028,,Used Retail,true,1,30721.33,,32983.29,32422.57,25129.64,1855.06,495.00,3241.63,621.51,3863.14,0.00,0.00,3436.76,27284.57,46,arpi_synthetic_generator
SLE-00000156,2025-08-09,2025-08-09,GSA-003,VEH-0000145,CUS-00000606,EMP-00027,EMP-00030,EMP-00028,,Used Retail,true,1,5242.30,,5413.13,5413.13,2942.71,1085.10,495.00,719.49,773.08,1492.57,1183.56,1114.00,2360.76,1697.98,28,arpi_synthetic_generator
SLE-00000157,2025-08-09,2025-08-10,GSA-002,VEH-0000184,,EMP-00018,EMP-00023,,,Dealer Trade,false,1,20481.03,,31066.63,30538.50,20155.67,1547.62,750.00,-1972.26,0.00,-1972.26,0.00,0.00,0.00,0.00,54,arpi_synthetic_generator
SLE-00000158,2025-08-09,2025-08-10,GSA-003,VEH-0000197,CUS-00001109,EMP-00025,EMP-00030,EMP-00028,,Used Retail,true,1,9002.87,,9569.26,9243.91,6871.39,1053.24,495.00,583.24,824.85,1408.09,3273.95,2767.56,2945.80,2783.12,68,arpi_synthetic_generator
SLE-00000159,2025-08-09,2025-08-12,GSA-003,VEH-0000219,CUS-00001791,EMP-00025,EMP-00030,EMP-00028,,Used Retail,true,1,16872.26,,18284.15,17662.49,11724.49,2805.57,495.00,1847.20,1601.39,3448.59,2468.89,2297.93,1190.89,13212.48,86,arpi_synthetic_generator
SLE-00000160,2025-08-09,2025-08-12,GSA-001,VEH-0000235,CUS-00002036,EMP-00003,EMP-00001,EMP-00005,,Used Retail,true,1,14872.36,,15820.45,15551.50,9227.33,2189.00,795.00,2661.03,939.31,3600.34,3788.59,3358.61,6002.33,5081.44,38,arpi_synthetic_generator
SLE-00000161,2025-08-09,2025-08-09,GSA-002,VEH-0000301,CUS-00000993,EMP-00022,EMP-00013,,,Certified Retail,true,1,27035.76,,27767.87,27767.87,19539.61,2096.55,750.00,4649.60,811.28,5460.88,0.00,0.00,2656.34,24379.42,16,arpi_synthetic_generator
SLE-00000162,2025-08-09,2025-08-09,GSA-002,VEH-0000416,CUS-00002266,EMP-00022,EMP-00023,EMP-00017,,Lease,true,1,37528.21,39144.69,40058.13,39337.08,35371.57,158.00,750.00,1248.64,1467.33,2715.97,0.00,0.00,3842.22,33685.99,82,arpi_synthetic_generator
SLE-00000163,2025-08-09,2025-08-10,GSA-001,VEH-0000771,CUS-00002011,EMP-00012,EMP-00001,EMP-00005,,New Retail,true,1,38664.90,38777.31,39687.49,39330.30,36093.49,94.00,795.00,1682.41,939.76,2622.17,0.00,0.00,2350.93,36313.97,36,arpi_synthetic_generator
SLE-00000164,2025-08-11,2025-08-11,GSA-002,VEH-0000278,,EMP-00015,EMP-00023,,,Wholesale,false,1,37919.57,,60569.50,60569.50,41492.55,1206.26,750.00,-5529.24,0.00,-5529.24,0.00,0.00,0.00,0.00,17,arpi_synthetic_generator
SLE-00000165,2025-08-11,2025-08-11,GSA-002,VEH-0000627,CUS-00001019,EMP-00022,EMP-00023,EMP-00017,,Used Retail,true,1,16392.39,,17321.13,17026.67,12409.39,1207.81,750.00,2025.19,1607.82,3633.01,0.00,0.00,4125.10,12267.29,33,arpi_synthetic_generator
SLE-00000166,2025-08-11,2025-08-11,GSA-001,VEH-0000657,,EMP-00003,EMP-00002,,,Wholesale,false,1,5774.45,,8295.39,8295.39,4505.51,1491.43,795.00,-1017.49,0.00,-1017.49,0.00,0.00,0.00,0.00,7,arpi_synthetic_generator
SLE-00000167,2025-08-11,2025-08-11,GSA-001,VEH-0000669,CUS-00002460,EMP-00003,EMP-00008,EMP-00005,,Certified Retail,true,1,24885.76,,26142.94,25698.51,16911.47,2602.66,795.00,4576.63,1497.47,6074.10,0.00,0.00,3993.44,20892.32,31,arpi_synthetic_generator
SLE-00000168,2025-08-11,2025-08-11,GSA-002,VEH-0000820,CUS-00001651,EMP-00022,EMP-00023,,,New Retail,true,1,37307.25,39050.61,39219.46,38866.48,35295.00,94.00,750.00,1168.25,943.60,2111.85,10658.24,10065.27,2435.60,24213.41,37,arpi_synthetic_generator
SLE-00000169,2025-08-11,2025-08-13,GSA-001,VEH-0000845,CUS-00000532,EMP-00006,EMP-00002,EMP-00005,,Used Retail,true,1,34992.37,,38341.88,36386.44,24529.67,2233.07,795.00,7434.63,1418.64,8853.27,0.00,0.00,6952.13,28040.24,117,arpi_synthetic_generator
SLE-00000170,2025-08-12,2025-08-14,GSA-003,VEH-0000092,CUS-00000729,EMP-00027,EMP-00030,EMP-00028,,Used Retail,true,1,12495.87,,14266.04,13295.95,8219.18,2456.99,495.00,1324.70,929.15,2253.85,0.00,0.00,4342.87,8153.00,131,arpi_synthetic_generator
SLE-00000171,2025-08-12,2025-08-12,GSA-002,VEH-0000098,CUS-00001459,EMP-00022,EMP-00013,EMP-00017,,New Retail,true,1,36771.68,38919.39,38846.03,38846.03,35649.77,112.00,750.00,259.91,396.48,656.39,0.00,0.00,3821.10,32950.58,27,arpi_synthetic_generator
SLE-00000172,2025-08-12,2025-08-12,GSA-003,VEH-0000265,,EMP-00029,EMP-00030,,,Wholesale,false,1,6547.08,,8833.24,8532.91,5456.84,1738.78,495.00,-1143.54,0.00,-1143.54,0.00,0.00,0.00,0.00,68,arpi_synthetic_generator
SLE-00000173,2025-08-12,2025-08-12,GSA-001,VEH-0000286,CUS-00001952,EMP-00003,EMP-00002,EMP-00005,,New Retail,true,1,44781.81,47810.82,47245.31,47245.31,44456.32,24.00,795.00,-493.51,512.12,18.61,0.00,0.00,1485.27,0.00,14,arpi_synthetic_generator
SLE-00000174,2025-08-12,2025-08-12,GSA-002,VEH-0000338,CUS-00001661,EMP-00018,EMP-00013,EMP-00017,,Lease,true,1,22807.51,24756.78,24763.84,24318.09,22609.43,68.00,750.00,-619.92,905.19,285.27,0.00,0.00,1375.95,21431.56,84,arpi_synthetic_generator
SLE-00000175,2025-08-12,2025-08-13,GSA-002,VEH-0000505,CUS-00001989,EMP-00018,EMP-00014,EMP-00017,,Used Retail,true,1,14606.03,,15730.78,15730.78,9700.25,2842.07,750.00,1313.71,936.54,2250.25,0.00,0.00,3317.79,11288.24,27,arpi_synthetic_generator
SLE-00000176,2025-08-12,2025-08-12,GSA-001,VEH-0000864,,EMP-00003,EMP-00008,,,Wholesale,false,1,4126.42,,6189.64,5979.19,3425.11,1210.53,795.00,-1304.22,0.00,-1304.22,0.00,0.00,0.00,0.00,60,arpi_synthetic_generator
SLE-00000177,2025-08-13,2025-08-13,GSA-002,VEH-0000156,CUS-00000646,EMP-00022,EMP-00014,EMP-00017,,New Retail,true,1,40501.61,41499.41,40935.72,40935.72,38110.11,26.00,750.00,1615.50,807.61,2423.11,10847.17,10255.33,2654.00,27000.44,29,arpi_synthetic_generator
SLE-00000178,2025-08-13,2025-08-14,GSA-003,VEH-0000200,CUS-00002017,EMP-00029,EMP-00030,EMP-00028,,Used Retail,true,1,8503.24,,8820.58,8820.58,4862.46,1584.24,495.00,1561.54,654.77,2216.31,0.00,0.00,2383.81,6119.43,8,arpi_synthetic_generator
SLE-00000179,2025-08-13,2025-08-14,GSA-001,VEH-0000275,CUS-00000834,EMP-00010,EMP-00002,EMP-00005,,New Retail,true,1,43498.43,45319.18,46167.69,45336.67,41368.53,118.00,795.00,1216.90,2503.78,3720.68,0.00,0.00,4687.78,38810.65,83,arpi_synthetic_generator
SLE-00000180,2025-08-13,2025-08-13,GSA-001,VEH-0000299,CUS-00000637,EMP-00007,EMP-00008,EMP-00005,,Certified Retail,true,1,39045.82,,41998.64,41284.66,28228.15,2783.91,795.00,7238.76,545.60,7784.36,0.00,0.00,2696.56,36349.26,58,arpi_synthetic_generator
SLE-00000181,2025-08-13,2025-08-16,GSA-003,VEH-0000854,CUS-00000405,EMP-00025,EMP-00030,EMP-00028,,Used Retail,true,1,4372.98,,4608.31,4529.97,2535.79,979.31,495.00,362.88,571.58,934.46,0.00,0.00,3075.93,1297.05,44,arpi_synthetic_generator
SLE-00000182,2025-08-14,2025-08-14,GSA-003,VEH-0000174,CUS-00000900,EMP-00029,EMP-00030,EMP-00028,,Used Retail,true,1,35897.36,,38038.49,38038.49,28798.96,611.27,495.00,5992.13,934.79,6926.92,0.00,0.00,3912.13,0.00,24,arpi_synthetic_generator
SLE-00000183,2025-08-14,2025-08-14,GSA-001,VEH-0000266,CUS-00000043,EMP-00003,EMP-00001,,,Used Retail,true,1,35932.02,,37110.25,37110.25,27751.12,792.02,795.00,6593.88,557.54,7151.42,11884.17,11043.38,1295.75,22752.10,29,arpi_synthetic_generator
SLE-00000184,2025-08-14,2025-08-14,GSA-003,VEH-0000304,CUS-00000867,EMP-00025,EMP-00030,EMP-00028,,Used Retail,true,1,6219.71,,6517.09,6406.30,3617.62,1260.58,495.00,846.51,731.85,1578.36,0.00,0.00,1231.55,4988.16,44,arpi_synthetic_generator
SLE-00000185,2025-08-14,2025-08-17,GSA-001,VEH-0000463,CUS-00001566,EMP-00010,EMP-00002,EMP-00005,,Used Retail,true,1,18428.32,,19503.27,19171.71,12238.48,1911.42,795.00,3483.42,638.77,4122.19,0.00,0.00,2289.38,16138.94,59,arpi_synthetic_generator
SLE-00000186,2025-08-14,2025-08-14,GSA-001,VEH-0000506,CUS-00001387,EMP-00003,EMP-00001,EMP-00005,,Certified Retail,true,1,10940.56,,11753.04,11553.24,6475.20,2003.55,795.00,1666.81,1991.58,3658.39,0.00,0.00,4505.25,6435.31,48,arpi_synthetic_generator
SLE-00000187,2025-08-14,2025-08-14,GSA-001,VEH-0000537,CUS-00000929,EMP-00003,EMP-00002,EMP-00005,,Used Retail,true,1,17748.73,,19149.72,18824.17,12108.75,1860.26,795.00,2984.72,1195.72,4180.44,3156.71,2906.67,1128.66,13463.36,56,arpi_synthetic_generator
SLE-00000188,2025-08-14,2025-08-17,GSA-003,VEH-0000614,CUS-00000655,EMP-00025,EMP-00024,EMP-00028,,Used Retail,true,1,27194.56,,28776.86,28287.65,20722.74,3095.08,495.00,2881.74,425.50,3307.24,0.00,0.00,5531.72,21662.84,58,arpi_synthetic_generator
SLE-00000189,2025-08-14,2025-08-15,GSA-003,VEH-0000839,CUS-00001109,EMP-00029,EMP-00024,EMP-00028,,Used Retail,true,1,5354.08,,5678.41,5581.88,3153.69,1139.96,495.00,565.43,928.67,1494.10,0.00,0.00,2013.91,3340.17,41,arpi_synthetic_generator
SLE-00000190,2025-08-14,2025-08-14,GSA-001,VEH-0000865,,EMP-00010,EMP-00002,,,Wholesale,false,1,19581.41,,27845.65,27372.27,16440.44,3698.60,795.00,-1352.63,0.00,-1352.63,0.00,0.00,0.00,0.00,41,arpi_synthetic_generator
SLE-00000191,2025-08-14,2025-08-14,GSA-001,VEH-0000887,CUS-00000402,EMP-00010,EMP-00002,EMP-00005,,New Retail,true,1,35323.12,37791.17,37531.73,37193.94,33732.47,138.00,795.00,657.65,1448.49,2106.14,7854.88,7548.20,4477.58,22990.66,42,arpi_synthetic_generator
SLE-00000192,2025-08-14,2025-08-15,GSA-002,VEH-0000889,CUS-00002202,EMP-00016,EMP-00023,EMP-00017,,Used Retail,true,1,28155.31,,29814.90,28801.19,22428.21,2159.86,750.00,2817.24,374.20,3191.44,5449.97,4871.07,1233.96,21471.38,71,arpi_synthetic_generator
SLE-00000193,2025-08-15,2025-08-15,GSA-001,VEH-0000007,CUS-00000150,EMP-00007,EMP-00002,EMP-00005,,New Retail,true,1,37585.11,40600.43,40519.27,39060.58,37590.80,131.00,795.00,-931.69,772.71,-158.98,0.00,0.00,6809.20,30775.91,137,arpi_synthetic_generator
SLE-00000194,2025-08-15,2025-08-15,GSA-002,VEH-0000066,CUS-00001163,EMP-00015,EMP-00013,EMP-00017,,Used Retail,true,1,6070.84,,6461.56,6241.87,3848.51,1320.61,750.00,151.72,590.12,741.84,0.00,0.00,4333.40,1737.44,86,arpi_synthetic_generator
SLE-00000195,2025-08-15,2025-08-15,GSA-002,VEH-0000215,CUS-00002147,EMP-00018,EMP-00014,EMP-00017,,Certified Retail,true,1,20027.94,,20920.32,20920.32,11693.02,3360.19,750.00,4224.73,596.34,4821.07,0.00,0.00,2632.80,17395.14,29,arpi_synthetic_generator
SLE-00000196,2025-08-15,2025-08-16,GSA-002,VEH-0000775,,EMP-00018,EMP-00013,,,Dealer Trade,false,1,37821.46,41290.06,41911.52,41534.32,37166.09,83.00,750.00,-177.63,0.00,-177.63,0.00,0.00,0.00,0.00,31,arpi_synthetic_generator
SLE-00000197,2025-08-16,2025-08-16,GSA-002,VEH-0000244,CUS-00000926,EMP-00016,EMP-00023,EMP-00017,,New Retail,true,1,29419.52,30442.19,30225.02,29952.99,27724.31,38.00,750.00,907.21,2699.71,3606.92,4680.83,4619.81,3611.79,21126.90,32,arpi_synthetic_generator
SLE-00000198,2025-08-16,2025-08-17,GSA-002,VEH-0000568,CUS-00001995,EMP-00018,EMP-00014,EMP-00017,,Used Retail,true,1,10844.33,,11361.74,11361.74,7496.99,1705.53,750.00,891.81,561.27,1453.08,2387.22,2170.55,3822.96,4634.15,29,arpi_synthetic_generator
SLE-00000199,2025-08-16,2025-08-17,GSA-001,VEH-0000588,CUS-00000867,EMP-00003,EMP-00008,EMP-00005,,New Retail,true,1,36271.49,38333.94,38802.50,38453.28,35526.09,84.00,795.00,-133.60,734.08,600.48,14931.06,12675.29,2584.51,18755.92,58,arpi_synthetic_generator
SLE-00000200,2025-08-16,2025-08-18,GSA-003,VEH-0000743,CUS-00001168,EMP-00025,EMP-00024,EMP-00028,,Used Retail,true,1,8498.11,,8987.04,8987.04,5079.06,1640.56,495.00,1283.49,591.61,1875.10,0.00,0.00,6245.59,2252.52,4,arpi_synthetic_generator
SLE-00000201,2025-08-16,2025-08-16,GSA-003,VEH-0000753,CUS-00002352,EMP-00025,EMP-00030,EMP-00028,,Used Retail,true,1,8529.93,,9059.55,8905.54,5683.27,1382.76,495.00,968.90,860.07,1828.97,0.00,0.00,1165.53,7364.40,38,arpi_synthetic_generator
SLE-00000202,2025-08-16,2025-08-16,GSA-003,VEH-0000755,CUS-00001851,EMP-00029,EMP-00024,EMP-00028,,Used Retail,true,1,4902.21,,5205.09,5205.09,2721.47,1027.58,495.00,658.16,536.19,1194.35,0.00,0.00,2768.11,2134.10,19,arpi_synthetic_generator
SLE-00000203,2025-08-18,2025-08-18,GSA-001,VEH-0000019,CUS-00002175,EMP-00003,EMP-00008,EMP-00005,,Used Retail,true,1,8238.19,,8814.97,8665.12,5329.28,1705.61,795.00,408.30,2128.77,2537.07,0.00,0.00,5115.16,3123.03,53,arpi_synthetic_generator
SLE-00000204,2025-08-18,2025-08-19,GSA-001,VEH-0000151,CUS-00002098,EMP-00012,EMP-00002,,,Certified Retail,true,1,21883.18,,23861.27,22238.70,15289.06,2651.50,795.00,3147.62,286.74,3434.36,0.00,0.00,2295.69,19587.49,145,arpi_synthetic_generator
SLE-00000205,2025-08-18,2025-08-18,GSA-001,VEH-0000478,CUS-00001020,EMP-00006,EMP-00002,,,New Retail,true,1,45267.48,49084.91,49293.67,49293.67,44553.15,6.00,795.00,-86.67,499.61,412.94,0.00,0.00,5022.07,40245.41,3,arpi_synthetic_generator
SLE-00000206,2025-08-18,2025-08-19,GSA-001,VEH-0000699,CUS-00001746,EMP-00006,EMP-00008,EMP-00005,,Certified Retail,true,1,23404.11,,26176.02,25286.04,15124.37,4252.34,795.00,3232.40,1356.54,4588.94,7930.82,7008.15,1273.95,14199.34,60,arpi_synthetic_generator
SLE-00000207,2025-08-19,2025-08-20,GSA-003,VEH-0000154,CUS-00000289,EMP-00029,EMP-00024,EMP-00028,,Used Retail,true,1,14263.42,,15736.12,15201.09,10796.42,1971.82,495.00,1000.18,326.27,1326.45,0.00,0.00,2259.87,12003.55,75,arpi_synthetic_generator
SLE-00000208,2025-08-19,2025-08-19,GSA-001,VEH-0000763,,EMP-00006,EMP-00001,,,Dealer Trade,false,1,28270.18,,36058.12,35445.13,25341.34,1088.11,795.00,1045.73,0.00,1045.73,0.00,0.00,0.00,0.00,41,arpi_synthetic_generator
SLE-00000209,2025-08-19,2025-08-19,GSA-003,VEH-0000861,,EMP-00025,EMP-00030,,,Dealer Trade,false,1,5087.08,,6348.04,6132.21,3699.58,1281.89,495.00,-389.39,0.00,-389.39,0.00,0.00,0.00,0.00,64,arpi_synthetic_generator
SLE-00000210,2025-08-20,2025-08-20,GSA-002,VEH-0000833,CUS-00001459,EMP-00015,EMP-00013,EMP-00017,,Used Retail,true,1,23132.60,,24165.30,24165.30,16342.03,2651.43,750.00,3389.14,887.13,4276.27,0.00,0.00,6239.44,16893.16,27,arpi_synthetic_generator
SLE-00000211,2025-08-21,2025-08-21,GSA-002,VEH-0000210,CUS-00000466,EMP-00015,EMP-00023,EMP-00017,,New Retail,true,1,37017.59,37919.54,37989.88,37989.88,34699.07,105.00,750.00,1463.52,207.07,1670.59,0.00,0.00,5276.12,31741.47,28,arpi_synthetic_generator
SLE-00000212,2025-08-21,2025-08-23,GSA-003,VEH-0000632,CUS-00000918,EMP-00025,EMP-00024,EMP-00028,,Used Retail,true,1,45321.68,,50291.35,47726.49,40388.84,602.05,495.00,3835.79,1158.73,4994.52,7066.23,6707.84,4546.81,33708.64,90,arpi_synthetic_generator
SLE-00000213,2025-08-22,2025-08-22,GSA-003,VEH-0000464,CUS-00000155,EMP-00026,EMP-00024,EMP-00028,,Used Retail,true,1,16662.52,,18172.41,17863.48,11527.75,2136.21,495.00,2503.56,1569.94,4073.50,3801.24,3429.90,6258.74,6602.54,52,arpi_synthetic_generator
SLE-00000214,2025-08-22,2025-08-24,GSA-001,VEH-0000524,CUS-00001056,EMP-00006,EMP-00008,EMP-00005,,Lease,true,1,38401.38,41473.62,40948.69,40948.69,37732.70,13.00,795.00,-139.32,728.64,589.32,0.00,0.00,2700.27,35701.11,15,arpi_synthetic_generator
SLE-00000215,2025-08-22,2025-08-24,GSA-001,VEH-0000654,CUS-00000337,EMP-00003,EMP-00002,EMP-00005,,New Retail,true,1,38515.36,39113.97,39281.50,39281.50,35630.32,117.00,795.00,1973.04,1318.62,3291.66,0.00,0.00,3951.51,34563.85,18,arpi_synthetic_generator
SLE-00000216,2025-08-23,2025-08-23,GSA-001,VEH-0000111,CUS-00001837,EMP-00012,EMP-00008,EMP-00005,,New Retail,true,1,35172.07,38434.23,38003.96,36635.82,34818.57,159.00,795.00,-600.50,1573.08,972.58,0.00,0.00,1852.91,33319.16,127,arpi_synthetic_generator
SLE-00000217,2025-08-23,2025-08-23,GSA-003,VEH-0000127,,EMP-00029,EMP-00030,,,Wholesale,false,1,10018.29,,11826.63,11625.58,7431.88,2252.29,495.00,-160.88,0.00,-160.88,0.00,0.00,0.00,0.00,50,arpi_synthetic_generator
SLE-00000218,2025-08-23,2025-08-23,GSA-003,VEH-0000230,,EMP-00025,EMP-00024,,,Wholesale,false,1,2543.43,,3608.90,3608.90,1838.03,797.89,495.00,-587.49,0.00,-587.49,0.00,0.00,0.00,0.00,23,arpi_synthetic_generator
SLE-00000219,2025-08-23,2025-08-24,GSA-003,VEH-0000294,CUS-00000353,EMP-00027,EMP-00030,EMP-00028,,Used Retail,true,1,24815.12,,26146.80,26146.80,18711.20,885.25,495.00,4723.67,280.09,5003.76,11792.39,10272.94,3502.22,9520.51,15,arpi_synthetic_generator
SLE-00000220,2025-08-23,2025-08-26,GSA-001,VEH-0000315,CUS-00001369,EMP-00012,EMP-00001,EMP-00005,,Used Retail,true,1,31660.31,,34382.49,32628.98,23832.22,937.74,795.00,6095.35,751.27,6846.62,0.00,0.00,3813.86,27846.45,95,arpi_synthetic_generator
SLE-00000221,2025-08-23,2025-08-25,GSA-001,VEH-0000326,CUS-00000322,EMP-00012,EMP-00001,EMP-00005,,Lease,true,1,36793.22,37207.00,37331.35,36995.37,34412.64,70.00,795.00,1515.58,1807.46,3323.04,0.00,0.00,1396.41,35396.81,35,arpi_synthetic_generator
SLE-00000222,2025-08-23,2025-08-23,GSA-002,VEH-0000538,CUS-00001261,EMP-00018,EMP-00013,EMP-00017,,New Retail,true,1,35019.00,38278.96,38550.43,36815.66,35773.72,109.00,750.00,-1613.72,307.75,-1305.97,0.00,0.00,3515.38,31503.62,177,arpi_synthetic_generator
SLE-00000223,2025-08-23,2025-08-23,GSA-002,VEH-0000545,CUS-00000328,EMP-00016,EMP-00023,EMP-00017,,Used Retail,true,1,6324.89,,6885.38,6768.33,3768.90,1299.91,750.00,506.08,1985.07,2491.15,1401.84,1405.48,4007.70,915.35,35,arpi_synthetic_generator
SLE-00000224,2025-08-24,2025-08-25,GSA-001,VEH-0000696,CUS-00001328,EMP-00010,EMP-00008,EMP-00005,,Lease,true,1,43522.27,46913.31,47248.18,46397.71,42850.05,126.00,795.00,-248.78,1878.35,1629.57,6798.56,6621.91,1206.08,35517.63,74,arpi_synthetic_generator
SLE-00000225,2025-08-25,2025-08-25,GSA-003,VEH-0000232,CUS-00001181,EMP-00026,EMP-00030,EMP-00028,,Used Retail,true,1,41990.54,,43783.14,43783.14,31448.31,1285.33,495.00,8761.90,680.34,9442.24,0.00,0.00,3843.06,38147.48,14,arpi_synthetic_generator
SLE-00000226,2025-08-25,2025-08-25,GSA-002,VEH-0000311,CUS-00000924,EMP-00022,EMP-00013,EMP-00017,,New Retail,true,1,37696.76,38871.27,39260.80,38907.45,35529.66,159.00,750.00,1258.10,1855.45,3113.55,17554.73,15757.92,3564.03,16578.00,32,arpi_synthetic_generator
SLE-00000227,2025-08-25,2025-08-26,GSA-002,VEH-0000369,CUS-00001019,EMP-00022,EMP-00014,EMP-00017,,Certified Retail,true,1,22360.15,,22850.67,22850.67,12448.39,3411.87,750.00,5749.89,1405.88,7155.77,6070.38,5964.46,2483.23,13806.54,9,arpi_synthetic_generator
SLE-00000228,2025-08-25,2025-08-25,GSA-003,VEH-0000421,,EMP-00027,EMP-00024,,,Wholesale,false,1,11227.98,,14881.54,14881.54,9444.21,2632.59,495.00,-1343.82,0.00,-1343.82,0.00,0.00,0.00,0.00,20,arpi_synthetic_generator
SLE-00000229,2025-08-25,2025-08-27,GSA-001,VEH-0000687,CUS-00001605,EMP-00010,EMP-00008,EMP-00005,,New Retail,true,1,47925.60,49729.28,50549.37,50094.43,46643.83,30.00,795.00,456.77,1336.99,1793.76,0.00,0.00,4266.71,0.00,37,arpi_synthetic_generator
SLE-00000230,2025-08-26,2025-08-26,GSA-002,VEH-0000536,CUS-00002394,EMP-00016,EMP-00023,EMP-00017,,Certified Retail,true,1,30849.23,,32302.63,32302.63,21372.26,1798.61,750.00,6928.36,1039.19,7967.55,0.00,0.00,5039.62,25809.61,24,arpi_synthetic_generator
SLE-00000231,2025-08-26,2025-08-26,GSA-002,VEH-0000565,CUS-00001990,EMP-00018,EMP-00014,EMP-00017,,Certified Retail,true,1,4555.21,,4888.58,4888.58,2746.36,1034.05,750.00,24.80,808.02,832.82,0.00,0.00,3463.66,0.00,4,arpi_synthetic_generator
SLE-00000232,2025-08-26,2025-08-27,GSA-002,VEH-0000604,CUS-00000833,EMP-00018,EMP-00014,EMP-00017,,New Retail,true,1,35981.11,38917.97,38990.24,38288.42,35293.03,106.00,750.00,-167.92,928.47,760.55,0.00,0.00,1834.48,34146.63,82,arpi_synthetic_generator
SLE-00000233,2025-08-26,2025-08-27,GSA-003,VEH-0000678,CUS-00001729,EMP-00025,EMP-00024,EMP-00028,,Used Retail,true,1,3935.24,,4045.15,4045.15,2142.43,877.03,495.00,420.78,2018.40,2439.18,0.00,0.00,3935.24,0.00,7,arpi_synthetic_generator
SLE-00000234,2025-08-26,2025-08-27,GSA-002,VEH-0000720,CUS-00002140,EMP-00022,EMP-00013,EMP-00017,,Used Retail,true,1,5598.75,,5745.56,5647.89,3202.15,1152.56,750.00,494.04,1664.83,2158.87,1699.59,1422.17,4608.42,0.00,59,arpi_synthetic_generator
SLE-00000235,2025-08-26,2025-08-26,GSA-003,VEH-0000819,CUS-00001072,EMP-00029,EMP-00030,EMP-00028,,Used Retail,true,1,3627.16,,3872.08,3740.43,1989.45,837.26,495.00,305.45,447.32,752.77,843.03,783.03,1881.93,902.20,75,arpi_synthetic_generator
SLE-00000236,2025-08-26,2025-08-27,GSA-001,VEH-0000860,CUS-00000240,EMP-00012,EMP-00008,EMP-00005,,New Retail,true,1,36903.81,38927.56,38828.37,38129.46,36154.48,82.00,795.00,-127.67,3114.77,2987.10,0.00,0.00,2128.18,34775.63,70,arpi_synthetic_generator
SLE-00000237,2025-08-27,2025-08-28,GSA-002,VEH-0000031,CUS-00001900,EMP-00022,EMP-00013,EMP-00017,,Used Retail,true,1,43807.28,,45072.46,45072.46,33010.48,1453.07,750.00,8593.73,1358.02,9951.75,0.00,0.00,1426.29,42380.99,26,arpi_synthetic_generator
SLE-00000238,2025-08-27,2025-08-27,GSA-001,VEH-0000357,CUS-00000014,EMP-00003,EMP-00002,EMP-00005,,New Retail,true,1,36332.53,38635.53,38756.23,38756.23,35120.28,133.00,795.00,284.25,1346.24,1630.49,0.00,0.00,5407.38,30925.15,22,arpi_synthetic_generator
SLE-00000239,2025-08-27,2025-08-27,GSA-002,VEH-0000481,CUS-00002498,EMP-00022,EMP-00013,EMP-00017,,Used Retail,true,1,10160.85,,11039.65,10476.63,5960.49,1869.73,750.00,1580.63,732.28,2312.91,0.00,0.00,3301.11,6859.74,106,arpi_synthetic_generator
SLE-00000240,2025-08-27,2025-08-27,GSA-003,VEH-0000511,,EMP-00029,EMP-00030,,,Wholesale,false,1,16498.27,,22195.09,21817.77,15595.46,2472.07,495.00,-2064.26,0.00,-2064.26,0.00,0.00,0.00,0.00,53,arpi_synthetic_generator
SLE-00000241,2025-08-27,2025-08-28,GSA-001,VEH-0000677,,EMP-00010,EMP-00002,,,Wholesale,false,1,4349.45,,6593.31,6481.22,3419.60,1209.10,795.00,-1074.25,0.00,-1074.25,0.00,0.00,0.00,0.00,35,arpi_synthetic_generator
SLE-00000242,2025-08-27,2025-08-27,GSA-001,VEH-0000726,CUS-00000626,EMP-00012,EMP-00002,EMP-00005,,Lease,true,1,39904.41,41391.58,41399.44,41026.85,37247.54,44.00,795.00,1817.87,988.66,2806.53,0.00,0.00,1195.80,38708.61,40,arpi_synthetic_generator
SLE-00000243,2025-08-27,2025-09-01,GSA-002,VEH-0000825,CUS-00001154,EMP-00022,EMP-00023,EMP-00017,,New Retail,true,1,35952.81,40483.51,40381.53,38927.79,37216.37,163.00,750.00,-2176.56,970.76,-1205.80,7057.42,6872.34,1522.83,0.00,133,arpi_synthetic_generator
SLE-00000244,2025-08-28,2025-08-31,GSA-002,VEH-0000228,CUS-00000378,EMP-00022,EMP-00014,EMP-00017,,New Retail,true,1,38445.30,40608.04,40505.18,39776.09,36886.76,79.00,750.00,729.54,568.68,1298.22,0.00,0.00,3488.21,34957.09,63,arpi_synthetic_generator
SLE-00000245,2025-08-28,2025-08-29,GSA-002,VEH-0000522,CUS-00000081,EMP-00015,EMP-00014,EMP-00017,,New Retail,true,1,34864.14,38525.22,38971.57,37217.85,34982.09,102.00,750.00,-969.95,536.90,-433.05,9485.69,9152.85,7610.76,0.00,155,arpi_synthetic_generator
SLE-00000246,2025-08-29,2025-08-31,GSA-002,VEH-0000173,CUS-00000271,EMP-00022,EMP-00013,EMP-00017,,New Retail,true,1,39131.33,40734.53,40254.80,39892.51,36726.99,84.00,750.00,1570.34,1265.65,2835.99,7895.57,7540.26,427.84,0.00,42,arpi_synthetic_generator
SLE-00000247,2025-08-29,2025-08-31,GSA-001,VEH-0000518,CUS-00002089,EMP-00003,EMP-00002,,,Used Retail,true,1,51241.75,,57025.53,55086.66,40392.95,1579.87,795.00,8473.93,835.04,9308.97,0.00,0.00,2153.51,49088.24,63,arpi_synthetic_generator
SLE-00000248,2025-08-29,2025-08-29,GSA-003,VEH-0000719,CUS-00000415,EMP-00026,EMP-00030,EMP-00028,,Used Retail,true,1,21284.22,,23301.49,22905.36,15945.76,1371.62,495.00,3471.84,2113.65,5585.49,0.00,0.00,7223.89,14060.33,59,arpi_synthetic_generator
SLE-00000249,2025-08-30,2025-09-02,GSA-002,VEH-0000246,,EMP-00018,EMP-00014,,,Wholesale,false,1,6387.17,,10207.00,10033.48,6172.49,1387.29,750.00,-1922.61,0.00,-1922.61,0.00,0.00,0.00,0.00,31,arpi_synthetic_generator
SLE-00000250,2025-08-30,2025-08-30,GSA-003,VEH-0000248,CUS-00001796,EMP-00026,EMP-00030,EMP-00028,,Used Retail,true,1,14285.46,,14675.19,14675.19,10183.38,435.69,495.00,3171.39,364.09,3535.48,4186.96,3489.68,2601.97,7496.53,26,arpi_synthetic_generator
SLE-00000251,2025-08-30,2025-08-30,GSA-001,VEH-0000287,CUS-00001532,EMP-00012,EMP-00002,EMP-00005,,Lease,true,1,44970.97,46238.67,46559.38,46559.38,41880.17,150.00,795.00,2145.80,1006.51,3152.31,0.00,0.00,3441.24,41529.73,25,arpi_synthetic_generator
SLE-00000252,2025-08-30,2025-09-02,GSA-001,VEH-0000745,CUS-00000650,EMP-00010,EMP-00002,EMP-00005,,Certified Retail,true,1,22196.39,,23444.86,23444.86,14896.06,2777.63,795.00,3727.70,1478.38,5206.08,0.00,0.00,3044.59,19151.80,3,arpi_synthetic_generator
SLE-00000253,2025-09-01,2025-09-01,GSA-001,VEH-0000071,CUS-00002023,EMP-00006,EMP-00002,EMP-00005,,Used Retail,true,1,36702.93,,37925.84,37925.84,26549.63,1629.04,795.00,7729.26,770.13,8499.39,7567.23,7398.06,4879.07,24256.63,17,arpi_synthetic_generator
SLE-00000254,2025-09-01,2025-09-06,GSA-002,VEH-0000143,CUS-00000937,EMP-00016,EMP-00023,EMP-00017,,Used Retail,true,1,25628.20,,27541.10,26604.70,21561.51,748.84,750.00,2567.85,1422.78,3990.63,7424.43,6644.19,4606.97,13596.80,67,arpi_synthetic_generator
SLE-00000255,2025-09-01,2025-09-01,GSA-003,VEH-0000417,CUS-00000278,EMP-00029,EMP-00030,EMP-00028,,Used Retail,true,1,13107.88,,14255.25,13528.23,9539.52,1264.69,495.00,1808.67,1814.74,3623.41,0.00,0.00,6156.32,6951.56,107,arpi_synthetic_generator
SLE-00000256,2025-09-01,2025-09-01,GSA-001,VEH-0000448,CUS-00002050,EMP-00012,EMP-00002,EMP-00005,,Certified Retail,true,1,13412.22,,14174.10,14174.10,8311.76,2481.06,795.00,1824.40,1840.77,3665.17,0.00,0.00,1695.78,11716.44,25,arpi_synthetic_generator
SLE-00000257,2025-09-01,2025-09-01,GSA-001,VEH-0000587,CUS-00001303,EMP-00010,EMP-00002,EMP-00005,,Used Retail,true,1,5873.81,,6248.74,6142.51,3441.33,1008.08,795.00,629.40,303.85,933.25,0.00,0.00,1931.90,0.00,55,arpi_synthetic_generator
SLE-00000258,2025-09-02,2025-09-03,GSA-001,VEH-0000089,CUS-00001672,EMP-00006,EMP-00008,EMP-00005,,New Retail,true,1,42970.12,47944.77,48757.96,47002.67,43924.17,62.00,795.00,-1811.05,509.01,-1302.04,11761.35,11606.92,5100.94,26107.83,124,arpi_synthetic_generator
SLE-00000259,2025-09-02,2025-09-07,GSA-002,VEH-0000126,CUS-00001438,EMP-00022,EMP-00023,EMP-00017,,Used Retail,true,1,5063.81,,5559.86,5370.82,3380.61,1198.96,750.00,-265.76,1105.01,839.25,0.00,0.00,5063.81,0.00,70,arpi_synthetic_generator
SLE-00000260,2025-09-02,2025-09-02,GSA-001,VEH-0000528,CUS-00002381,EMP-00003,EMP-00002,EMP-00005,,Used Retail,true,1,4269.82,,4402.99,4402.99,2310.30,920.68,795.00,243.84,3034.37,3278.21,888.87,775.69,2690.46,690.49,29,arpi_synthetic_generator
SLE-00000261,2025-09-02,2025-09-04,GSA-002,VEH-0000597,CUS-00000444,EMP-00022,EMP-00023,EMP-00017,,New Retail,true,1,38524.41,40354.78,40302.68,39939.96,36958.80,109.00,750.00,706.61,1614.21,2320.82,8681.43,8375.01,1706.76,28136.22,49,arpi_synthetic_generator
SLE-00000262,2025-09-02,2025-09-04,GSA-001,VEH-0000637,CUS-00000781,EMP-00003,EMP-00002,EMP-00005,,New Retail,true,1,37916.64,38698.36,38901.68,38201.45,35869.78,81.00,795.00,1170.86,881.09,2051.95,18616.92,16109.26,2877.99,0.00,63,arpi_synthetic_generator
SLE-00000263,2025-09-02,2025-09-02,GSA-001,VEH-0000712,CUS-00000686,EMP-00003,EMP-00008,EMP-00005,,Used Retail,true,1,19597.00,,20869.28,20159.72,12095.60,3464.86,795.00,3241.54,767.80,4009.34,0.00,0.00,3902.61,15694.39,68,arpi_synthetic_generator
SLE-00000264,2025-09-02,2025-09-02,GSA-002,VEH-0000749,CUS-00002466,EMP-00016,EMP-00014,EMP-00017,,New Retail,true,1,36672.50,39673.98,40112.69,39751.68,35645.09,110.00,750.00,167.41,2513.12,2680.53,0.00,0.00,964.69,35707.81,35,arpi_synthetic_generator
SLE-00000265,2025-09-03,2025-09-04,GSA-003,VEH-0000043,CUS-00001808,EMP-00025,EMP-00024,EMP-00028,,Used Retail,true,1,9409.44,,9573.26,9573.26,5844.90,1839.67,495.00,1229.87,264.10,1493.97,0.00,0.00,3315.53,6093.91,26,arpi_synthetic_generator
SLE-00000266,2025-09-03,2025-09-05,GSA-001,VEH-0000380,CUS-00002250,EMP-00012,EMP-00008,,,Used Retail,true,1,21005.80,,22983.36,21420.49,16612.40,1289.02,795.00,2309.38,1098.41,3407.79,0.00,0.00,4496.29,16509.51,141,arpi_synthetic_generator
SLE-00000267,2025-09-03,2025-09-05,GSA-002,VEH-0000398,CUS-00000788,EMP-00018,EMP-00013,EMP-00017,,Used Retail,true,1,10517.39,,11415.55,11027.42,7046.15,1722.62,750.00,998.62,1643.73,2642.35,1890.61,1630.40,1493.46,7133.32,68,arpi_synthetic_generator
SLE-00000268,2025-09-03,2025-09-03,GSA-003,VEH-0000893,CUS-00000163,EMP-00025,EMP-00024,EMP-00028,,Used Retail,true,1,4584.04,,4845.16,4845.16,2604.93,997.28,495.00,486.83,963.14,1449.97,1630.23,1444.05,4120.08,0.00,9,arpi_synthetic_generator
SLE-00000269,2025-09-04,2025-09-04,GSA-002,VEH-0000355,CUS-00000700,EMP-00016,EMP-00023,EMP-00017,,Used Retail,true,1,41734.00,,45643.59,44091.71,32244.92,1304.58,750.00,7434.50,1961.95,9396.45,15501.92,14520.14,8237.48,17994.60,61,arpi_synthetic_generator
SLE-00000270,2025-09-05,2025-09-05,GSA-001,VEH-0000067,CUS-00002493,EMP-00003,EMP-00001,EMP-00005,,Lease,true,1,38517.08,40252.87,40505.86,40141.31,36303.74,79.00,795.00,1339.34,1086.72,2426.06,0.00,0.00,2117.78,36399.30,31,arpi_synthetic_generator
SLE-00000271,2025-09-05,2025-09-06,GSA-001,VEH-0000288,,EMP-00003,EMP-00008,,,Wholesale,false,1,27244.17,,39181.39,38515.31,28179.48,1309.10,795.00,-3039.41,0.00,-3039.41,0.00,0.00,0.00,0.00,44,arpi_synthetic_generator
SLE-00000272,2025-09-05,2025-09-06,GSA-001,VEH-0000555,CUS-00000220,EMP-00006,EMP-00008,EMP-00005,,Used Retail,true,1,41846.36,,43428.40,42690.12,32941.64,1689.90,795.00,6419.82,908.44,7328.26,11515.82,10613.58,4008.54,0.00,46,arpi_synthetic_generator
SLE-00000273,2025-09-05,2025-09-06,GSA-001,VEH-0000561,CUS-00001863,EMP-00012,EMP-00001,EMP-00005,,New Retail,true,1,37441.87,38441.15,38889.80,38889.80,33928.08,51.00,795.00,2667.79,2140.11,4807.90,8155.29,7669.56,6425.60,22860.98,14,arpi_synthetic_generator
SLE-00000274,2025-09-06,2025-09-06,GSA-002,VEH-0000053,CUS-00001381,EMP-00015,EMP-00013,EMP-00017,,Lease,true,1,21723.23,,23266.15,22475.10,15458.10,2357.14,750.00,3157.99,338.36,3496.35,0.00,0.00,640.26,21082.97,65,arpi_synthetic_generator
SLE-00000275,2025-09-06,2025-09-06,GSA-001,VEH-0000336,CUS-00000921,EMP-00006,EMP-00008,EMP-00005,,Certified Retail,true,1,21685.12,,24822.54,22712.62,15717.52,2507.04,795.00,2665.56,643.57,3309.13,0.00,0.00,5599.37,0.00,158,arpi_synthetic_generator
SLE-00000276,2025-09-06,2025-09-07,GSA-001,VEH-0000371,,EMP-00003,EMP-00008,,,Dealer Trade,false,1,38707.31,39870.33,39953.86,39953.86,36948.87,75.00,795.00,888.44,0.00,888.44,0.00,0.00,0.00,0.00,12,arpi_synthetic_generator
SLE-00000277,2025-09-06,2025-09-08,GSA-001,VEH-0000483,,EMP-00003,EMP-00002,,,Wholesale,false,1,4168.98,,5375.04,5100.91,3209.84,1154.56,795.00,-990.42,0.00,-990.42,0.00,0.00,0.00,0.00,117,arpi_synthetic_generator
SLE-00000278,2025-09-06,2025-09-07,GSA-002,VEH-0000704,CUS-00000203,EMP-00016,EMP-00023,,,Used Retail,true,1,3951.51,,4196.25,4124.91,2370.43,936.31,750.00,-105.23,1006.24,901.01,0.00,0.00,2896.11,1055.40,38,arpi_synthetic_generator
SLE-00000279,2025-09-06,2025-09-06,GSA-001,VEH-0000885,CUS-00000590,EMP-00003,EMP-00008,EMP-00005,,New Retail,true,1,36689.45,37598.30,38101.59,37415.76,33900.17,163.00,795.00,1831.28,2072.96,3904.24,0.00,0.00,4062.57,32626.88,60,arpi_synthetic_generator
SLE-00000280,2025-09-08,2025-09-08,GSA-001,VEH-0000070,CUS-00000871,EMP-00003,EMP-00008,EMP-00005,,Used Retail,true,1,6654.56,,7469.95,7215.97,4079.86,1380.76,795.00,398.94,1600.02,1998.96,1873.15,1828.55,2983.40,1798.01,62,arpi_synthetic_generator
SLE-00000281,2025-09-08,2025-09-08,GSA-001,VEH-0000533,CUS-00000228,EMP-00010,EMP-00002,EMP-00005,,New Retail,true,1,48042.17,50004.18,51141.83,49300.72,46156.06,69.00,795.00,1022.11,1942.01,2964.12,0.00,0.00,1895.86,46146.31,144,arpi_synthetic_generator
SLE-00000282,2025-09-08,2025-09-08,GSA-002,VEH-0000875,CUS-00000279,EMP-00016,EMP-00014,EMP-00017,,New Retail,true,1,23062.02,24654.80,24749.18,24749.18,22000.64,68.00,750.00,243.38,1787.92,2031.30,3825.56,3420.72,4567.26,14669.20,11,arpi_synthetic_generator
SLE-00000283,2025-09-08,2025-09-10,GSA-001,VEH-0000897,CUS-00001848,EMP-00003,EMP-00001,EMP-00005,,New Retail,true,1,33893.68,36718.81,37373.98,35355.79,33310.17,70.00,795.00,-281.49,1743.05,1461.56,8664.01,7745.55,4885.69,20343.98,186,arpi_synthetic_generator
SLE-00000284,2025-09-09,2025-09-11,GSA-001,VEH-0000402,CUS-00000014,EMP-00007,EMP-00002,EMP-00005,,Used Retail,true,1,25757.05,,27936.10,26511.36,17661.00,2147.69,795.00,5153.36,714.65,5868.01,6288.80,5941.74,3971.60,15496.65,116,arpi_synthetic_generator
SLE-00000285,2025-09-09,2025-09-12,GSA-003,VEH-0000797,CUS-00002351,EMP-00025,EMP-00030,EMP-00028,,Used Retail,true,1,4720.84,,5007.26,4837.01,2874.32,1067.32,495.00,284.20,1284.45,1568.65,918.71,895.67,3718.75,0.00,75,arpi_synthetic_generator
SLE-00000286,2025-09-10,2025-09-10,GSA-003,VEH-0000316,,EMP-00026,EMP-00024,,,Dealer Trade,false,1,37779.82,,45714.10,44159.82,33530.91,1638.79,495.00,2115.12,0.00,2115.12,0.00,0.00,0.00,0.00,83,arpi_synthetic_generator
SLE-00000287,2025-09-10,2025-09-10,GSA-003,VEH-0000375,CUS-00000420,EMP-00027,EMP-00024,EMP-00028,,Used Retail,true,1,18721.88,,20441.70,19051.66,13691.12,2388.99,495.00,2146.77,325.81,2472.58,0.00,0.00,2668.69,0.00,126,arpi_synthetic_generator
SLE-00000288,2025-09-11,2025-09-12,GSA-001,VEH-0000125,CUS-00000873,EMP-00010,EMP-00008,EMP-00005,,New Retail,true,1,47123.40,50030.27,50054.13,48252.18,44859.29,148.00,795.00,1321.11,810.12,2131.23,5664.38,5499.68,3962.28,37496.74,139,arpi_synthetic_generator
SLE-00000289,2025-09-11,2025-09-11,GSA-002,VEH-0000214,CUS-00001592,EMP-00018,EMP-00013,EMP-00017,,New Retail,true,1,37477.57,40016.11,39923.11,39563.80,36744.99,76.00,750.00,-93.42,1623.64,1530.22,0.00,0.00,3902.30,33575.27,58,arpi_synthetic_generator
SLE-00000290,2025-09-11,2025-09-11,GSA-003,VEH-0000242,CUS-00001197,EMP-00029,EMP-00024,EMP-00028,,Used Retail,true,1,36472.82,,38761.10,37443.22,26240.65,1563.10,495.00,8174.07,1459.85,9633.92,11100.22,10514.75,3627.02,21745.58,72,arpi_synthetic_generator
SLE-00000291,2025-09-11,2025-09-14,GSA-003,VEH-0000383,CUS-00000882,EMP-00026,EMP-00024,EMP-00028,,Used Retail,true,1,35882.37,,37785.89,37785.89,28396.02,1485.21,495.00,5506.14,1073.34,6579.48,0.00,0.00,8219.85,0.00,19,arpi_synthetic_generator
SLE-00000292,2025-09-11,2025-09-12,GSA-001,VEH-0000622,CUS-00001747,EMP-00006,EMP-00008,EMP-00005,,Certified Retail,true,1,43581.40,,45594.30,44819.20,29784.47,3140.19,795.00,9861.74,2248.94,12110.68,0.00,0.00,884.54,42696.86,37,arpi_synthetic_generator
SLE-00000293,2025-09-12,2025-09-13,GSA-002,VEH-0000049,CUS-00002477,EMP-00016,EMP-00014,EMP-00017,,Lease,true,1,22909.39,24609.86,24888.05,24216.07,22428.79,66.00,750.00,-335.40,1204.82,869.42,0.00,0.00,1339.90,21569.49,99,arpi_synthetic_generator
SLE-00000294,2025-09-12,2025-09-12,GSA-002,VEH-0000291,CUS-00000670,EMP-00015,EMP-00013,EMP-00017,,Certified Retail,true,1,46752.51,,49145.44,49145.44,33830.68,1819.34,750.00,10352.49,1782.24,12134.73,0.00,0.00,4976.54,41775.97,8,arpi_synthetic_generator
SLE-00000295,2025-09-12,2025-09-12,GSA-002,VEH-0000517,,EMP-00018,EMP-00013,,,Wholesale,false,1,2164.01,,3214.77,3105.47,1703.35,762.87,750.00,-1052.21,0.00,-1052.21,0.00,0.00,0.00,0.00,71,arpi_synthetic_generator
SLE-00000296,2025-09-13,2025-09-13,GSA-002,VEH-0000280,,EMP-00016,EMP-00023,,,Dealer Trade,false,1,18351.90,,24787.34,23944.57,17346.57,2054.28,750.00,-1798.95,0.00,-1798.95,0.00,0.00,0.00,0.00,85,arpi_synthetic_generator
SLE-00000297,2025-09-13,2025-09-13,GSA-001,VEH-0000310,,EMP-00006,EMP-00002,,,Wholesale,false,1,28566.85,,43110.05,42377.18,29576.19,1258.02,795.00,-3062.36,0.00,-3062.36,0.00,0.00,0.00,0.00,38,arpi_synthetic_generator
SLE-00000298,2025-09-13,2025-09-16,GSA-003,VEH-0000399,CUS-00002004,EMP-00026,EMP-00024,EMP-00028,,Used Retail,true,1,25892.47,,26477.87,26477.87,18630.87,2202.69,495.00,4563.91,1225.57,5789.48,7530.52,6279.99,2944.38,0.00,28,arpi_synthetic_generator
SLE-00000299,2025-09-13,2025-09-13,GSA-001,VEH-0000447,CUS-00001576,EMP-00003,EMP-00008,EMP-00005,,Lease,true,1,45211.97,48311.48,48478.59,48478.59,43970.79,139.00,795.00,307.18,1259.08,1566.26,0.00,0.00,3236.82,41975.15,10,arpi_synthetic_generator
SLE-00000300,2025-09-14,2025-09-14,GSA-003,VEH-0000109,CUS-00000867,EMP-00026,EMP-00030,EMP-00028,,Used Retail,true,1,7463.15,,7795.50,7795.50,4376.46,1457.88,495.00,1133.81,1103.08,2236.89,1854.30,1691.19,963.92,4644.93,11,arpi_synthetic_generator
SLE-00000301,2025-09-15,2025-09-20,GSA-002,VEH-0000141,CUS-00000120,EMP-00015,EMP-00014,EMP-00017,,Certified Retail,true,1,10605.10,,10928.83,10743.04,6239.13,1942.17,750.00,1673.80,1174.82,2848.62,3626.55,3040.39,4063.27,2915.28,55,arpi_synthetic_generator
SLE-00000302,2025-09-15,2025-09-15,GSA-001,VEH-0000305,CUS-00000447,EMP-00007,EMP-00008,EMP-00005,,Certified Retail,true,1,42263.68,,45068.61,45068.61,30046.98,4343.20,795.00,7078.50,567.85,7646.35,8814.27,8634.77,5114.72,0.00,5,arpi_synthetic_generator
SLE-00000303,2025-09-15,2025-09-15,GSA-001,VEH-0000476,CUS-00000594,EMP-00012,EMP-00002,EMP-00005,,Certified Retail,true,1,10880.86,,11540.30,11147.93,6551.43,2023.37,795.00,1511.06,1594.51,3105.57,4322.86,4128.88,5688.06,869.94,84,arpi_synthetic_generator
SLE-00000304,2025-09-15,2025-09-15,GSA-001,VEH-0000738,CUS-00000871,EMP-00012,EMP-00008,EMP-00005,,New Retail,true,1,38349.15,39414.21,39989.58,39629.67,35569.24,53.00,795.00,1931.91,1818.90,3750.81,0.00,0.00,2408.62,35940.53,56,arpi_synthetic_generator
SLE-00000305,2025-09-15,2025-09-15,GSA-003,VEH-0000739,CUS-00000148,EMP-00026,EMP-00030,EMP-00028,,Used Retail,true,1,3258.03,,3599.09,3476.72,1797.33,787.31,495.00,178.39,670.08,848.47,1354.99,1263.08,2396.45,0.00,76,arpi_synthetic_generator
SLE-00000306,2025-09-15,2025-09-15,GSA-001,VEH-0000803,CUS-00000582,EMP-00012,EMP-00008,EMP-00005,,New Retail,true,1,50014.93,50464.98,50722.10,50265.60,46120.15,16.00,795.00,3083.78,2008.29,5092.07,0.00,0.00,4490.94,45523.99,40,arpi_synthetic_generator
SLE-00000307,2025-09-16,2025-09-17,GSA-001,VEH-0000013,CUS-00000615,EMP-00007,EMP-00008,EMP-00005,,Used Retail,true,1,14577.02,,15110.95,15110.95,8875.31,2336.38,795.00,2570.33,1106.50,3676.83,0.00,0.00,3413.78,11163.24,28,arpi_synthetic_generator
SLE-00000308,2025-09-16,2025-09-16,GSA-003,VEH-0000096,CUS-00002165,EMP-00027,EMP-00024,EMP-00028,,Used Retail,true,1,17286.07,,17465.01,17465.01,12422.82,862.71,495.00,3505.54,1912.20,5417.74,0.00,0.00,6612.45,10673.62,24,arpi_synthetic_generator
SLE-00000309,2025-09-16,2025-09-16,GSA-002,VEH-0000133,CUS-00000652,EMP-00016,EMP-00023,EMP-00017,,New Retail,true,1,35855.97,38459.13,39555.72,38487.72,34732.17,58.00,750.00,315.80,831.44,1147.24,0.00,0.00,6733.88,29122.09,92,arpi_synthetic_generator
SLE-00000310,2025-09-16,2025-09-16,GSA-001,VEH-0000293,CUS-00001238,EMP-00012,EMP-00001,EMP-00005,,New Retail,true,1,47874.57,48193.82,49010.90,49010.90,43772.52,48.00,795.00,3259.05,3042.89,6301.94,14231.70,12720.56,404.41,33238.46,0,arpi_synthetic_generator
SLE-00000311,2025-09-16,2025-09-16,GSA-001,VEH-0000303,CUS-00001693,EMP-00010,EMP-00001,EMP-00005,,New Retail,true,1,38741.17,40213.69,40231.87,39869.78,36091.95,120.00,795.00,1734.22,1329.19,3063.41,9953.87,8908.18,3538.37,0.00,47,arpi_synthetic_generator
SLE-00000312,2025-09-16,2025-09-16,GSA-001,VEH-0000354,CUS-00000233,EMP-00006,EMP-00002,EMP-00005,,Certified Retail,true,1,22084.31,,23678.58,22873.51,17559.43,1581.89,795.00,2147.99,832.46,2980.45,5042.67,4843.42,1046.30,15995.34,88,arpi_synthetic_generator
SLE-00000313,2025-09-17,2025-09-17,GSA-001,VEH-0000260,CUS-00001506,EMP-00012,EMP-00008,EMP-00005,,New Retail,true,1,45775.47,47824.44,47296.94,46445.60,44416.28,39.00,795.00,525.19,1025.49,1550.68,14953.88,12617.00,6270.51,0.00,82,arpi_synthetic_generator
SLE-00000314,2025-09-17,2025-09-17,GSA-003,VEH-0000514,CUS-00001881,EMP-00029,EMP-00024,EMP-00028,,Used Retail,true,1,21316.81,,21724.07,21724.07,13198.62,3025.89,495.00,4597.30,563.17,5160.47,0.00,0.00,2657.48,18659.33,22,arpi_synthetic_generator
SLE-00000315,2025-09-17,2025-09-17,GSA-002,VEH-0000529,CUS-00000081,EMP-00015,EMP-00023,,,Certified Retail,true,1,10944.28,,12039.26,11220.59,6746.11,2073.99,750.00,1374.18,534.39,1908.57,3342.19,2902.61,4466.90,3135.19,131,arpi_synthetic_generator
SLE-00000316,2025-09-17,2025-09-17,GSA-002,VEH-0000688,,EMP-00018,EMP-00013,,,Wholesale,false,1,6154.88,,7698.82,7698.82,4620.16,1521.24,750.00,-736.52,0.00,-736.52,0.00,0.00,0.00,0.00,19,arpi_synthetic_generator
SLE-00000317,2025-09-18,2025-09-19,GSA-003,VEH-0000229,,EMP-00029,EMP-00024,,,Wholesale,false,1,12192.72,,17918.17,17918.17,11870.90,1197.89,495.00,-1371.07,0.00,-1371.07,0.00,0.00,0.00,0.00,24,arpi_synthetic_generator
SLE-00000318,2025-09-18,2025-09-20,GSA-001,VEH-0000784,CUS-00000436,EMP-00010,EMP-00008,EMP-00005,,Used Retail,true,1,20700.42,,22606.93,21453.98,16316.97,1509.72,795.00,2078.73,1168.82,3247.55,0.00,0.00,5011.00,0.00,91,arpi_synthetic_generator
SLE-00000319,2025-09-18,2025-09-19,GSA-002,VEH-0000794,CUS-00002308,EMP-00015,EMP-00014,EMP-00017,,Lease,true,1,29583.85,31475.59,32018.42,32018.42,28371.00,58.00,750.00,404.85,734.41,1139.26,0.00,0.00,4195.70,25388.15,23,arpi_synthetic_generator
SLE-00000320,2025-09-19,2025-09-19,GSA-001,VEH-0000057,CUS-00001453,EMP-00010,EMP-00008,EMP-00005,,Certified Retail,true,1,37171.50,,37993.18,37993.18,23677.99,3709.20,795.00,8989.31,616.33,9605.64,9528.93,8897.82,2109.00,25533.57,10,arpi_synthetic_generator
SLE-00000321,2025-09-19,2025-09-19,GSA-001,VEH-0000129,CUS-00000151,EMP-00003,EMP-00001,,,Used Retail,true,1,54577.95,,56412.66,56412.66,41288.83,1193.46,795.00,11300.66,1050.46,12351.12,14231.14,13121.36,4591.05,35755.76,18,arpi_synthetic_generator
SLE-00000322,2025-09-19,2025-09-20,GSA-001,VEH-0000557,,EMP-00010,EMP-00002,,,Wholesale,false,1,3744.53,,5092.94,5092.94,2888.12,1070.91,795.00,-1009.50,0.00,-1009.50,0.00,0.00,0.00,0.00,15,arpi_synthetic_generator
SLE-00000323,2025-09-20,2025-09-20,GSA-002,VEH-0000253,CUS-00000591,EMP-00018,EMP-00023,EMP-00017,,New Retail,true,1,37186.01,39159.29,39564.94,38852.77,36033.32,117.00,750.00,285.69,1176.27,1461.96,7443.35,6560.69,2554.68,27187.98,67,arpi_synthetic_generator
SLE-00000324,2025-09-20,2025-09-20,GSA-003,VEH-0000322,CUS-00000024,EMP-00029,EMP-00024,EMP-00028,,Used Retail,true,1,40373.16,,43869.13,41631.80,30795.98,755.90,495.00,8326.28,757.18,9083.46,0.00,0.00,6088.31,34284.85,113,arpi_synthetic_generator
SLE-00000325,2025-09-20,2025-09-20,GSA-001,VEH-0000630,CUS-00002261,EMP-00012,EMP-00001,EMP-00005,,New Retail,true,1,38365.62,38538.47,38972.72,38972.72,35164.66,85.00,795.00,2320.96,1837.11,4158.07,0.00,0.00,5215.70,33149.92,24,arpi_synthetic_generator
SLE-00000326,2025-09-20,2025-09-20,GSA-003,VEH-0000718,CUS-00000543,EMP-00025,EMP-00024,EMP-00028,,Used Retail,true,1,3974.64,,4384.89,4310.35,2404.23,945.10,495.00,130.31,979.34,1109.65,1223.89,1022.69,2312.29,438.46,39,arpi_synthetic_generator
SLE-00000327,2025-09-20,2025-09-25,GSA-002,VEH-0000724,CUS-00001521,EMP-00015,EMP-00014,EMP-00017,,Used Retail,true,1,34995.65,,39558.17,36868.21,29024.46,920.28,750.00,4300.91,1209.57,5510.48,0.00,0.00,3065.92,31929.73,134,arpi_synthetic_generator
SLE-00000328,2025-09-22,2025-09-23,GSA-001,VEH-0000175,CUS-00001443,EMP-00006,EMP-00008,EMP-00005,,Used Retail,true,1,17687.01,,18813.85,18174.18,10858.83,3143.30,795.00,2889.88,378.92,3268.80,0.00,0.00,2026.29,15660.72,87,arpi_synthetic_generator
SLE-00000329,2025-09-22,2025-09-23,GSA-001,VEH-0000224,CUS-00000037,EMP-00006,EMP-00001,EMP-00005,,New Retail,true,1,43397.38,45848.25,45715.75,45304.31,42031.11,122.00,795.00,449.27,2242.45,2691.72,11459.15,10562.53,3555.89,0.00,42,arpi_synthetic_generator
SLE-00000330,2025-09-22,2025-09-22,GSA-002,VEH-0000499,CUS-00001282,EMP-00018,EMP-00014,EMP-00017,,Certified Retail,true,1,20859.07,,22167.82,21790.97,15167.26,1680.02,750.00,3261.79,1164.35,4426.14,4007.33,3393.27,974.30,15877.44,31,arpi_synthetic_generator
SLE-00000331,2025-09-22,2025-09-22,GSA-003,VEH-0000705,,EMP-00025,EMP-00030,,,Dealer Trade,false,1,9109.60,,11241.09,11049.99,6883.39,2109.68,495.00,-378.47,0.00,-378.47,0.00,0.00,0.00,0.00,52,arpi_synthetic_generator
SLE-00000332,2025-09-23,2025-09-24,GSA-001,VEH-0000379,CUS-00002433,EMP-00012,EMP-00008,EMP-00005,,Used Retail,true,1,43973.01,,50148.33,46738.24,35468.91,1222.16,795.00,6486.94,705.93,7192.87,0.00,0.00,2584.47,0.00,137,arpi_synthetic_generator
SLE-00000333,2025-09-23,2025-09-23,GSA-001,VEH-0000530,CUS-00002444,EMP-00006,EMP-00002,EMP-00005,,Used Retail,true,1,14165.30,,15155.76,14898.11,10533.57,1247.30,795.00,1589.43,351.80,1941.23,0.00,0.00,4436.51,9728.79,57,arpi_synthetic_generator
SLE-00000334,2025-09-23,2025-09-23,GSA-002,VEH-0000653,CUS-00000445,EMP-00015,EMP-00014,EMP-00017,,New Retail,true,1,35701.39,38679.22,38990.28,36884.80,35030.18,128.00,750.00,-206.79,1082.15,875.36,7908.54,7605.90,4786.59,23006.26,204,arpi_synthetic_generator
SLE-00000335,2025-09-24,2025-09-25,GSA-001,VEH-0000015,CUS-00002031,EMP-00012,EMP-00002,EMP-00005,,Used Retail,true,1,2955.97,,3105.18,3105.18,1738.38,771.98,795.00,-349.39,1052.10,702.71,1174.61,1010.45,2955.97,0.00,11,arpi_synthetic_generator
SLE-00000336,2025-09-25,2025-09-26,GSA-002,VEH-0000410,CUS-00001352,EMP-00018,EMP-00023,,,Certified Retail,true,1,45012.31,,49021.04,48187.68,34383.90,1739.18,750.00,8139.23,687.60,8826.83,0.00,0.00,2659.24,42353.07,38,arpi_synthetic_generator
SLE-00000337,2025-09-25,2025-09-30,GSA-002,VEH-0000580,CUS-00000461,EMP-00016,EMP-00013,EMP-00017,,Certified Retail,true,1,23324.33,,24497.43,23664.52,13289.31,3775.22,750.00,5509.80,2171.68,7681.48,0.00,0.00,905.51,22418.82,89,arpi_synthetic_generator
SLE-00000338,2025-09-25,2025-09-25,GSA-003,VEH-0000679,CUS-00002401,EMP-00025,EMP-00030,EMP-00028,,Used Retail,true,1,12573.86,,13864.88,13393.47,9088.27,1778.14,495.00,1212.45,975.05,2187.50,3864.32,3508.06,6337.07,0.00,65,arpi_synthetic_generator
SLE-00000339,2025-09-25,2025-09-25,GSA-002,VEH-0000708,CUS-00000918,EMP-00015,EMP-00023,,,Used Retail,true,1,32187.99,,35327.61,34727.04,25190.56,1321.38,750.00,4926.05,373.99,5300.04,0.00,0.00,4193.40,27994.59,36,arpi_synthetic_generator
SLE-00000340,2025-09-25,2025-09-25,GSA-002,VEH-0000716,CUS-00001391,EMP-00016,EMP-00023,EMP-00017,,New Retail,true,1,36003.62,37470.36,37521.24,37521.24,34423.83,116.00,750.00,713.79,1130.88,1844.67,11323.04,11172.72,3009.60,21670.98,9,arpi_synthetic_generator
SLE-00000341,2025-09-25,2025-09-25,GSA-003,VEH-0000830,,EMP-00027,EMP-00024,,,Wholesale,false,1,35275.71,,49888.65,49040.54,34678.05,1249.38,495.00,-1146.72,0.00,-1146.72,0.00,0.00,0.00,0.00,35,arpi_synthetic_generator
SLE-00000342,2025-09-26,2025-09-26,GSA-003,VEH-0000099,,EMP-00025,EMP-00030,,,Wholesale,false,1,10000.70,,13522.22,12602.71,8164.41,2011.94,495.00,-670.65,0.00,-670.65,0.00,0.00,0.00,0.00,141,arpi_synthetic_generator
SLE-00000343,2025-09-26,2025-09-26,GSA-002,VEH-0000142,CUS-00000724,EMP-00018,EMP-00023,,,New Retail,true,1,37268.15,39362.94,39201.39,38848.58,36196.59,64.00,750.00,257.56,504.66,762.22,0.00,0.00,2155.07,35113.08,52,arpi_synthetic_generator
SLE-00000344,2025-09-26,2025-09-27,GSA-001,VEH-0000297,CUS-00001234,EMP-00003,EMP-00002,EMP-00005,,Used Retail,true,1,24483.83,,27193.39,26268.81,18964.81,1726.88,795.00,2997.14,1401.59,4398.73,7139.28,6404.95,2458.51,14886.04,72,arpi_synthetic_generator
SLE-00000345,2025-09-26,2025-09-28,GSA-002,VEH-0000387,CUS-00001536,EMP-00016,EMP-00023,EMP-00017,,Used Retail,true,1,18183.86,,19488.61,19157.30,12495.00,2067.93,750.00,2870.93,2056.60,4927.53,0.00,0.00,6699.35,11484.51,48,arpi_synthetic_generator
SLE-00000346,2025-09-27,2025-09-30,GSA-002,VEH-0000076,CUS-00000551,EMP-00018,EMP-00014,EMP-00017,,New Retail,true,1,24255.20,25263.13,25655.19,25424.29,23632.50,59.00,750.00,-186.30,723.77,537.47,6925.59,6364.03,5410.27,11919.34,30,arpi_synthetic_generator
SLE-00000347,2025-09-29,2025-10-01,GSA-002,VEH-0000238,CUS-00002378,EMP-00016,EMP-00014,EMP-00017,,Used Retail,true,1,44604.70,,48960.70,46463.70,32300.25,1614.72,750.00,9939.73,1032.05,10971.78,0.00,0.00,2233.14,42371.56,91,arpi_synthetic_generator
SLE-00000348,2025-09-29,2025-09-29,GSA-001,VEH-0000341,CUS-00002136,EMP-00010,EMP-00008,EMP-00005,,Used Retail,true,1,38540.57,,41145.50,39746.55,28098.60,1351.69,795.00,8295.28,1185.92,9481.20,9866.80,9407.71,2064.98,26608.79,61,arpi_synthetic_generator
SLE-00000349,2025-09-29,2025-09-30,GSA-002,VEH-0000494,,EMP-00016,EMP-00014,,,Wholesale,false,1,16950.62,,27223.30,24909.32,15829.92,3011.01,750.00,-2640.31,0.00,-2640.31,0.00,0.00,0.00,0.00,158,arpi_synthetic_generator
SLE-00000350,2025-09-29,2025-09-29,GSA-002,VEH-0000566,CUS-00001118,EMP-00018,EMP-00014,EMP-00017,,Certified Retail,true,1,14968.97,,16119.69,15571.62,10125.53,2582.04,750.00,1511.40,425.21,1936.61,4601.62,4538.95,972.36,9394.99,88,arpi_synthetic_generator
SLE-00000351,2025-09-29,2025-09-29,GSA-002,VEH-0000733,CUS-00002201,EMP-00015,EMP-00014,EMP-00017,,New Retail,true,1,30645.58,30722.14,30967.82,30967.82,27521.48,99.00,750.00,2275.10,1675.69,3950.79,0.00,0.00,2222.69,28422.89,24,arpi_synthetic_generator
SLE-00000352,2025-09-29,2025-09-29,GSA-002,VEH-0000770,CUS-00002024,EMP-00015,EMP-00013,EMP-00017,,Certified Retail,true,1,4547.94,,4981.57,4812.20,2707.86,1024.04,750.00,66.04,744.69,810.73,0.00,0.00,4210.15,337.79,77,arpi_synthetic_generator
SLE-00000353,2025-09-30,2025-09-30,GSA-001,VEH-0000169,CUS-00000719,EMP-00012,EMP-00002,EMP-00005,,Certified Retail,true,1,44706.44,,46181.13,45396.05,31043.79,3313.08,795.00,9554.57,2802.84,12357.41,0.00,0.00,6923.13,37783.31,54,arpi_synthetic_generator
SLE-00000354,2025-09-30,2025-10-02,GSA-001,VEH-0000337,CUS-00001945,EMP-00012,EMP-00002,EMP-00005,,Used Retail,true,1,39266.79,,41454.69,41454.69,32570.81,1562.86,795.00,4338.12,1259.03,5597.15,5442.44,5071.58,5141.39,28682.96,26,arpi_synthetic_generator
SLE-00000355,2025-09-30,2025-09-30,GSA-002,VEH-0000412,,EMP-00015,EMP-00014,,,Wholesale,false,1,4109.40,,5529.26,5341.27,2962.85,1090.34,750.00,-693.79,0.00,-693.79,0.00,0.00,0.00,0.00,70,arpi_synthetic_generator
SLE-00000356,2025-10-01,2025-10-04,GSA-002,VEH-0000317,CUS-00002219,EMP-00016,EMP-00013,EMP-00017,,New Retail,true,1,39127.04,39946.57,40285.44,40285.44,35998.21,100.00,750.00,2278.83,1090.13,3368.96,8096.77,7606.34,3299.31,0.00,23,arpi_synthetic_generator
SLE-00000357,2025-10-01,2025-10-01,GSA-003,VEH-0000342,,EMP-00025,EMP-00024,,,Dealer Trade,false,1,11587.33,,14258.05,13288.50,8684.12,2577.87,495.00,-169.66,0.00,-169.66,0.00,0.00,0.00,0.00,132,arpi_synthetic_generator
SLE-00000358,2025-10-01,2025-10-01,GSA-003,VEH-0000583,CUS-00001523,EMP-00027,EMP-00024,EMP-00028,,Used Retail,true,1,5350.28,,6142.97,5620.82,3499.46,1229.86,495.00,125.96,1658.49,1784.45,0.00,0.00,5350.28,0.00,160,arpi_synthetic_generator
SLE-00000359,2025-10-01,2025-10-01,GSA-003,VEH-0000676,CUS-00002363,EMP-00029,EMP-00030,EMP-00028,,Used Retail,true,1,19225.18,,21742.83,20633.95,15132.33,1161.22,495.00,2436.63,1887.25,4323.88,4382.13,3921.65,2528.12,12314.93,95,arpi_synthetic_generator
SLE-00000360,2025-10-01,2025-10-02,GSA-003,VEH-0000689,CUS-00002243,EMP-00025,EMP-00030,EMP-00028,,Used Retail,true,1,29620.04,,30341.45,30341.45,23835.61,1102.87,495.00,4186.56,843.64,5030.20,7927.63,7283.92,5223.48,16468.93,14,arpi_synthetic_generator
SLE-00000361,2025-10-01,2025-10-02,GSA-001,VEH-0000731,CUS-00000086,EMP-00012,EMP-00001,EMP-00005,,New Retail,true,1,38064.67,39745.97,39931.23,39571.85,35864.78,148.00,795.00,1256.89,929.46,2186.35,0.00,0.00,1811.14,0.00,32,arpi_synthetic_generator
SLE-00000362,2025-10-02,2025-10-02,GSA-002,VEH-0000408,CUS-00002455,EMP-00015,EMP-00023,EMP-00017,,Used Retail,true,1,34659.45,,38443.29,36482.68,31024.63,1126.71,750.00,1758.11,1556.85,3314.96,6191.36,5765.63,2607.48,25860.61,98,arpi_synthetic_generator
SLE-00000363,2025-10-03,2025-10-04,GSA-001,VEH-0000445,CUS-00001482,EMP-00007,EMP-00001,EMP-00005,,Lease,true,1,35597.98,37348.77,37276.84,36605.86,33560.19,151.00,795.00,1091.79,2516.59,3608.38,0.00,0.00,3391.17,32206.81,86,arpi_synthetic_generator
SLE-00000364,2025-10-03,2025-10-03,GSA-001,VEH-0000585,,EMP-00012,EMP-00001,,,Dealer Trade,false,1,40259.06,40042.10,39981.04,38901.55,36460.09,56.00,795.00,2947.97,0.00,2947.97,0.00,0.00,0.00,0.00,119,arpi_synthetic_generator
SLE-00000365,2025-10-03,2025-10-08,GSA-003,VEH-0000601,CUS-00001704,EMP-00029,EMP-00030,EMP-00028,,Used Retail,true,1,13285.70,,13918.50,13445.27,10005.39,1116.97,495.00,1668.34,654.08,2322.42,0.00,0.00,5237.09,8048.61,73,arpi_synthetic_generator
SLE-00000366,2025-10-03,2025-10-04,GSA-003,VEH-0000613,CUS-00000861,EMP-00026,EMP-00030,EMP-00028,,Used Retail,true,1,9034.05,,9644.38,9316.47,5164.32,1662.72,495.00,1712.01,988.60,2700.61,2029.68,1770.57,4104.62,2899.75,62,arpi_synthetic_generator
SLE-00000367,2025-10-03,2025-10-03,GSA-002,VEH-0000769,CUS-00001671,EMP-00016,EMP-00023,EMP-00017,,Lease,true,1,36083.03,39007.10,39416.91,37997.90,35259.34,162.00,750.00,-88.31,1429.35,1341.04,6155.98,5250.73,985.22,28941.83,146,arpi_synthetic_generator
SLE-00000368,2025-10-04,2025-10-05,GSA-001,VEH-0000437,CUS-00000249,EMP-00012,EMP-00001,EMP-00005,,Used Retail,true,1,13360.66,,14802.12,14047.21,9513.30,1861.57,795.00,1190.79,1748.04,2938.83,4992.63,4729.05,4179.20,4188.83,99,arpi_synthetic_generator
SLE-00000369,2025-10-04,2025-10-05,GSA-002,VEH-0000663,,EMP-00018,EMP-00013,,,Wholesale,false,1,24577.34,29889.21,30057.90,28975.82,27389.25,15.00,750.00,-3576.91,0.00,-3576.91,0.00,0.00,0.00,0.00,142,arpi_synthetic_generator
SLE-00000370,2025-10-04,2025-10-04,GSA-001,VEH-0000690,CUS-00001030,EMP-00006,EMP-00001,EMP-00005,,Certified Retail,true,1,16798.83,,19046.50,18075.13,13180.67,1347.22,795.00,1475.94,1483.45,2959.39,4911.97,4458.33,958.05,10928.81,117,arpi_synthetic_generator
SLE-00000371,2025-10-04,2025-10-04,GSA-001,VEH-0000711,CUS-00001149,EMP-00003,EMP-00001,EMP-00005,,Used Retail,true,1,42932.17,,45241.20,45241.20,31866.86,2171.50,795.00,8098.81,1970.77,10069.58,10828.38,10272.94,4547.13,0.00,4,arpi_synthetic_generator
SLE-00000372,2025-10-04,2025-10-04,GSA-003,VEH-0000760,CUS-00002255,EMP-00029,EMP-00024,EMP-00028,,Used Retail,true,1,9425.10,,9972.22,9633.16,5931.05,1862.07,495.00,1136.98,1884.77,3021.75,0.00,0.00,1842.02,0.00,66,arpi_synthetic_generator
SLE-00000373,2025-10-04,2025-10-04,GSA-002,VEH-0000780,CUS-00000537,EMP-00016,EMP-00013,EMP-00017,,Lease,true,1,13349.34,,15490.40,14173.72,9481.42,2785.17,750.00,332.75,514.30,847.05,0.00,0.00,2019.59,11329.75,178,arpi_synthetic_generator
SLE-00000374,2025-10-04,2025-10-04,GSA-003,VEH-0000844,,EMP-00025,EMP-00024,,,Wholesale,false,1,19945.79,,28340.15,28340.15,20286.82,1663.47,495.00,-2499.50,0.00,-2499.50,0.00,0.00,0.00,0.00,8,arpi_synthetic_generator
SLE-00000375,2025-10-04,2025-10-05,GSA-002,VEH-0000882,CUS-00001452,EMP-00016,EMP-00013,EMP-00017,,Used Retail,true,1,20869.10,,23009.69,22227.36,16959.76,1313.66,750.00,1845.68,1399.53,3245.21,0.00,0.00,2719.95,0.00,64,arpi_synthetic_generator
SLE-00000376,2025-10-04,2025-10-04,GSA-002,VEH-0000884,CUS-00001746,EMP-00018,EMP-00014,EMP-00017,,New Retail,true,1,23372.99,24686.18,24996.56,24771.59,22778.88,66.00,750.00,-221.89,635.95,414.06,10269.43,8843.24,6579.99,6523.57,54,arpi_synthetic_generator
SLE-00000377,2025-10-05,2025-10-10,GSA-001,VEH-0000106,CUS-00001117,EMP-00010,EMP-00008,EMP-00005,,Used Retail,true,1,36019.44,,37599.78,36960.58,27113.48,2302.62,795.00,5808.34,755.40,6563.74,0.00,0.00,2041.91,33977.53,58,arpi_synthetic_generator
SLE-00000378,2025-10-06,2025-10-09,GSA-002,VEH-0000146,CUS-00000355,EMP-00016,EMP-00013,EMP-00017,,New Retail,true,1,36958.12,38859.98,38998.67,38296.69,35824.47,119.00,750.00,264.65,1947.39,2212.04,8594.55,8146.05,1292.55,0.00,75,arpi_synthetic_generator
SLE-00000379,2025-10-06,2025-10-07,GSA-002,VEH-0000435,CUS-00001070,EMP-00016,EMP-00014,EMP-00017,,Certified Retail,true,1,5369.50,,5711.56,5711.56,3058.12,1115.11,750.00,446.27,831.63,1277.90,0.00,0.00,610.28,0.00,11,arpi_synthetic_generator
SLE-00000380,2025-10-06,2025-10-06,GSA-001,VEH-0000436,CUS-00000100,EMP-00012,EMP-00002,EMP-00005,,New Retail,true,1,35192.74,38702.62,38962.04,37559.41,35164.31,30.00,795.00,-796.57,180.60,-615.97,0.00,0.00,3142.51,32050.23,129,arpi_synthetic_generator
SLE-00000381,2025-10-06,2025-10-06,GSA-003,VEH-0000574,,EMP-00029,EMP-00024,,,Dealer Trade,false,1,34389.19,,42848.67,42120.24,32644.47,624.71,495.00,625.01,0.00,625.01,0.00,0.00,0.00,0.00,38,arpi_synthetic_generator
SLE-00000382,2025-10-06,2025-10-09,GSA-001,VEH-0000640,CUS-00002443,EMP-00003,EMP-00002,EMP-00005,,New Retail,true,1,38059.21,37993.93,38674.55,38326.48,34691.31,120.00,795.00,2452.90,2860.86,5313.76,0.00,0.00,5939.05,32120.16,34,arpi_synthetic_generator
SLE-00000383,2025-10-07,2025-10-07,GSA-001,VEH-0000441,CUS-00001063,EMP-00010,EMP-00001,EMP-00005,,Used Retail,true,1,7945.40,,8381.82,8381.82,5146.63,1658.12,795.00,345.65,816.39,1162.04,0.00,0.00,5679.11,2266.29,8,arpi_synthetic_generator
SLE-00000384,2025-10-07,2025-10-07,GSA-001,VEH-0000479,CUS-00001040,EMP-00003,EMP-00008,EMP-00005,,Used Retail,true,1,27972.05,,29783.45,28770.81,21708.29,1398.43,795.00,4070.33,1147.75,5218.08,0.00,0.00,7820.14,20151.91,82,arpi_synthetic_generator
SLE-00000385,2025-10-07,2025-10-07,GSA-003,VEH-0000612,,EMP-00025,EMP-00030,,,Wholesale,false,1,5726.85,,8062.62,7925.56,4881.74,908.36,495.00,-558.25,0.00,-558.25,0.00,0.00,0.00,0.00,49,arpi_synthetic_generator
SLE-00000386,2025-10-08,2025-10-08,GSA-001,VEH-0000647,CUS-00001803,EMP-00012,EMP-00008,EMP-00005,,Certified Retail,true,1,10088.52,,11014.95,10640.44,6529.56,2017.69,795.00,746.27,1586.22,2332.49,0.00,0.00,2506.13,0.00,81,arpi_synthetic_generator
SLE-00000387,2025-10-08,2025-10-08,GSA-002,VEH-0000788,CUS-00002457,EMP-00015,EMP-00013,EMP-00017,,New Retail,true,1,38372.80,39589.11,40359.47,39996.23,36456.70,152.00,750.00,1014.10,2780.28,3794.38,0.00,0.00,3167.65,35205.15,37,arpi_synthetic_generator
SLE-00000388,2025-10-10,2025-10-10,GSA-002,VEH-0000056,,EMP-00016,EMP-00023,,,Dealer Trade,false,1,32645.26,,39338.61,39338.61,28986.79,1925.91,750.00,982.56,0.00,982.56,0.00,0.00,0.00,0.00,10,arpi_synthetic_generator
SLE-00000389,2025-10-10,2025-10-13,GSA-001,VEH-0000318,,EMP-00003,EMP-00002,,,Dealer Trade,false,1,33381.38,38296.56,38481.88,37789.21,34770.79,145.00,795.00,-2329.41,0.00,-2329.41,0.00,0.00,0.00,0.00,78,arpi_synthetic_generator
SLE-00000390,2025-10-11,2025-10-11,GSA-002,VEH-0000119,CUS-00000644,EMP-00015,EMP-00013,EMP-00017,,New Retail,true,1,36889.86,39685.01,39786.41,39428.33,36689.31,114.00,750.00,-663.45,2547.67,1884.22,0.00,0.00,3009.09,33880.77,51,arpi_synthetic_generator
SLE-00000391,2025-10-11,2025-10-12,GSA-001,VEH-0000552,CUS-00000747,EMP-00012,EMP-00002,EMP-00005,,New Retail,true,1,37042.11,37504.79,38194.05,38194.05,34237.45,130.00,795.00,1879.66,1198.68,3078.34,0.00,0.00,7826.02,29216.09,23,arpi_synthetic_generator
SLE-00000392,2025-10-11,2025-10-11,GSA-003,VEH-0000680,CUS-00000795,EMP-00025,EMP-00024,EMP-00028,,Used Retail,true,1,13554.47,,14351.80,14107.82,9275.84,982.25,495.00,2801.38,248.53,3049.91,0.00,0.00,3341.48,10212.99,58,arpi_synthetic_generator
SLE-00000393,2025-10-11,2025-10-14,GSA-003,VEH-0000891,CUS-00001738,EMP-00025,EMP-00024,EMP-00028,,Used Retail,true,1,39690.76,,44050.22,42552.51,31540.25,914.29,495.00,6741.22,1943.62,8684.84,6480.56,6124.52,4900.23,28309.97,84,arpi_synthetic_generator
SLE-00000394,2025-10-13,2025-10-13,GSA-001,VEH-0000121,CUS-00002060,EMP-00007,EMP-00001,EMP-00005,,New Retail,true,1,35972.28,38997.68,38931.03,38580.65,35038.17,151.00,795.00,-11.89,1199.38,1187.49,0.00,0.00,4577.43,31394.85,44,arpi_synthetic_generator
SLE-00000395,2025-10-13,2025-10-16,GSA-001,VEH-0000147,CUS-00001950,EMP-00006,EMP-00002,EMP-00005,,Used Retail,true,1,36329.34,,38173.28,38173.28,29984.24,1015.81,795.00,4534.29,1955.07,6489.36,0.00,0.00,3675.87,0.00,24,arpi_synthetic_generator
SLE-00000396,2025-10-13,2025-10-13,GSA-002,VEH-0000431,CUS-00001450,EMP-00016,EMP-00023,EMP-00017,,Used Retail,true,1,14038.34,,16122.96,15300.69,10205.25,2062.77,750.00,1020.32,968.68,1989.00,2814.69,2595.58,1433.81,9789.84,94,arpi_synthetic_generator
SLE-00000397,2025-10-13,2025-10-13,GSA-001,VEH-0000584,CUS-00002174,EMP-00006,EMP-00001,EMP-00005,,Used Retail,true,1,18062.56,,18882.34,18561.34,11560.52,2572.31,795.00,3134.73,1444.56,4579.29,8530.51,7631.09,7195.71,2336.34,55,arpi_synthetic_generator
SLE-00000398,2025-10-14,2025-10-16,GSA-001,VEH-0000062,CUS-00001665,EMP-00003,EMP-00001,EMP-00005,,Lease,true,1,38068.76,38888.90,39442.17,39087.19,35644.20,151.00,795.00,1478.56,1150.01,2628.57,13165.55,10811.15,1708.22,23194.99,33,arpi_synthetic_generator
SLE-00000399,2025-10-14,2025-10-19,GSA-001,VEH-0000091,CUS-00001758,EMP-00003,EMP-00008,EMP-00005,,New Retail,true,1,37908.58,39690.71,40070.43,40070.43,35960.54,81.00,795.00,1072.04,1016.85,2088.89,9064.22,8444.55,2673.22,26171.14,25,arpi_synthetic_generator
SLE-00000400,2025-10-14,2025-10-15,GSA-002,VEH-0000787,CUS-00000329,EMP-00016,EMP-00023,EMP-00017,,Used Retail,true,1,17233.18,,18060.46,18060.46,12054.73,1722.47,750.00,2705.98,1561.74,4267.72,0.00,0.00,7382.32,9850.86,15,arpi_synthetic_generator
